venue,asset,kind,instrument,expiry,strike,cp,bid_coin,ask_coin,mark_coin,bid_usd,ask_usd,mark_iv,underlying,open_interest,volume,delta,vega,gamma,theta,funding_8h
deribit,BTC,option,BTC-28AUG26-110000-P,28AUG26,110000,P,0.663,0.784,0.72085537,42284.111220000006,50001.12096,65.75,63923.11,0.2,0.0,,,,,
deribit,BTC,option,BTC-25DEC26-40000-C,25DEC26,40000,C,0.392,0.3955,0.39363198,25000.56048,25223.77977,55.96,64838.8,250.9,0.0,,,,,
deribit,BTC,option,BTC-25DEC26-135000-P,25DEC26,135000,P,1.012,1.1625,1.08293291,64542.26328000001,74140.69275,46.71,64838.7,0.6,0.0,,,,,
deribit,BTC,option,BTC-4AUG26-65000-P,4AUG26,65000,P,0.013,0.0565,0.01986007,829.10022,3603.3971100000003,27.11,63749.12,0.2,0.4,-0.94521,3.0565,0.00015,-41.40974,
deribit,BTC,option,BTC-6AUG26-70000-P,6AUG26,70000,P,0.061,0.138,0.09778119,3890.39334,8801.21772,40.98,63768.39,0.0,0.0,-0.99567,0.69471,1e-05,-5.30957,
deribit,BTC,option,BTC-26MAR27-105000-C,26MAR27,105000,C,0.012,0.013,0.01272009,765.3232800000001,829.10022,40.1,65502.21,183.3,0.3,,,,,
deribit,BTC,option,BTC-26MAR27-100000-P,26MAR27,100000,P,0.54,0.5485,0.54322506,34439.547600000005,34981.65159,39.63,65502.04,12.1,0.0,,,,,
deribit,BTC,option,BTC-28AUG26-58000-P,28AUG26,58000,P,0.008,0.009,0.00844397,510.21552,573.9924599999999,38.6,63923.11,957.0,45.2,,,,,
deribit,BTC,option,BTC-5AUG26-62500-C,5AUG26,62500,C,0.019,0.025,0.02186302,1211.76186,1594.4235,32.29,63758.1,1.0,0.8,0.82908,10.99536,0.00018,-105.58524,
deribit,BTC,option,BTC-28AUG26-81000-P,28AUG26,81000,P,0.2245,0.3145,0.26750413,14317.923030000002,20057.84763,38.8,63923.11,0.1,0.0,,,,,
deribit,BTC,option,BTC-21AUG26-63000-C,21AUG26,63000,C,0.0345,0.036,0.03558283,2200.30443,2295.9698399999997,32.29,63881.99,15.4,10.3,0.59239,54.59056,9e-05,-49.84618,
deribit,BTC,option,BTC-25JUN27-130000-P,25JUN27,130000,P,0.969,1.0115,0.97253045,61799.85486,64510.37481000001,42.2,66250.24,0.1,0.0,,,,,
deribit,BTC,option,BTC-25DEC26-20000-P,25DEC26,20000,P,0.0016,0.0019,0.00173614,102.04310400000001,121.176186,87.76,64838.8,105.1,10.5,,,,,
deribit,BTC,option,BTC-21AUG26-70000-P,21AUG26,70000,P,0.0955,0.103,0.09820882,6090.697770000001,6569.02482,29.45,63881.67,0.0,0.0,-0.9156,21.76734,4e-05,-18.12554,
deribit,BTC,option,BTC-30OCT26-74000-C,30OCT26,74000,C,0.021,0.022,0.02156861,1339.3157400000002,1403.09268,34.92,64404.81,5.2,0.2,,,,,
deribit,BTC,option,BTC-28AUG26-46000-P,28AUG26,46000,P,0.0007,0.0009,0.00078448,44.643858,57.399246,59.48,63923.11,1350.1,103.9,,,,,
deribit,BTC,option,BTC-25JUN27-80000-C,25JUN27,80000,C,0.084,0.086,0.08485532,5357.262960000001,5484.8168399999995,40.93,66250.16,63.8,0.4,,,,,
deribit,BTC,option,BTC-26MAR27-140000-C,26MAR27,140000,C,0.0026,0.0031,0.0028523,165.820044,197.708514,44.02,65502.21,761.4,0.0,,,,,
deribit,BTC,option,BTC-7AUG26-67000-C,7AUG26,67000,C,0.0007,0.0009,0.000833,44.643858,57.399246,31.47,63783.84,1509.8,290.1,0.06304,7.93341,6e-05,-33.90201,
deribit,BTC,option,BTC-25DEC26-62000-C,25DEC26,62000,C,0.1205,0.1225,0.12150709,7685.12127,7812.67515,40.17,64838.8,255.1,0.1,,,,,
deribit,BTC,option,BTC-30OCT26-71000-P,30OCT26,71000,P,0.1335,0.1365,0.13469933,8514.22149,8705.552310000001,35.22,64404.81,0.0,0.0,,,,,
deribit,BTC,option,BTC-25JUN27-82000-C,25JUN27,82000,C,0.0765,0.0785,0.07729063,4878.93591,5006.4897900000005,40.82,66250.16,23.4,0.0,,,,,
deribit,BTC,option,BTC-5AUG26-61000-C,5AUG26,61000,C,0.013,0.077,0.04380142,829.10022,4910.82438,39.7,63758.1,0.0,0.0,0.95387,4.18769,6e-05,-49.44591,
deribit,BTC,option,BTC-25JUN27-110000-C,25JUN27,110000,C,0.0215,0.023,0.02192795,1371.2042099999999,1466.86962,40.97,66250.16,181.8,12.0,,,,,
deribit,BTC,option,BTC-25SEP26-30000-C,25SEP26,30000,C,0.532,0.534,0.53320571,33929.33208,34056.88596,86.54,64160.31,134.0,0.0,,,,,
deribit,BTC,option,BTC-4AUG26-62000-C,4AUG26,62000,C,0.0125,0.0545,0.02779718,797.21175,3475.84323,39.39,63749.12,0.4,0.4,0.95352,2.68115,9e-05,-52.82395,
deribit,BTC,option,BTC-21AUG26-53000-P,21AUG26,53000,P,0.0014,0.0017,0.00151225,89.287716,108.420798,48.14,63881.99,44.5,11.3,-0.03458,10.75944,1e-05,-14.64923,
deribit,BTC,option,BTC-25JUN27-85000-P,25JUN27,85000,P,0.3485,0.355,0.3502212,22226.26359,22640.8137,40.71,66250.16,5.5,0.0,,,,,
deribit,BTC,option,BTC-26MAR27-108000-C,26MAR27,108000,C,0.01,0.011,0.01070109,637.7694,701.54634,40.22,65502.04,56.9,0.0,,,,,
deribit,BTC,option,BTC-14AUG26-70000-C,14AUG26,70000,C,0.0007,0.0009,0.00082892,44.643858,57.399246,30.41,63828.84,1318.6,270.1,0.04055,9.51715,3e-05,-13.54386,
deribit,BTC,option,BTC-25SEP26-170000-C,25SEP26,170000,C,,0.0002,1.931e-05,0.0,12.755388000000002,71.81,64160.17,359.5,0.0,,,,,
deribit,BTC,option,BTC-25DEC26-60000-C,25DEC26,60000,C,0.138,0.141,0.13986392,8801.21772,8992.54854,40.83,64838.7,786.1,0.2,,,,,
deribit,BTC,option,BTC-25SEP26-190000-P,25SEP26,190000,P,1.8615,2.0685,1.96134646,118720.77381,131922.60038999998,72.99,64160.17,0.0,0.0,,,,,
deribit,BTC,option,BTC-28AUG26-73000-C,28AUG26,73000,C,0.0018,0.0021,0.00189809,114.798492,133.93157399999998,31.38,63923.28,1803.6,4.2,,,,,
deribit,BTC,option,BTC-5AUG26-63500-C,5AUG26,63500,C,0.0095,0.011,0.01007065,605.88093,701.54634,29.18,63758.56,6.1,7.3,0.59533,16.77655,0.00031,-145.63444,
deribit,BTC,option,BTC-26MAR27-55000-P,26MAR27,55000,P,0.0625,0.0645,0.06379929,3986.05875,4113.6126300000005,43.96,65502.21,1353.8,0.0,,,,,
deribit,BTC,option,BTC-25JUN27-150000-C,25JUN27,150000,C,0.005,0.006,0.0055077,318.8847,382.66164000000003,43.74,66250.16,88.4,0.4,,,,,
deribit,BTC,option,BTC-25SEP26-58000-C,25SEP26,58000,C,0.113,0.118,0.11642674,7206.794220000001,7525.67892,38.71,64160.31,460.8,0.0,,,,,
deribit,BTC,option,BTC-5AUG26-64000-C,5AUG26,64000,C,0.0055,0.0065,0.00588912,350.77317,414.55011,28.16,63758.56,20.1,18.1,0.43605,17.04967,0.00032,-142.78821,
deribit,BTC,option,BTC-30OCT26-54000-C,30OCT26,54000,C,0.1805,0.184,0.1823848,11511.73767,11734.95696,42.32,64404.81,0.0,0.0,,,,,
deribit,BTC,option,BTC-28AUG26-59000-P,28AUG26,59000,P,0.01,0.011,0.01074795,637.7694,701.54634,37.39,63923.11,840.3,13.4,,,,,
deribit,BTC,option,BTC-5AUG26-57000-C,5AUG26,57000,C,0.074,0.138,0.10610566,4719.49356,8801.21772,68.93,63758.1,0.0,0.0,0.99256,0.89077,1e-05,-18.25994,
deribit,BTC,option,BTC-30OCT26-82000-P,30OCT26,82000,P,0.277,0.2855,0.28028083,17666.21238,18208.31637,35.15,64404.81,0.0,0.0,,,,,
deribit,BTC,option,BTC-26MAR27-106000-P,26MAR27,106000,P,0.6265,0.636,0.63027443,39956.252909999996,40562.13384,40.15,65502.21,0.1,0.0,,,,,
deribit,BTC,option,BTC-4AUG26-62500-P,4AUG26,62500,P,0.0005,0.0007,0.00052209,31.88847,44.643858,32.86,63749.12,124.5,122.2,-0.07416,3.86753,0.00015,-29.67728,
deribit,BTC,option,BTC-4AUG26-68000-P,4AUG26,68000,P,0.031,0.105,0.06668095,1977.0851400000001,6696.5787,36.11,63749.12,0.0,0.0,-0.99998,0.00256,0.0,-0.04628,
deribit,BTC,option,BTC-28AUG26-105000-C,28AUG26,105000,C,,0.0001,7.719e-05,0.0,6.377694000000001,63.37,63923.11,169.2,0.5,,,,,
deribit,BTC,option,BTC-25SEP26-300000-P,25SEP26,300000,P,3.518,3.845,3.67580258,224367.27492,245222.33430000002,84.97,64160.31,0.0,0.0,,,,,
deribit,BTC,option,BTC-28AUG26-48000-C,28AUG26,48000,C,0.2465,0.2525,0.25020791,15721.01571,16103.67735,55.51,63923.28,37.5,0.0,,,,,
deribit,BTC,option,BTC-30OCT26-54000-P,30OCT26,54000,P,0.0205,0.0215,0.02084413,1307.4272700000001,1371.2042099999999,42.32,64404.81,6.6,0.5,,,,,
deribit,BTC,option,BTC-25DEC26-210000-P,25DEC26,210000,P,2.1295,2.358,2.23893288,135812.99373000002,150386.02452,58.2,64838.53,0.0,0.0,,,,,
deribit,BTC,option,BTC-25SEP26-35000-P,25SEP26,35000,P,0.0011,0.0013,0.0011881,70.154634,82.910022,74.43,64160.31,895.9,0.5,,,,,
deribit,BTC,option,BTC-25SEP26-64000-P,25SEP26,64000,P,0.051,0.052,0.05129032,3252.62394,3316.40088,34.73,64160.31,607.8,0.2,,,,,
deribit,BTC,option,BTC-4AUG26-64500-C,4AUG26,64500,C,0.0007,0.001,0.0008342,44.643858,63.77694,25.67,63749.12,135.3,99.4,0.16023,6.71161,0.00034,-60.46201,
deribit,BTC,option,BTC-25SEP26-135000-P,25SEP26,135000,P,1.033,1.1825,1.10428275,65881.57901999999,75416.23155000001,66.59,64160.17,11.5,0.0,,,,,
deribit,BTC,option,BTC-28AUG26-56000-P,28AUG26,56000,P,0.005,0.006,0.00540563,318.8847,382.66164000000003,41.59,63923.11,1059.5,126.3,,,,,
deribit,BTC,option,BTC-25DEC26-80000-C,25DEC26,80000,C,0.027,0.0275,0.02747123,1721.97738,1753.8658500000001,38.04,64838.8,8050.4,26.4,,,,,
deribit,BTC,option,BTC-25DEC26-105000-P,25DEC26,105000,P,0.619,0.631,0.62294006,39477.92586,40243.24914,40.41,64838.8,109.4,0.0,,,,,
deribit,BTC,option,BTC-25DEC26-200000-P,25DEC26,200000,P,1.981,2.1985,2.0847697,126342.11814,140213.60259000002,58.2,64838.53,0.0,0.0,,,,,
deribit,BTC,option,BTC-4AUG26-61500-C,4AUG26,61500,C,0.013,0.0685,0.03553131,829.10022,4368.72039,45.27,63749.12,0.0,0.0,0.97025,1.86256,5e-05,-42.16402,
deribit,BTC,option,BTC-30OCT26-64000-P,30OCT26,64000,P,0.068,0.0695,0.06876574,4336.8319200000005,4432.49733,36.92,64404.81,10.1,0.0,,,,,
deribit,BTC,option,BTC-30OCT26-75000-C,30OCT26,75000,C,0.018,0.019,0.01886908,1147.9849199999999,1211.76186,34.93,64404.81,19.0,4.6,,,,,
deribit,BTC,option,BTC-5AUG26-63000-C,5AUG26,63000,C,0.013,0.017,0.01546566,829.10022,1084.2079800000001,30.45,63758.56,115.2,114.1,0.73062,14.29859,0.00025,-129.47321,
deribit,BTC,option,BTC-25DEC26-170000-P,25DEC26,170000,P,1.5335,1.719,1.62215172,97801.93749000001,109632.55986000001,52.28,64838.7,0.0,0.0,,,,,
deribit,BTC,option,BTC-26MAR27-60000-C,26MAR27,60000,C,0.174,0.1765,0.17551086,11097.18756,11256.62991,42.38,65502.21,718.9,0.0,,,,,
deribit,BTC,option,BTC-28AUG26-63000-C,28AUG26,63000,C,0.041,0.0425,0.04184278,2614.8545400000003,2710.5199500000003,33.15,63923.28,979.8,97.9,,,,,
deribit,BTC,option,BTC-21AUG26-68000-C,21AUG26,68000,C,0.0055,0.006,0.00586791,350.77317,382.66164000000003,29.28,63881.99,1336.1,221.9,0.1751,36.26366,6e-05,-30.0314,
deribit,BTC,option,BTC-30OCT26-85000-C,30OCT26,85000,C,0.0045,0.0049,0.0047051,286.99622999999997,312.507006,35.52,64404.81,3.3,0.9,,,,,
deribit,BTC,option,BTC-30OCT26-66000-P,30OCT26,66000,P,0.084,0.0855,0.0848428,5357.262960000001,5452.9283700000005,36.31,64404.81,3.1,2.0,,,,,
deribit,BTC,option,BTC-7AUG26-68000-P,7AUG26,68000,P,0.0305,0.1055,0.06652013,1945.19667,6728.46717,33.96,63783.71,6.2,0.0,-0.96791,4.60975,3e-05,-21.25679,
deribit,BTC,option,BTC-25DEC26-72000-C,25DEC26,72000,C,0.054,0.0555,0.05492343,3443.95476,3539.62017,38.24,64838.8,1134.7,0.1,,,,,
deribit,BTC,option,BTC-25SEP26-78000-C,25SEP26,78000,C,0.0034,0.0036,0.00355507,216.841596,229.596984,33.03,64160.31,4495.0,70.6,,,,,
deribit,BTC,option,BTC-25DEC26-40000-P,25DEC26,40000,P,0.01,0.011,0.0105494,637.7694,701.54634,55.96,64838.8,4319.5,593.9,,,,,
deribit,BTC,option,BTC-25DEC26-135000-C,25DEC26,135000,C,0.0007,0.0008,0.00083373,44.643858,51.02155200000001,46.71,64838.8,1099.8,2.1,,,,,
deribit,BTC,option,BTC-6AUG26-64000-P,6AUG26,64000,P,0.0115,0.0125,0.01207699,733.43481,797.21175,29.63,63768.39,0.1,0.1,-0.54547,21.67096,0.00024,-119.77811,
deribit,BTC,option,BTC-4AUG26-63000-P,4AUG26,63000,P,0.0011,0.0014,0.00120412,70.154634,89.287716,29.45,63749.12,30.8,19.9,-0.16234,6.76911,0.0003,-68.89572,
deribit,BTC,option,BTC-7AUG26-64000-C,7AUG26,64000,C,0.0105,0.0115,0.01085377,669.6578700000001,733.43481,31.09,63783.84,686.6,9.2,0.4671,25.47593,0.0002,-107.57384,
deribit,BTC,option,BTC-5AUG26-67000-P,5AUG26,67000,P,0.016,0.089,0.05097718,1020.43104,5676.14766,33.33,63758.56,0.0,0.0,-0.98452,1.68427,3e-05,-16.6968,
deribit,BTC,option,BTC-28AUG26-66000-P,28AUG26,66000,P,0.0505,0.053,0.05159334,3220.7354700000005,3380.17782,31.15,63923.28,233.1,0.0,,,,,
deribit,BTC,option,BTC-30OCT26-76000-C,30OCT26,76000,C,0.016,0.017,0.01646992,1020.43104,1084.2079800000001,34.94,64404.81,17.5,2.5,,,,,
deribit,BTC,option,BTC-25DEC26-104000-P,25DEC26,104000,P,0.551,0.674,0.60781036,35141.093940000006,42985.65756000001,40.31,64838.7,0.1,0.0,,,,,
deribit,BTC,option,BTC-7AUG26-66000-P,7AUG26,66000,P,0.0345,0.041,0.03673256,2200.30443,2614.8545400000003,30.07,63783.84,61.0,1.2,-0.86556,13.87256,0.00011,-56.64491,
deribit,BTC,option,BTC-4AUG26-56000-C,4AUG26,56000,C,0.09,0.151,0.12155693,5739.9246,9630.31794,66.15,63749.12,0.0,0.0,1.0,0.00031,0.0,-0.01035,
deribit,BTC,option,BTC-25JUN27-68000-P,25JUN27,68000,P,0.172,0.175,0.172965,10969.633679999999,11160.9645,42.03,66250.16,8.1,0.0,,,,,
deribit,BTC,option,BTC-25DEC26-85000-P,25DEC26,85000,P,0.3255,0.3335,0.3284519,20759.39397,21269.609490000003,38.09,64838.8,548.4,0.0,,,,,
deribit,BTC,option,BTC-25DEC26-84000-P,25DEC26,84000,P,0.312,0.3175,0.31467078,19898.40528,20249.17845,38.06,64838.8,47.1,0.0,,,,,
deribit,BTC,option,BTC-30OCT26-70000-C,30OCT26,70000,C,0.036,0.0375,0.03679656,2295.9698399999997,2391.63525,35.38,64404.81,38.5,0.2,,,,,
deribit,BTC,option,BTC-30OCT26-86000-C,30OCT26,86000,C,0.004,0.0043,0.00415414,255.10776,274.240842,35.73,64404.81,5.7,1.8,,,,,
deribit,BTC,option,BTC-25SEP26-84000-P,25SEP26,84000,P,0.3065,0.3165,0.31062306,19547.63211,20185.40151,35.85,64160.31,34.7,0.0,,,,,
deribit,BTC,option,BTC-4AUG26-57000-C,4AUG26,57000,C,0.073,0.1355,0.10587055,4655.71662,8641.775370000001,63.13,63749.12,0.0,0.0,0.99998,0.00205,0.0,-0.06469,
deribit,BTC,option,BTC-26MAR27-180000-P,26MAR27,180000,P,1.655,1.854,1.74905081,105550.83570000001,118242.44676,49.28,65502.21,0.0,0.0,,,,,
deribit,BTC,option,BTC-25JUN27-72000-C,25JUN27,72000,C,0.121,0.1235,0.12253994,7717.00974,7876.45209,41.55,66250.16,13.9,0.1,,,,,
deribit,BTC,option,BTC-14AUG26-68000-C,14AUG26,68000,C,0.0022,0.0026,0.00240756,140.309268,165.820044,28.86,63828.84,1770.5,704.8,0.10507,19.86828,6e-05,-26.83699,
deribit,BTC,option,BTC-14AUG26-59000-P,14AUG26,59000,P,0.0035,0.004,0.0037561,223.21929,255.10776,39.01,63828.84,3.7,1.7,-0.11192,20.7937,4e-05,-37.96693,
deribit,BTC,option,BTC-25JUN27-110000-P,25JUN27,110000,P,0.679,0.6885,0.68229279,43304.54226,43910.42319,40.97,66250.16,0.3,0.0,,,,,
deribit,BTC,option,BTC-25SEP26-150000-C,25SEP26,150000,C,,0.0002,9.116e-05,0.0,12.755388000000002,70.97,64160.17,736.7,0.0,,,,,
deribit,BTC,option,BTC-7AUG26-62000-P,7AUG26,62000,P,0.004,0.0045,0.00428173,255.10776,286.99622999999997,35.58,63783.84,1386.7,98.7,-0.20596,18.25654,0.00012,-88.23782,
deribit,BTC,option,BTC-25SEP26-165000-P,25SEP26,165000,P,1.485,1.6655,1.57172081,94708.7559,106220.49357,71.81,64160.31,0.0,0.0,,,,,
deribit,BTC,option,BTC-25SEP26-60000-C,25SEP26,60000,C,0.091,0.0945,0.09292498,5803.70154,6026.92083,37.19,64160.31,933.3,0.2,,,,,
deribit,BTC,option,BTC-25SEP26-110000-P,25SEP26,110000,P,0.7095,0.7225,0.7147121,45249.73893,46078.83915000001,52.06,64160.31,116.1,0.0,,,,,
deribit,BTC,option,BTC-21AUG26-60000-C,21AUG26,60000,C,0.0665,0.072,0.07005341,4241.16651,4591.9396799999995,35.88,63881.99,0.0,0.0,0.79835,39.56434,6e-05,-40.13781,
deribit,BTC,option,BTC-28AUG26-66000-C,28AUG26,66000,C,0.0185,0.02,0.01910969,1179.87339,1275.5388,31.15,63923.28,1451.2,155.4,,,,,
deribit,BTC,option,BTC-25DEC26-130000-C,25DEC26,130000,C,0.0008,0.0011,0.00094945,51.02155200000001,70.154634,45.35,64838.7,1571.3,0.0,,,,,
deribit,BTC,option,BTC-4AUG26-60000-P,4AUG26,60000,P,,0.0001,0.00010876,0.0,6.377694000000001,62.21,63749.12,181.1,207.8,-0.01095,0.79481,2e-05,-6.40224,
deribit,BTC,option,BTC-14AUG26-64000-P,14AUG26,64000,P,0.0215,0.023,0.02246082,1371.2042099999999,1466.86962,30.87,63828.84,117.0,24.4,-0.50768,43.564,0.00012,-62.94136,
deribit,BTC,option,BTC-25SEP26-240000-C,25SEP26,240000,C,,0.0002,2e-07,0.0,12.755388000000002,75.03,64160.31,220.1,0.0,,,,,
deribit,BTC,option,BTC-26MAR27-92000-C,26MAR27,92000,C,0.026,0.0275,0.02665861,1658.20044,1753.8658500000001,39.35,65502.21,127.3,0.0,,,,,
deribit,BTC,option,BTC-25JUN27-58000-P,25JUN27,58000,P,0.0985,0.1015,0.09996471,6282.028590000001,6473.359410000001,44.04,66250.16,15.5,0.0,,,,,
deribit,BTC,option,BTC-26MAR27-96000-P,26MAR27,96000,P,0.4835,0.4915,0.48665763,30836.15049,31346.36601,39.52,65502.21,1.6,0.0,,,,,
deribit,BTC,option,BTC-30OCT26-88000-C,30OCT26,88000,C,0.0031,0.0035,0.00325542,197.708514,223.21929,36.18,64404.81,2.2,1.2,,,,,
deribit,BTC,option,BTC-28AUG26-64000-P,28AUG26,64000,P,0.0335,0.0345,0.03421253,2136.5274900000004,2200.30443,32.39,63923.28,674.9,11.1,,,,,
deribit,BTC,option,BTC-6AUG26-67000-P,6AUG26,67000,P,0.0165,0.0895,0.05102252,1052.31951,5708.03613,30.99,63768.39,0.0,0.0,-0.96626,4.09976,4e-05,-23.684,
deribit,BTC,option,BTC-30OCT26-62000-C,30OCT26,62000,C,0.0905,0.093,0.09232001,5771.81307,5931.25542,37.65,64404.81,13.5,0.0,,,,,
deribit,BTC,option,BTC-25SEP26-115000-P,25SEP26,115000,P,0.7875,0.8015,0.7925716,50224.34025,51117.217410000005,54.09,64160.31,90.9,0.0,,,,,
deribit,BTC,option,BTC-25JUN27-74000-C,25JUN27,74000,C,0.1105,0.113,0.11192418,7047.35187,7206.794220000001,41.37,66250.16,13.3,0.6,,,,,
deribit,BTC,option,BTC-6AUG26-70000-C,6AUG26,70000,C,,0.0001,4.521e-05,0.0,6.377694000000001,40.98,63768.39,0.5,0.5,0.00431,0.69219,1e-05,-3.0677,
deribit,BTC,option,BTC-25JUN27-68000-C,25JUN27,68000,C,0.145,0.1475,0.14655641,9247.6563,9407.09865,42.03,66250.16,9.8,0.3,,,,,
deribit,BTC,option,BTC-4AUG26-63500-P,4AUG26,63500,P,0.0026,0.0032,0.00301759,165.820044,204.08620800000003,27.42,63749.12,27.2,9.6,-0.3483,10.18949,0.00049,-139.68039,
deribit,BTC,option,BTC-4AUG26-62000-P,4AUG26,62000,P,0.0003,0.0005,0.00035916,19.133081999999998,31.88847,39.39,63749.12,405.6,486.6,-0.04648,2.68115,9e-05,-20.66251,
deribit,BTC,option,BTC-25SEP26-75000-C,25SEP26,75000,C,0.006,0.007,0.00659427,382.66164000000003,446.43858,32.57,64160.31,3512.4,13.3,,,,,
deribit,BTC,option,BTC-5AUG26-57000-P,5AUG26,57000,P,,0.0002,0.0001222,0.0,12.755388000000002,68.93,63758.1,16.7,1.2,-0.00749,0.89619,1e-05,-7.40922,
deribit,BTC,option,BTC-28AUG26-83000-P,28AUG26,83000,P,0.2545,0.347,0.29872387,16231.231230000001,22130.59818,41.18,63923.11,0.1,0.0,,,,,
deribit,BTC,option,BTC-26MAR27-65000-P,26MAR27,65000,P,0.1255,0.128,0.12663926,8004.00597,8163.44832,41.12,65502.21,664.8,25.0,,,,,
deribit,BTC,option,BTC-30OCT26-57000-C,30OCT26,57000,C,0.1435,0.147,0.14518506,9151.99089,9375.21018,40.22,64404.81,0.0,0.0,,,,,
deribit,BTC,option,BTC-14AUG26-58000-C,14AUG26,58000,C,0.09,0.096,0.09399688,5739.9246,6122.5862400000005,41.15,63828.84,0.0,0.0,0.91917,16.36426,3e-05,-31.519,
deribit,BTC,option,BTC-25DEC26-210000-C,25DEC26,210000,C,,0.0003,0.00011194,0.0,19.133081999999998,58.2,64838.7,151.7,0.4,,,,,
deribit,BTC,option,BTC-25DEC26-92000-C,25DEC26,92000,C,0.009,0.01,0.009539,573.9924599999999,637.7694,38.61,64838.8,252.4,0.9,,,,,
deribit,BTC,option,BTC-7AUG26-64500-P,7AUG26,64500,P,0.018,0.0195,0.01864282,1147.9849199999999,1243.65033,30.32,63783.84,1.2,0.2,-0.63347,24.11866,0.00019,-99.3148,
deribit,BTC,option,BTC-25SEP26-240000-P,25SEP26,240000,P,2.6145,2.876,2.74064217,166744.80963,183422.47944,75.03,64160.31,0.0,0.0,,,,,
deribit,BTC,option,BTC-26MAR27-90000-C,26MAR27,90000,C,0.0295,0.031,0.03015317,1881.41973,1977.0851400000001,39.34,65502.21,506.9,0.5,,,,,
deribit,BTC,option,BTC-14AUG26-67000-P,14AUG26,67000,P,0.0515,0.0565,0.05403929,3284.51241,3603.3971100000003,28.85,63828.84,0.0,0.0,-0.82982,27.65547,8e-05,-37.34041,
deribit,BTC,option,BTC-25DEC26-86000-C,25DEC26,86000,C,0.0155,0.0165,0.01597802,988.5425700000001,1052.31951,38.11,64838.8,314.4,5.4,,,,,
deribit,BTC,option,BTC-25SEP26-95000-P,25SEP26,95000,P,0.477,0.4885,0.48111056,30421.60038,31155.03519,42.02,64160.31,147.6,0.0,,,,,
deribit,BTC,option,BTC-25JUN27-90000-P,25JUN27,90000,P,0.4095,0.417,0.41171523,26116.65693,26594.98398,40.59,66250.16,0.4,0.2,,,,,
deribit,BTC,option,BTC-30OCT26-68000-P,30OCT26,68000,P,0.102,0.105,0.10316901,6505.24788,6696.5787,35.79,64404.81,2.1,0.0,,,,,
deribit,BTC,option,BTC-21AUG26-72000-C,21AUG26,72000,C,0.001,0.0012,0.00114109,63.77694,76.53232799999999,30.9,63881.99,117.1,206.5,0.04249,12.7256,2e-05,-11.11862,
deribit,BTC,option,BTC-26MAR27-160000-P,26MAR27,160000,P,1.3605,1.539,1.44419818,86768.52687,98152.71066,46.39,65502.04,0.0,0.0,,,,,
deribit,BTC,option,BTC-25DEC26-74000-C,25DEC26,74000,C,0.0455,0.047,0.04626938,2901.85077,2997.51618,38.09,64838.8,146.2,0.2,,,,,
deribit,BTC,option,BTC-6AUG26-57000-P,6AUG26,57000,P,0.0001,0.0003,0.00017031,6.377694000000001,19.133081999999998,56.98,63768.39,0.3,0.3,-0.00983,1.43627,1e-05,-10.3743,
deribit,BTC,option,BTC-7AUG26-67000-P,7AUG26,67000,P,0.049,0.056,0.0512586,3125.07006,3571.50864,31.47,63783.84,54.4,0.0,-0.93696,7.93341,6e-05,-33.90201,
deribit,BTC,option,BTC-25SEP26-58000-P,25SEP26,58000,P,0.02,0.021,0.02041437,1275.5388,1339.3157400000002,38.71,64160.31,944.6,61.7,,,,,
deribit,BTC,option,BTC-25DEC26-54000-C,25DEC26,54000,C,0.203,0.206,0.2045782,12946.718820000002,13138.04964,43.61,64838.8,33.1,0.0,,,,,
deribit,BTC,option,BTC-5AUG26-61500-P,5AUG26,61500,P,0.0007,0.001,0.00082068,44.643858,63.77694,36.84,63758.56,45.2,35.0,-0.07006,5.81676,8e-05,-48.80954,
deribit,BTC,option,BTC-25DEC26-200000-C,25DEC26,200000,C,,0.0004,0.00017833,0.0,25.510776000000003,58.2,64838.53,951.4,0.0,,,,,
deribit,BTC,option,BTC-6AUG26-63000-C,6AUG26,63000,C,0.017,0.0185,0.01774652,1084.2079800000001,1179.87339,31.38,63768.39,27.1,28.3,0.68407,19.44753,0.00021,-113.79668,
deribit,BTC,option,BTC-25SEP26-320000-C,25SEP26,320000,C,,0.0001,5e-08,0.0,6.377694000000001,85.42,64160.31,276.6,0.0,,,,,
deribit,BTC,option,BTC-25JUN27-72000-P,25JUN27,72000,P,0.2085,0.2125,0.2093255,13297.49199,13552.59975,41.55,66250.16,1.3,0.0,,,,,
deribit,BTC,option,BTC-21AUG26-64000-P,21AUG26,64000,P,0.028,0.029,0.02853642,1785.75432,1849.5312600000002,31.41,63881.99,27.7,0.4,-0.49583,56.09872,9e-05,-49.8217,
deribit,BTC,option,BTC-25DEC26-45000-C,25DEC26,45000,C,0.32,0.324,0.32232862,20408.6208,20663.728560000003,50.68,64838.8,54.3,0.0,,,,,
deribit,BTC,option,BTC-5AUG26-58000-C,5AUG26,58000,C,0.0575,0.1225,0.0904478,3667.17405,7812.67515,60.91,63758.1,0.0,0.0,0.99008,1.14614,1e-05,-20.76048,
deribit,BTC,option,BTC-21AUG26-58000-C,21AUG26,58000,C,0.095,0.099,0.09740637,6058.8093,6313.917060000001,39.01,63881.99,0.0,0.0,0.879,28.29601,4e-05,-31.21546,
deribit,BTC,option,BTC-25JUN27-70000-C,25JUN27,70000,C,0.1325,0.135,0.13407668,8450.44455,8609.886900000001,41.77,66250.16,186.5,0.1,,,,,
deribit,BTC,option,BTC-21AUG26-61000-C,21AUG26,61000,C,0.055,0.0595,0.05743804,3507.7317000000003,3794.72793,34.47,63881.67,2.0,1.0,0.74169,45.46086,7e-05,-44.32814,
deribit,BTC,option,BTC-6AUG26-62000-C,6AUG26,62000,C,0.0265,0.038,0.03039757,1690.08891,2423.52372,34.56,63768.39,9.1,9.3,0.83702,13.4665,0.00013,-86.78803,
deribit,BTC,option,BTC-25DEC26-68000-P,25DEC26,68000,P,0.1245,0.127,0.12537685,7940.22903,8099.671380000001,38.75,64838.8,354.9,1.0,,,,,
deribit,BTC,option,BTC-25DEC26-115000-P,25DEC26,115000,P,0.715,0.846,0.77562456,45600.5121,53955.29124,42.48,64838.7,0.7,0.0,,,,,
deribit,BTC,option,BTC-26MAR27-98000-P,26MAR27,98000,P,0.5115,0.5195,0.51471324,32621.90481,33132.12033,39.52,65502.21,0.2,0.0,,,,,
deribit,BTC,option,BTC-28AUG26-100000-P,28AUG26,100000,P,0.5115,0.6225,0.56451491,32621.90481,39701.145150000004,61.08,63923.11,0.4,0.0,,,,,
deribit,BTC,option,BTC-25JUN27-78000-P,25JUN27,78000,P,0.269,0.2745,0.27052914,17155.996860000003,17506.770030000003,41.08,66250.16,0.4,0.0,,,,,
deribit,BTC,option,BTC-30OCT26-48000-P,30OCT26,48000,P,0.01,0.011,0.0104159,637.7694,701.54634,48.23,64404.81,111.0,4.4,,,,,
deribit,BTC,option,BTC-7AUG26-70000-C,7AUG26,70000,C,0.0001,0.0002,0.00015166,6.377694000000001,12.755388000000002,40.15,63783.84,6618.0,89.9,0.01134,1.90492,1e-05,-10.0424,
deribit,BTC,option,BTC-25SEP26-84000-C,25SEP26,84000,C,0.0013,0.0015,0.0013996,82.910022,95.66541000000001,35.85,64160.31,1522.6,3.0,,,,,
deribit,BTC,option,BTC-25DEC26-102000-P,25DEC26,102000,P,0.522,0.643,0.57748629,33291.56268,41008.572420000004,39.9,64838.7,7.8,0.0,,,,,
deribit,BTC,option,BTC-4AUG26-58000-P,4AUG26,58000,P,,0.0001,1.74e-06,0.0,6.377694000000001,63.13,63749.12,56.1,6.4,-0.00023,0.0235,0.0,-0.10067,
deribit,BTC,option,BTC-25JUN27-120000-C,25JUN27,120000,C,0.014,0.0155,0.01480914,892.87716,988.5425700000001,41.56,66250.16,106.2,5.0,,,,,
deribit,BTC,option,BTC-4AUG26-61500-P,4AUG26,61500,P,0.0002,0.0004,0.00025005,12.755388000000002,25.510776000000003,45.27,63749.12,369.4,191.4,-0.03016,1.88337,5e-05,-14.47673,
deribit,BTC,option,BTC-25SEP26-165000-C,25SEP26,165000,C,,0.0002,2.946e-05,0.0,12.755388000000002,71.81,64160.31,184.2,0.0,,,,,
deribit,BTC,option,BTC-28AUG26-98000-P,28AUG26,98000,P,0.4815,0.59,0.53323072,30708.59661,37628.3946,58.77,63923.11,0.0,0.0,,,,,
deribit,BTC,option,BTC-25SEP26-65000-P,25SEP26,65000,P,0.0585,0.0595,0.05904235,3730.9509900000003,3794.72793,34.27,64160.31,644.3,4.0,,,,,
deribit,BTC,option,BTC-5AUG26-58000-P,5AUG26,58000,P,,0.0003,0.00014884,0.0,19.133081999999998,60.91,63758.1,66.0,15.7,-0.01,1.15371,1e-05,-8.97978,
deribit,BTC,option,BTC-26MAR27-170000-P,26MAR27,170000,P,1.5075,1.6955,1.59645963,96143.73705000001,108133.80177,47.29,65502.21,0.1,0.0,,,,,
deribit,BTC,option,BTC-14AUG26-80000-C,14AUG26,80000,C,0.0001,0.0002,0.00014766,6.377694000000001,12.755388000000002,50.98,63828.54,900.4,8.4,0.0055,1.71777,0.0,-4.0989,
deribit,BTC,option,BTC-25SEP26-160000-P,25SEP26,160000,P,1.41,1.585,1.49380631,89925.4854,101086.4499,71.81,64160.31,0.6,0.0,,,,,
deribit,BTC,option,BTC-25SEP26-80000-P,25SEP26,80000,P,0.2465,0.2555,0.24937491,15721.01571,16295.008170000001,33.78,64160.31,613.0,0.0,,,,,
deribit,BTC,option,BTC-6AUG26-60500-C,6AUG26,60500,C,0.048,0.0765,0.05216748,3061.2931200000003,4878.93591,40.2,63768.39,0.0,0.0,0.94102,6.42764,5e-05,-48.18905,
deribit,BTC,option,BTC-6AUG26-60500-P,6AUG26,60500,P,0.0008,0.0011,0.00092501,51.02155200000001,70.154634,40.2,63768.39,2.3,2.3,-0.05992,6.50651,5e-05,-48.78346,
deribit,BTC,option,BTC-21AUG26-56000-P,21AUG26,56000,P,0.0029,0.0034,0.00313373,184.953126,216.841596,42.43,63881.99,14.5,10.7,-0.07232,19.36059,2e-05,-23.23035,
deribit,BTC,option,BTC-6AUG26-65000-C,6AUG26,65000,C,0.0029,0.0033,0.00309734,184.953126,210.46390200000002,28.68,63768.39,61.8,66.0,0.22662,16.46484,0.00019,-88.05444,
deribit,BTC,option,BTC-4AUG26-56000-P,4AUG26,56000,P,,0.0001,2e-08,0.0,6.377694000000001,66.15,63749.12,7.2,0.0,0.0,0.00031,0.0,-0.00089,
deribit,BTC,option,BTC-25SEP26-180000-C,25SEP26,180000,C,,0.0002,8.35e-06,0.0,12.755388000000002,71.81,64160.31,748.1,0.0,,,,,
deribit,BTC,option,BTC-4AUG26-66000-C,4AUG26,66000,C,,0.0001,6.544e-05,0.0,6.377694000000001,35.62,63749.12,53.5,20.5,0.0137,0.96521,4e-05,-4.79033,
deribit,BTC,option,BTC-26MAR27-90000-P,26MAR27,90000,P,0.4015,0.408,0.40414045,25606.441410000003,26020.99152,39.34,65502.04,14.1,0.0,,,,,
deribit,BTC,option,BTC-5AUG26-65000-C,5AUG26,65000,C,0.0012,0.0016,0.00140474,76.53232799999999,102.04310400000001,27.08,63758.56,131.1,117.9,0.15585,10.35403,0.0002,-83.395,
deribit,BTC,option,BTC-30OCT26-80000-P,30OCT26,80000,P,0.2485,0.2565,0.25150609,15848.569590000001,16358.78511,34.98,64404.81,0.5,0.0,,,,,
deribit,BTC,option,BTC-26MAR27-54000-P,26MAR27,54000,P,0.058,0.06,0.0592,3699.0625200000004,3826.6164,44.35,65502.21,58.7,0.0,,,,,
deribit,BTC,option,BTC-6AUG26-63500-C,6AUG26,63500,C,0.012,0.0135,0.01266618,765.3232800000001,860.98869,30.58,63768.39,3.0,2.8,0.57495,21.42649,0.00023,-122.17537,
deribit,BTC,option,BTC-28AUG26-90000-C,28AUG26,90000,C,0.0001,0.0003,0.0001837,6.377694000000001,19.133081999999998,49.45,63923.11,330.2,0.7,,,,,
deribit,BTC,option,BTC-26MAR27-60000-P,26MAR27,60000,P,0.0905,0.0925,0.09150238,5771.81307,5899.3669500000005,42.38,65502.21,619.1,0.2,,,,,
deribit,BTC,option,BTC-25DEC26-65000-C,25DEC26,65000,C,0.096,0.098,0.09710517,6122.5862400000005,6250.14012,39.34,64838.8,663.1,0.0,,,,,
deribit,BTC,option,BTC-7AUG26-71000-C,7AUG26,71000,C,,0.0002,0.00010816,0.0,12.755388000000002,43.58,63783.71,1373.6,0.2,0.00776,1.36764,1e-05,-7.10169,
deribit,BTC,option,BTC-28AUG26-53000-C,28AUG26,53000,C,0.17,0.176,0.17373313,10842.079800000001,11224.74144,46.41,63923.28,10.9,0.0,,,,,
deribit,BTC,option,BTC-25DEC26-190000-C,25DEC26,190000,C,0.0001,0.0003,0.00019781,6.377694000000001,19.133081999999998,56.36,64838.7,990.5,0.0,,,,,
deribit,BTC,option,BTC-25SEP26-105000-P,25SEP26,105000,P,0.632,0.6455,0.63685931,40307.02608,41168.01477,49.5,64160.31,104.6,0.0,,,,,
deribit,BTC,option,BTC-5AUG26-56000-C,5AUG26,56000,C,0.09,0.153,0.12174398,5739.9246,9757.87182,74.36,63758.1,0.0,0.0,0.99549,0.57095,0.0,-12.62676,
deribit,BTC,option,BTC-25DEC26-230000-P,25DEC26,230000,P,2.4275,2.6775,2.54739864,154818.52185000002,170762.75685000003,62.41,64838.7,0.0,0.0,,,,,
deribit,BTC,option,BTC-25SEP26-72000-C,25SEP26,72000,C,0.012,0.0125,0.01219218,765.3232800000001,797.21175,32.37,64160.31,2653.1,7.2,,,,,
deribit,BTC,option,BTC-25SEP26-130000-P,25SEP26,130000,P,0.958,1.1015,1.02636255,61098.30852,70250.29940999999,63.93,64160.31,21.4,0.0,,,,,
deribit,BTC,option,BTC-25SEP26-70000-P,25SEP26,70000,P,0.1075,0.1135,0.10938226,6856.02105,7238.682690000001,32.6,64160.31,1519.2,0.0,,,,,
deribit,BTC,option,BTC-26MAR27-150000-C,26MAR27,150000,C,0.002,0.0024,0.0021417,127.55388,153.06465599999999,45.42,65502.21,1900.1,1.3,,,,,
deribit,BTC,option,BTC-25DEC26-45000-P,25DEC26,45000,P,0.016,0.0165,0.01636062,1020.43104,1052.31951,50.68,64838.7,2938.8,21.5,,,,,
deribit,BTC,option,BTC-30OCT26-67000-P,30OCT26,67000,P,0.0925,0.0955,0.09370917,5899.3669500000005,6090.697770000001,36.03,64404.81,9.9,0.0,,,,,
deribit,BTC,option,BTC-25JUN27-60000-C,25JUN27,60000,C,0.2045,0.2075,0.20701397,13042.38423,13233.71505,43.59,66250.16,943.4,0.0,,,,,
deribit,BTC,option,BTC-14AUG26-50000-P,14AUG26,50000,P,0.0003,0.0005,0.00038047,19.133081999999998,31.88847,62.89,63828.84,143.5,0.2,-0.01001,2.91304,0.0,-8.57669,
deribit,BTC,option,BTC-7AUG26-53000-C,7AUG26,53000,C,0.1385,0.1995,0.16923401,8833.10619,12723.499530000001,75.77,63783.71,0.0,0.0,0.99338,1.18886,0.0,-12.23579,
deribit,BTC,option,BTC-21AUG26-67000-C,21AUG26,67000,C,0.0085,0.0095,0.00886107,542.1039900000001,605.88093,29.35,63881.67,836.2,296.3,0.24141,43.85835,8e-05,-36.40892,
deribit,BTC,option,BTC-30OCT26-59000-C,30OCT26,59000,C,0.1205,0.124,0.12249059,7685.12127,7908.340560000001,39.05,64404.81,1.0,0.0,,,,,
deribit,BTC,option,BTC-25SEP26-220000-C,25SEP26,220000,C,,0.0002,4.6e-07,0.0,12.755388000000002,72.99,64160.17,230.1,0.0,,,,,
deribit,BTC,option,BTC-26MAR27-106000-C,26MAR27,106000,C,0.0115,0.012,0.01202275,733.43481,765.3232800000001,40.15,65502.21,42.7,0.5,,,,,
deribit,BTC,option,BTC-30OCT26-48000-C,30OCT26,48000,C,0.262,0.267,0.26511872,16709.55828,17028.44298,48.23,64404.81,0.1,0.0,,,,,
deribit,BTC,option,BTC-28AUG26-80000-C,28AUG26,80000,C,0.0003,0.0005,0.00039985,19.133081999999998,31.88847,37.52,63923.11,2163.6,30.4,,,,,
deribit,BTC,option,BTC-5AUG26-62500-P,5AUG26,62500,P,0.002,0.0024,0.00214287,127.55388,153.06465599999999,32.29,63758.56,102.3,91.1,-0.17247,11.05758,0.00018,-106.18629,
deribit,BTC,option,BTC-25SEP26-100000-C,25SEP26,100000,C,0.0003,0.0005,0.00039685,19.133081999999998,31.88847,46.15,64160.31,3632.0,0.2,,,,,
deribit,BTC,option,BTC-26MAR27-98000-C,26MAR27,98000,C,0.018,0.019,0.01859376,1147.9849199999999,1211.76186,39.52,65502.21,95.6,0.1,,,,,
deribit,BTC,option,BTC-30OCT26-88000-P,30OCT26,88000,P,0.322,0.4265,0.36963357,20536.17468,27200.86491,36.18,64404.81,0.0,0.0,,,,,
deribit,BTC,option,BTC-14AUG26-65000-P,14AUG26,65000,P,0.03,0.0315,0.03098356,1913.3082,2008.97361,29.79,63828.84,58.0,11.0,-0.62781,41.31647,0.00012,-57.61474,
deribit,BTC,option,BTC-25SEP26-60000-P,25SEP26,60000,P,0.0275,0.0285,0.02808459,1753.8658500000001,1817.64279,37.19,64160.31,4564.0,210.2,,,,,
deribit,BTC,option,BTC-7AUG26-61000-P,7AUG26,61000,P,0.0022,0.0026,0.00243422,140.309268,165.820044,39.02,63783.84,559.9,163.5,-0.12171,12.94626,8e-05,-68.61545,
deribit,BTC,option,BTC-25DEC26-72000-P,25DEC26,72000,P,0.164,0.167,0.16537623,10459.418160000001,10650.74898,38.24,64838.7,335.5,1.0,,,,,
deribit,BTC,option,BTC-26MAR27-56000-C,26MAR27,56000,C,0.2115,0.215,0.21381817,13488.82281,13712.0421,43.61,65502.21,16.9,0.0,,,,,
deribit,BTC,option,BTC-28AUG26-62000-P,28AUG26,62000,P,0.0215,0.0225,0.02179708,1371.2042099999999,1434.98115,34.06,63923.28,1042.6,267.8,,,,,
deribit,BTC,option,BTC-25JUN27-55000-C,25JUN27,55000,C,0.2505,0.2535,0.25278861,15976.12347,16167.454290000001,44.87,66250.16,0.9,0.5,,,,,
deribit,BTC,option,BTC-25DEC26-56000-C,25DEC26,56000,C,0.18,0.183,0.18147938,11479.8492,11671.18002,42.52,64838.8,41.4,0.0,,,,,
deribit,BTC,option,BTC-25SEP26-52000-P,25SEP26,52000,P,0.008,0.0085,0.00838193,510.21552,542.1039900000001,45.42,64160.31,1236.7,0.1,,,,,
deribit,BTC,option,BTC-26MAR27-86000-P,26MAR27,86000,P,0.349,0.3555,0.3513573,22258.15206,22672.70217,39.3,65502.21,1.8,0.0,,,,,
deribit,BTC,option,BTC-26MAR27-40000-P,26MAR27,40000,P,0.0195,0.0205,0.01992651,1243.65033,1307.4272700000001,53.03,65502.21,1153.1,25.2,,,,,
deribit,BTC,option,BTC-26MAR27-120000-C,26MAR27,120000,C,0.0055,0.0065,0.00600671,350.77317,414.55011,41.43,65502.21,327.7,0.4,,,,,
deribit,BTC,option,BTC-30OCT26-80000-C,30OCT26,80000,C,0.009,0.01,0.00934413,573.9924599999999,637.7694,34.98,64404.81,16.3,4.2,,,,,
deribit,BTC,option,BTC-25JUN27-140000-C,25JUN27,140000,C,0.0065,0.008,0.00730465,414.55011,510.21552,42.84,66250.16,205.8,0.1,,,,,
deribit,BTC,option,BTC-25SEP26-190000-C,25SEP26,190000,C,,0.0002,4.91e-06,0.0,12.755388000000002,72.99,64160.17,772.5,0.0,,,,,
deribit,BTC,option,BTC-7AUG26-62000-C,7AUG26,62000,C,0.03,0.034,0.0322438,1913.3082,2168.4159600000003,35.58,63783.71,158.8,0.7,0.79435,18.24063,0.00012,-88.16088,
deribit,BTC,option,BTC-26MAR27-56000-P,26MAR27,56000,P,0.0675,0.0695,0.06874359,4304.943450000001,4432.49733,43.61,65502.21,83.1,0.0,,,,,
deribit,BTC,option,BTC-25JUN27-56000-C,25JUN27,56000,C,0.2405,0.244,0.24314537,15338.35407,15561.57336,44.59,66250.24,2.0,0.0,,,,,
deribit,BTC,option,BTC-4AUG26-66000-P,4AUG26,66000,P,0.0125,0.0735,0.03537336,797.21175,4687.60509,35.62,63749.12,0.0,0.0,-0.9863,0.96521,4e-05,-17.19231,
deribit,BTC,option,BTC-25SEP26-64000-C,25SEP26,64000,C,0.053,0.0545,0.05378673,3380.17782,3475.84323,34.73,64160.31,801.7,226.2,,,,,
deribit,BTC,option,BTC-28AUG26-40000-P,28AUG26,40000,P,0.0002,0.0003,0.00024503,12.755388000000002,19.133081999999998,70.59,63923.11,552.2,79.3,,,,,
deribit,BTC,option,BTC-7AUG26-77000-C,7AUG26,77000,C,,0.0001,2.85e-06,0.0,6.377694000000001,52.89,63783.71,1090.0,0.6,0.00022,0.05351,0.0,-0.18743,
deribit,BTC,option,BTC-25SEP26-220000-P,25SEP26,220000,P,2.3135,2.553,2.42892227,147547.95069,162822.52782,72.99,64160.17,1.8,0.0,,,,,
deribit,BTC,option,BTC-25DEC26-50000-C,25DEC26,50000,C,0.2525,0.256,0.25446074,16103.67735,16326.89664,46.23,64838.8,260.8,0.0,,,,,
deribit,BTC,option,BTC-14AUG26-52000-C,14AUG26,52000,C,0.156,0.216,0.18589326,9949.20264,13775.81904,57.19,63828.84,0.0,0.0,0.98408,4.3528,1e-05,-11.65433,
deribit,BTC,option,BTC-30OCT26-69000-C,30OCT26,69000,C,0.041,0.0425,0.04178831,2614.8545400000003,2710.5199500000003,35.57,64404.81,1.7,0.0,,,,,
deribit,BTC,option,BTC-7AUG26-75000-P,7AUG26,75000,P,0.1365,0.219,0.175861,8705.552310000001,13967.149860000001,49.46,63783.84,0.7,0.0,-0.99938,0.13859,0.0,-0.93108,
deribit,BTC,option,BTC-25JUN27-84000-C,25JUN27,84000,C,0.0695,0.0715,0.07046594,4432.49733,4560.05121,40.76,66250.16,2.2,0.0,,,,,
deribit,BTC,option,BTC-25SEP26-40000-P,25SEP26,40000,P,0.0019,0.002,0.00197758,121.176186,127.55388,64.51,64160.31,2282.4,6.1,,,,,
deribit,BTC,option,BTC-25SEP26-280000-P,25SEP26,280000,P,3.2165,3.522,3.36408242,205138.52751,224622.38268,81.51,64160.31,0.0,0.0,,,,,
deribit,BTC,option,BTC-30OCT26-69000-P,30OCT26,69000,P,0.112,0.1145,0.11315072,7143.01728,7302.45963,35.57,64404.81,0.0,0.0,,,,,
deribit,BTC,option,BTC-6AUG26-56000-P,6AUG26,56000,P,0.0001,0.0002,0.0001455,6.377694000000001,12.755388000000002,63.56,63768.79,2.4,2.4,-0.00772,1.16227,1e-05,-8.88584,
deribit,BTC,option,BTC-4AUG26-60000-C,4AUG26,60000,C,0.025,0.092,0.05891974,1594.4235,5867.47848,62.21,63749.12,0.0,0.0,0.98918,0.787,2e-05,-24.4796,
deribit,BTC,option,BTC-30OCT26-62000-P,30OCT26,62000,P,0.0545,0.0555,0.05499271,3475.84323,3539.62017,37.65,64404.81,22.9,12.9,,,,,
deribit,BTC,option,BTC-7AUG26-69000-P,7AUG26,69000,P,0.0455,0.1225,0.08204641,2901.85077,7812.67515,37.49,63783.71,3.3,0.0,-0.98036,3.0544,2e-05,-15.54713,
deribit,BTC,option,BTC-5AUG26-61000-P,5AUG26,61000,P,0.0004,0.0007,0.00055564,25.510776000000003,44.643858,39.7,63758.56,100.7,98.4,-0.04657,4.21893,6e-05,-33.08654,
deribit,BTC,option,BTC-25JUN27-88000-P,25JUN27,88000,P,0.3845,0.3905,0.38685137,24522.23343,24904.895070000002,40.67,66250.24,0.1,0.0,,,,,
deribit,BTC,option,BTC-30OCT26-86000-P,30OCT26,86000,P,0.293,0.3965,0.33947825,18686.64342,25287.55671,35.73,64404.81,0.1,0.0,,,,,
deribit,BTC,option,BTC-26MAR27-82000-P,26MAR27,82000,P,0.2985,0.3045,0.30088413,19037.41659,19420.07823,39.33,65502.21,3.9,0.0,,,,,
deribit,BTC,option,BTC-25DEC26-64000-C,25DEC26,64000,C,0.104,0.1055,0.10480902,6632.80176,6728.46717,39.59,64838.8,420.0,0.1,,,,,
deribit,BTC,option,BTC-26MAR27-95000-P,26MAR27,95000,P,0.4695,0.477,0.47252232,29943.27333,30421.60038,39.4,65502.04,0.6,0.0,,,,,
deribit,BTC,option,BTC-25DEC26-95000-C,25DEC26,95000,C,0.007,0.008,0.00751379,446.43858,510.21552,39.02,64838.8,1299.2,0.9,,,,,
deribit,BTC,option,BTC-25SEP26-95000-C,25SEP26,95000,C,0.0003,0.0006,0.00044116,19.133081999999998,38.266163999999996,42.02,64160.31,1862.7,0.8,,,,,
deribit,BTC,option,BTC-7AUG26-64000-P,7AUG26,64000,P,0.0135,0.015,0.01424539,860.98869,956.6541,31.09,63783.84,235.8,5.9,-0.5329,25.47593,0.0002,-107.57384,
deribit,BTC,option,BTC-25SEP26-35000-C,25SEP26,35000,C,0.454,0.457,0.45567832,28954.730760000002,29146.06158,74.43,64160.31,29.3,0.0,,,,,
deribit,BTC,option,BTC-25DEC26-240000-P,25DEC26,240000,P,2.577,2.837,2.70159195,164353.17438,180935.17878000002,62.53,64838.7,0.0,0.0,,,,,
deribit,BTC,option,BTC-28AUG26-86000-P,28AUG26,86000,P,0.3005,0.396,0.3456107,19164.97047,25255.668240000003,45.14,63923.11,0.0,0.0,,,,,
deribit,BTC,option,BTC-25JUN27-105000-C,25JUN27,105000,C,0.0265,0.028,0.02734145,1690.08891,1785.75432,40.88,66250.16,67.4,3.1,,,,,
deribit,BTC,option,BTC-25DEC26-86000-P,25DEC26,86000,P,0.3395,0.3475,0.34235212,21652.27113,22162.48665,38.11,64838.7,23.4,0.0,,,,,
deribit,BTC,option,BTC-28AUG26-79000-C,28AUG26,79000,C,0.0004,0.0006,0.00050321,25.510776000000003,38.266163999999996,36.83,63923.11,642.1,0.4,,,,,
deribit,BTC,option,BTC-25SEP26-200000-C,25SEP26,200000,C,,0.0002,2.21e-06,0.0,12.755388000000002,72.99,64160.31,1009.2,0.0,,,,,
deribit,BTC,option,BTC-28AUG26-78000-P,28AUG26,78000,P,0.1795,0.2665,0.22081637,11447.96073,16996.55451,35.86,63923.11,4.1,0.0,,,,,
deribit,BTC,option,BTC-26MAR27-150000-P,26MAR27,150000,P,1.213,1.382,1.29212049,77361.42822,88139.73108,45.42,65502.04,0.5,0.0,,,,,
deribit,BTC,option,BTC-5AUG26-56000-P,5AUG26,56000,P,,0.0002,7.601e-05,0.0,12.755388000000002,74.36,63758.56,10.8,6.5,-0.00454,0.5744,0.0,-4.6154,
deribit,BTC,option,BTC-25SEP26-45000-P,25SEP26,45000,P,0.0032,0.0036,0.00337173,204.08620800000003,229.596984,55.55,64160.31,2018.0,1.5,,,,,
deribit,BTC,option,BTC-25DEC26-20000-C,25DEC26,20000,C,0.692,0.694,0.69327743,44133.642479999995,44261.19636,87.76,64838.8,2.7,0.0,,,,,
deribit,BTC,option,BTC-26MAR27-110000-C,26MAR27,110000,C,0.009,0.01,0.00957584,573.9924599999999,637.7694,40.33,65502.21,530.8,2.0,,,,,
deribit,BTC,option,BTC-25SEP26-145000-C,25SEP26,145000,C,,0.0002,0.00013119,0.0,12.755388000000002,70.53,64160.17,493.2,0.0,,,,,
deribit,BTC,option,BTC-26MAR27-125000-C,26MAR27,125000,C,0.0046,0.005,0.00501717,293.373924,318.8847,42.25,65502.21,123.5,0.0,,,,,
deribit,BTC,option,BTC-25DEC26-150000-P,25DEC26,150000,P,1.2355,1.4005,1.31386985,78796.40937000001,89319.60447,48.76,64838.53,2.0,0.0,,,,,
deribit,BTC,option,BTC-25JUN27-120000-P,25JUN27,120000,P,0.8225,0.833,0.82611841,52456.53315,53126.19102,41.56,66250.16,0.1,0.0,,,,,
deribit,BTC,option,BTC-30OCT26-63000-P,30OCT26,63000,P,0.061,0.062,0.06159437,3890.39334,3954.1702800000003,37.27,64404.81,57.9,0.7,,,,,
deribit,BTC,option,BTC-25SEP26-160000-C,25SEP26,160000,C,,0.0002,4.5e-05,0.0,12.755388000000002,71.81,64160.31,1444.3,0.0,,,,,
deribit,BTC,option,BTC-25JUN27-64000-P,25JUN27,64000,P,0.1395,0.1415,0.14092178,8896.883130000002,9024.43701,42.76,66250.16,13.4,1.0,,,,,
deribit,BTC,option,BTC-25JUN27-95000-C,25JUN27,95000,C,0.0415,0.0435,0.04243073,2646.74301,2774.29689,40.62,66250.16,17.0,0.3,,,,,
deribit,BTC,option,BTC-25DEC26-98000-C,25DEC26,98000,C,0.0055,0.006,0.00582847,350.77317,382.66164000000003,39.27,64838.8,210.5,5.6,,,,,
deribit,BTC,option,BTC-14AUG26-52000-P,14AUG26,52000,P,0.0005,0.0007,0.00057866,31.88847,44.643858,57.19,63828.84,211.6,13.6,-0.01592,4.3528,1e-05,-11.65433,
deribit,BTC,option,BTC-25DEC26-108000-P,25DEC26,108000,P,0.611,0.7365,0.66860506,38967.71034,46971.71631,41.0,64838.53,0.1,0.0,,,,,
deribit,BTC,option,BTC-21AUG26-56000-C,21AUG26,56000,C,0.1225,0.1285,0.12650704,7812.67515,8195.336790000001,42.43,63881.99,0.0,0.0,0.92774,19.34796,2e-05,-23.21524,
deribit,BTC,option,BTC-25JUN27-74000-P,25JUN27,74000,P,0.228,0.2325,0.22889766,14541.14232,14828.138550000001,41.37,66250.16,0.1,0.0,,,,,
deribit,BTC,option,BTC-28AUG26-94000-P,28AUG26,94000,P,0.422,0.525,0.47065695,26913.86868,33482.893500000006,53.71,63923.28,0.0,0.0,,,,,
deribit,BTC,option,BTC-25SEP26-86000-C,25SEP26,86000,C,0.001,0.0012,0.00110408,63.77694,76.53232799999999,37.03,64160.31,661.9,0.2,,,,,
deribit,BTC,option,BTC-7AUG26-63500-C,7AUG26,63500,C,0.0145,0.0155,0.01528205,924.7656300000001,988.5425700000001,32.36,63783.84,76.7,34.7,0.56485,25.22446,0.00019,-110.87648,
deribit,BTC,option,BTC-25DEC26-115000-C,25DEC26,115000,C,0.0018,0.0021,0.00198452,114.798492,133.93157399999998,42.48,64838.7,2339.8,0.1,,,,,
deribit,BTC,option,BTC-26MAR27-140000-P,26MAR27,140000,P,1.0655,1.2255,1.14016584,67954.32957,78158.63997,44.02,65502.21,0.0,0.0,,,,,
deribit,BTC,option,BTC-4AUG26-64500-P,4AUG26,64500,P,0.008,0.016,0.0126124,510.21552,1020.43104,25.67,63749.12,0.0,0.0,-0.83977,6.71161,0.00034,-86.12422,
deribit,BTC,option,BTC-25DEC26-80000-P,25DEC26,80000,P,0.2585,0.264,0.26130748,16486.33899,16837.11216,38.04,64838.7,951.8,0.0,,,,,
deribit,BTC,option,BTC-25SEP26-56000-P,25SEP26,56000,P,0.0145,0.0155,0.01484897,924.7656300000001,988.5425700000001,40.51,64160.31,1285.3,4.3,,,,,
deribit,BTC,option,BTC-28AUG26-50000-P,28AUG26,50000,P,0.0014,0.0017,0.00161466,89.287716,108.420798,51.89,63923.11,1336.9,10.6,,,,,
deribit,BTC,option,BTC-7AUG26-55000-P,7AUG26,55000,P,0.0002,0.0003,0.00024076,12.755388000000002,19.133081999999998,64.94,63783.71,257.1,4.7,-0.01045,1.7751,1e-05,-14.91022,
deribit,BTC,option,BTC-26MAR27-70000-P,26MAR27,70000,P,0.169,0.1725,0.16985359,10778.302860000002,11001.522149999999,40.3,65502.04,211.8,0.0,,,,,
deribit,BTC,option,BTC-25JUN27-86000-C,25JUN27,86000,C,0.063,0.065,0.06418993,4017.94722,4145.5011,40.69,66250.16,2.2,0.0,,,,,
deribit,BTC,option,BTC-5AUG26-65500-P,5AUG26,65500,P,0.0235,0.0535,0.02797248,1498.75809,3412.06629,27.6,63758.56,0.0,0.0,-0.91947,6.46885,0.00013,-53.09489,
deribit,BTC,option,BTC-5AUG26-67000-C,5AUG26,67000,C,,0.0002,0.00011564,0.0,12.755388000000002,33.33,63758.56,34.1,4.5,0.01548,1.68427,3e-05,-8.13175,
deribit,BTC,option,BTC-26MAR27-64000-C,26MAR27,64000,C,0.141,0.143,0.14192089,8992.54854,9120.10242,41.34,65502.21,85.3,0.0,,,,,
deribit,BTC,option,BTC-25DEC26-82000-P,25DEC26,82000,P,0.285,0.2915,0.28763269,18176.4279,18590.97801,38.04,64838.8,158.8,0.0,,,,,
deribit,BTC,option,BTC-28AUG26-78000-C,28AUG26,78000,C,0.0005,0.0007,0.00060574,31.88847,44.643858,35.86,63923.11,1413.3,3.6,,,,,
deribit,BTC,option,BTC-25DEC26-90000-P,25DEC26,90000,P,0.396,0.4025,0.39915783,25255.668240000003,25670.218350000003,38.24,64838.8,590.6,0.0,,,,,
deribit,BTC,option,BTC-28AUG26-92000-C,28AUG26,92000,C,0.0001,0.0002,0.00014706,6.377694000000001,12.755388000000002,51.07,63923.11,63.7,2.8,,,,,
deribit,BTC,option,BTC-26MAR27-50000-C,26MAR27,50000,C,0.2775,0.2815,0.28002969,17698.100850000003,17953.208609999998,46.09,65502.21,20.6,0.0,,,,,
deribit,BTC,option,BTC-28AUG26-79000-P,28AUG26,79000,P,0.195,0.2825,0.23635757,12436.5033,18016.985549999998,36.83,63923.11,0.7,0.0,,,,,
deribit,BTC,option,BTC-30OCT26-74000-P,30OCT26,74000,P,0.168,0.1745,0.17056842,10714.525920000002,11129.07603,34.92,64404.81,0.0,0.0,,,,,
deribit,BTC,option,BTC-25JUN27-140000-P,25JUN27,140000,P,1.0445,1.212,1.12049625,66615.01383,77297.65128,42.84,66250.16,0.0,0.0,,,,,
deribit,BTC,option,BTC-7AUG26-72000-C,7AUG26,72000,C,,0.0001,6.846e-05,0.0,6.377694000000001,46.12,63783.84,5629.5,16.8,0.00485,0.90144,0.0,-4.49329,
deribit,BTC,option,BTC-25DEC26-180000-P,25DEC26,180000,P,1.6825,1.879,1.7763466,107304.70155000001,119836.87026000001,54.25,64838.53,0.0,0.0,,,,,
deribit,BTC,option,BTC-28AUG26-88000-P,28AUG26,88000,P,0.33,0.4285,0.37684696,21046.3902,27328.41879,46.99,63923.11,0.0,0.0,,,,,
deribit,BTC,option,BTC-6AUG26-64000-C,6AUG26,64000,C,0.008,0.009,0.00843267,510.21552,573.9924599999999,29.63,63768.79,14.4,12.7,0.45439,21.66992,0.00024,-119.77232,
deribit,BTC,option,BTC-28AUG26-96000-P,28AUG26,96000,P,0.4515,0.5575,0.50194341,28795.28841,35555.64405,56.26,63923.11,0.2,0.0,,,,,
deribit,BTC,option,BTC-28AUG26-86000-C,28AUG26,86000,C,0.0002,0.0003,0.00025026,12.755388000000002,19.133081999999998,45.14,63923.11,160.9,1.4,,,,,
deribit,BTC,option,BTC-25JUN27-76000-C,25JUN27,76000,C,0.101,0.1035,0.10222892,6441.470940000001,6600.9132899999995,41.23,66250.16,13.8,0.1,,,,,
deribit,BTC,option,BTC-25DEC26-35000-P,25DEC26,35000,P,0.0065,0.007,0.00694375,414.55011,446.43858,62.3,64838.7,2319.5,31.9,,,,,
deribit,BTC,option,BTC-7AUG26-71000-P,7AUG26,71000,P,0.0755,0.154,0.11324906,4815.15897,9821.64876,43.58,63783.71,0.0,0.0,-0.99224,1.36764,1e-05,-8.09472,
deribit,BTC,option,BTC-25SEP26-150000-P,25SEP26,150000,P,1.2595,1.4245,1.33799239,80327.05593,90850.25103000001,70.97,64160.31,0.7,0.0,,,,,
deribit,BTC,option,BTC-28AUG26-57000-C,28AUG26,57000,C,0.1115,0.117,0.11507472,7111.12881,7461.901980000001,40.11,63923.28,28.5,0.2,,,,,
deribit,BTC,option,BTC-30OCT26-61000-C,30OCT26,61000,C,0.1,0.1025,0.10182114,6377.694,6537.13635,38.07,64404.81,1.0,0.0,,,,,
deribit,BTC,option,BTC-26MAR27-50000-P,26MAR27,50000,P,0.0425,0.044,0.04335595,2710.5199500000003,2806.18536,46.09,65502.21,2077.8,15.0,,,,,
deribit,BTC,option,BTC-26MAR27-190000-C,26MAR27,190000,C,0.0008,0.0012,0.00093166,51.02155200000001,76.53232799999999,50.68,65502.21,882.8,0.2,,,,,
deribit,BTC,option,BTC-25DEC26-110000-C,25DEC26,110000,C,0.0024,0.0028,0.00261548,153.06465599999999,178.575432,41.45,64838.7,2640.1,0.0,,,,,
deribit,BTC,option,BTC-4AUG26-62500-C,4AUG26,62500,C,0.0165,0.0245,0.02011686,1052.31951,1562.53503,32.86,63749.09,12.7,14.7,0.92701,3.82128,0.00015,-62.78805,
deribit,BTC,option,BTC-28AUG26-48000-P,28AUG26,48000,P,0.001,0.0012,0.00110461,63.77694,76.53232799999999,55.51,63923.28,1293.5,32.5,,,,,
deribit,BTC,option,BTC-7AUG26-61500-C,7AUG26,61500,C,0.0205,0.058,0.03900691,1307.4272700000001,3699.0625200000004,37.23,63783.71,0.0,0.0,0.84218,15.45169,0.0001,-78.13732,
deribit,BTC,option,BTC-25SEP26-88000-P,25SEP26,88000,P,0.3255,0.4245,0.37246078,20759.39397,27073.31103,38.25,64160.17,5.7,0.0,,,,,
deribit,BTC,option,BTC-21AUG26-59000-C,21AUG26,59000,C,0.0795,0.085,0.08338146,5070.26673,5421.039900000001,37.29,63881.99,0.0,0.0,0.84419,33.62459,5e-05,-35.45872,
deribit,BTC,option,BTC-4AUG26-67000-C,4AUG26,67000,C,,0.0001,2.92e-06,0.0,6.377694000000001,35.95,63749.12,86.1,5.0,0.0008,0.07597,0.0,-0.22193,
deribit,BTC,option,BTC-14AUG26-60000-C,14AUG26,60000,C,0.062,0.0675,0.06531951,3954.1702800000003,4304.943450000001,37.01,63828.84,0.2,0.2,0.84447,26.08449,6e-05,-45.18981,
deribit,BTC,option,BTC-26MAR27-76000-P,26MAR27,76000,P,0.2295,0.2335,0.2310612,14636.80773,14891.915490000001,39.66,65502.21,19.2,0.0,,,,,
deribit,BTC,option,BTC-30OCT26-64000-C,30OCT26,64000,C,0.0745,0.076,0.07504311,4751.38203,4847.04744,36.92,64404.81,200.6,200.6,,,,,
deribit,BTC,option,BTC-25SEP26-76000-C,25SEP26,76000,C,0.005,0.0055,0.00533102,318.8847,350.77317,32.65,64160.31,2283.5,2.5,,,,,
deribit,BTC,option,BTC-25SEP26-110000-C,25SEP26,110000,C,0.0002,0.0003,0.0002512,12.755388000000002,19.133081999999998,52.06,64160.31,1296.1,16.0,,,,,
deribit,BTC,option,BTC-25DEC26-82000-C,25DEC26,82000,C,0.022,0.023,0.02295199,1403.09268,1466.86962,38.04,64838.8,498.2,3.4,,,,,
deribit,BTC,option,BTC-25SEP26-55000-P,25SEP26,55000,P,0.0125,0.0135,0.01284232,797.21175,860.98869,41.69,64160.31,3308.5,38.0,,,,,
deribit,BTC,option,BTC-25DEC26-130000-P,25DEC26,130000,P,0.9375,1.083,1.00593384,59790.881250000006,69070.42602,45.35,64838.7,52.1,0.0,,,,,
deribit,BTC,option,BTC-25DEC26-106000-C,25DEC26,106000,C,0.0031,0.0035,0.00332558,197.708514,223.21929,40.63,64838.8,320.2,0.0,,,,,
deribit,BTC,option,BTC-7AUG26-60000-C,7AUG26,60000,C,0.0565,0.063,0.06071279,3603.3971100000003,4017.94722,42.38,63783.84,11.3,0.2,0.9286,8.73577,5e-05,-50.29296,
deribit,BTC,option,BTC-25DEC26-30000-C,25DEC26,30000,C,0.54,0.5425,0.54188223,34439.547600000005,34598.98995,69.67,64838.8,289.4,0.0,,,,,
deribit,BTC,option,BTC-25DEC26-180000-C,25DEC26,180000,C,0.0001,0.0004,0.00021437,6.377694000000001,25.510776000000003,54.25,64838.7,923.8,0.5,,,,,
deribit,BTC,option,BTC-25SEP26-74000-P,25SEP26,74000,P,0.159,0.1665,0.16148412,10140.53346,10618.86051,32.49,64160.31,110.7,0.0,,,,,
deribit,BTC,option,BTC-25DEC26-106000-P,25DEC26,106000,P,0.581,0.705,0.63815903,37054.40214,44962.7427,40.63,64838.53,0.2,0.0,,,,,
deribit,BTC,option,BTC-28AUG26-84000-P,28AUG26,84000,P,0.2705,0.363,0.31434245,17251.66227,23151.02922,42.36,63923.11,0.8,0.0,,,,,
deribit,BTC,option,BTC-26MAR27-88000-P,26MAR27,88000,P,0.375,0.3815,0.37752718,23916.3525,24330.90261,39.33,65502.04,4.5,0.0,,,,,
deribit,BTC,option,BTC-30OCT26-57000-P,30OCT26,57000,P,0.0295,0.031,0.03022364,1881.41973,1977.0851400000001,40.22,64404.81,6.8,0.5,,,,,
deribit,BTC,option,BTC-14AUG26-64000-C,14AUG26,64000,C,0.019,0.0205,0.01977456,1211.76186,1307.4272700000001,30.87,63828.84,160.9,27.5,0.49232,43.564,0.00012,-62.94136,
deribit,BTC,option,BTC-7AUG26-58000-C,7AUG26,58000,C,0.0575,0.124,0.09124215,3667.17405,7908.340560000001,50.46,63783.84,0.0,0.0,0.97181,4.14088,2e-05,-28.3835,
deribit,BTC,option,BTC-6AUG26-68000-C,6AUG26,68000,C,0.0001,0.0002,0.00015749,6.377694000000001,12.755388000000002,34.4,63768.39,0.4,0.4,0.01571,2.15426,2e-05,-10.814,
deribit,BTC,option,BTC-6AUG26-65000-P,6AUG26,65000,P,0.019,0.0375,0.0224236,1211.76186,2391.63525,28.68,63768.39,0.4,0.4,-0.77327,16.4694,0.00019,-88.0788,
deribit,BTC,option,BTC-25DEC26-62000-P,25DEC26,62000,P,0.077,0.0785,0.07772909,4910.82438,5006.4897900000005,40.17,64838.8,732.5,25.1,,,,,
deribit,BTC,option,BTC-6AUG26-65500-C,6AUG26,65500,C,0.0015,0.0019,0.00175233,95.66541000000001,121.176186,28.73,63768.39,72.1,82.0,0.14461,12.43949,0.00014,-66.64592,
deribit,BTC,option,BTC-7AUG26-66000-C,7AUG26,66000,C,0.0019,0.002,0.00198208,121.176186,127.55388,30.07,63783.84,852.5,110.5,0.13472,13.89325,0.00011,-56.72942,
deribit,BTC,option,BTC-25SEP26-45000-C,25SEP26,45000,C,0.2985,0.3035,0.30200202,19037.41659,19356.30129,55.55,64160.31,144.2,0.0,,,,,
deribit,BTC,option,BTC-5AUG26-60000-C,5AUG26,60000,C,0.025,0.092,0.05922021,1594.4235,5867.47848,45.82,63758.1,0.0,0.0,0.97691,2.36713,3e-05,-32.26242,
deribit,BTC,option,BTC-26MAR27-200000-C,26MAR27,200000,C,0.0006,0.001,0.0007323,38.266163999999996,63.77694,51.42,65502.21,499.7,0.0,,,,,
deribit,BTC,option,BTC-14AUG26-50000-C,14AUG26,50000,C,0.188,0.245,0.21702914,11990.06472,15625.3503,62.89,63828.84,0.0,0.0,0.98998,2.91493,0.0,-8.58226,
deribit,BTC,option,BTC-30OCT26-60000-P,30OCT26,60000,P,0.043,0.044,0.04351165,2742.4084199999998,2806.18536,38.54,64404.81,24.5,5.1,,,,,
deribit,BTC,option,BTC-30OCT26-52000-P,30OCT26,52000,P,0.016,0.017,0.01637524,1020.43104,1084.2079800000001,44.04,64404.81,37.6,3.3,,,,,
deribit,BTC,option,BTC-25DEC26-140000-P,25DEC26,140000,P,1.0865,1.2415,1.15984559,69293.64531,79179.07101,47.19,64838.7,0.2,0.0,,,,,
deribit,BTC,option,BTC-25SEP26-125000-P,25SEP26,125000,P,0.8825,1.0205,0.94843267,56283.14955,65084.36727,60.81,64160.31,21.8,0.0,,,,,
deribit,BTC,option,BTC-28AUG26-92000-P,28AUG26,92000,P,0.3905,0.4925,0.43936986,24904.895070000002,31410.14295,51.07,63923.11,1.5,0.0,,,,,
deribit,BTC,option,BTC-7AUG26-60000-P,7AUG26,60000,P,0.0012,0.0016,0.00139511,76.53232799999999,102.04310400000001,42.38,63783.84,1728.8,164.5,-0.07128,8.72403,5e-05,-50.22486,
deribit,BTC,option,BTC-25JUN27-55000-P,25JUN27,55000,P,0.0815,0.084,0.08297202,5197.820610000001,5357.262960000001,44.87,66250.16,7.4,0.0,,,,,
deribit,BTC,option,BTC-26MAR27-102000-P,26MAR27,102000,P,0.5685,0.5775,0.57222398,36257.19039,36831.182850000005,39.91,65502.21,0.1,0.0,,,,,
deribit,BTC,option,BTC-28AUG26-75000-P,28AUG26,75000,P,0.171,0.1805,0.174397,10905.856740000001,11511.73767,32.94,63923.28,44.2,0.5,,,,,
deribit,BTC,option,BTC-26MAR27-96000-C,26MAR27,96000,C,0.0205,0.0215,0.0210712,1307.4272700000001,1371.2042099999999,39.52,65502.21,124.9,0.0,,,,,
deribit,BTC,option,BTC-30OCT26-60000-C,30OCT26,60000,C,0.11,0.113,0.11189669,7015.463400000001,7206.794220000001,38.54,64404.81,2.3,1.2,,,,,
deribit,BTC,option,BTC-25SEP26-98000-P,25SEP26,98000,P,0.476,0.585,0.52782597,30357.82344,37309.5099,44.33,64160.31,0.1,0.0,,,,,
deribit,BTC,option,BTC-25SEP26-40000-C,25SEP26,40000,C,0.375,0.38,0.37853784,23916.3525,24235.2372,64.51,64160.31,34.4,0.0,,,,,
deribit,BTC,option,BTC-28AUG26-77000-C,28AUG26,77000,C,0.0006,0.0008,0.00071051,38.266163999999996,51.02155200000001,34.71,63923.11,225.1,0.7,,,,,
deribit,BTC,option,BTC-30OCT26-76000-P,30OCT26,76000,P,0.1935,0.2005,0.19652378,12340.83789,12787.27647,34.94,64404.29,0.0,0.0,,,,,
deribit,BTC,option,BTC-25SEP26-155000-C,25SEP26,155000,C,,0.0002,5.901e-05,0.0,12.755388000000002,70.97,64160.17,363.0,0.0,,,,,
deribit,BTC,option,BTC-25JUN27-100000-P,25JUN27,100000,P,0.5405,0.5495,0.54330668,34471.43607,35045.42853,40.69,66250.16,0.1,0.0,,,,,
deribit,BTC,option,BTC-6AUG26-67000-C,6AUG26,67000,C,0.0002,0.0004,0.00033236,12.755388000000002,25.510776000000003,30.99,63768.39,3.2,3.2,0.03333,4.05841,4e-05,-22.81642,
deribit,BTC,option,BTC-30OCT26-66000-C,30OCT26,66000,C,0.0595,0.0605,0.060062,3794.72793,3858.50487,36.31,64404.81,2.0,0.9,,,,,
deribit,BTC,option,BTC-28AUG26-82000-P,28AUG26,82000,P,0.2395,0.3315,0.28313945,15274.57713,21142.055610000003,40.41,63923.11,1.5,0.0,,,,,
deribit,BTC,option,BTC-4AUG26-59000-P,4AUG26,59000,P,,0.0001,1.739e-05,0.0,6.377694000000001,63.08,63749.12,77.9,55.8,-0.00198,0.17286,0.0,-1.01772,
deribit,BTC,option,BTC-30OCT26-58000-C,30OCT26,58000,C,0.132,0.1355,0.13360512,8418.55608,8641.775370000001,39.62,64404.81,0.0,0.0,,,,,
deribit,BTC,option,BTC-25DEC26-70000-P,25DEC26,70000,P,0.1435,0.146,0.14457873,9151.99089,9311.43324,38.44,64838.8,1034.6,0.0,,,,,
deribit,BTC,option,BTC-25SEP26-68000-P,25SEP26,68000,P,0.086,0.0885,0.08703821,5484.8168399999995,5644.25919,33.15,64160.31,636.0,0.4,,,,,
deribit,BTC,option,BTC-30OCT26-90000-C,30OCT26,90000,C,0.0024,0.0026,0.00259577,153.06465599999999,165.820044,36.7,64404.81,30.1,0.0,,,,,
deribit,BTC,option,BTC-4AUG26-61000-C,4AUG26,61000,C,0.013,0.0765,0.04328567,829.10022,4878.93591,50.02,63749.12,0.0,0.0,0.98121,1.26541,3e-05,-31.65655,
deribit,BTC,option,BTC-4AUG26-58000-C,4AUG26,58000,C,0.0575,0.1205,0.09018569,3667.17405,7685.12127,63.13,63749.12,0.0,0.0,0.99977,0.0235,0.0,-0.74169,
deribit,BTC,option,BTC-25DEC26-125000-C,25DEC26,125000,C,0.0011,0.0013,0.0012356,70.154634,82.910022,44.61,64838.8,593.9,1.3,,,,,
deribit,BTC,option,BTC-26MAR27-95000-C,26MAR27,95000,C,0.0215,0.023,0.02220241,1371.2042099999999,1466.86962,39.4,65502.04,319.4,5.9,,,,,
deribit,BTC,option,BTC-30OCT26-56000-C,30OCT26,56000,C,0.1555,0.159,0.15722637,9917.31417,10140.53346,40.9,64404.81,0.0,0.0,,,,,
deribit,BTC,option,BTC-25JUN27-40000-P,25JUN27,40000,P,0.0285,0.03,0.02929672,1817.64279,1913.3082,51.81,66250.16,487.9,4.1,,,,,
deribit,BTC,option,BTC-25DEC26-70000-C,25DEC26,70000,C,0.064,0.066,0.06497325,4081.72416,4209.27804,38.44,64838.8,1107.0,20.1,,,,,
deribit,BTC,option,BTC-25DEC26-30000-P,25DEC26,30000,P,0.0044,0.0048,0.0045703,280.618536,306.12931199999997,69.67,64838.8,2134.5,60.0,,,,,
deribit,BTC,option,BTC-25SEP26-140000-C,25SEP26,140000,C,,0.0002,0.0001313,0.0,12.755388000000002,67.85,64160.31,1184.3,0.3,,,,,
deribit,BTC,option,BTC-21AUG26-65000-P,21AUG26,65000,P,0.036,0.0375,0.03672249,2295.9698399999997,2391.63525,30.57,63881.99,11.4,0.6,-0.58767,54.74176,9e-05,-47.32317,
deribit,BTC,option,BTC-25JUN27-95000-P,25JUN27,95000,P,0.474,0.482,0.4763839,30230.26956,30740.48508,40.62,66250.16,20.1,0.0,,,,,
deribit,BTC,option,BTC-25DEC26-100000-C,25DEC26,100000,C,0.0048,0.0055,0.00518336,306.12931199999997,350.77317,39.81,64838.8,3653.4,5.3,,,,,
deribit,BTC,option,BTC-30OCT26-70000-P,30OCT26,70000,P,0.1225,0.1255,0.12368827,7812.67515,8004.00597,35.38,64404.81,11.3,0.0,,,,,
deribit,BTC,option,BTC-25JUN27-82000-P,25JUN27,82000,P,0.3135,0.3195,0.31501706,19994.07069,20376.732330000003,40.82,66250.16,0.2,0.0,,,,,
deribit,BTC,option,BTC-25SEP26-180000-P,25SEP26,180000,P,1.7105,1.9075,1.80548983,109090.45587,121654.51305000001,71.81,64160.31,7.3,0.0,,,,,
deribit,BTC,option,BTC-7AUG26-63500-P,7AUG26,63500,P,0.0105,0.011,0.01083618,669.6578700000001,701.54634,32.36,63783.84,22.5,0.4,-0.43515,25.22446,0.00019,-110.87648,
deribit,BTC,option,BTC-21AUG26-66000-P,21AUG26,66000,P,0.0455,0.049,0.04650219,2901.85077,3125.07006,29.93,63881.67,0.2,0.0,-0.67682,50.4989,9e-05,-42.7382,
deribit,BTC,option,BTC-26MAR27-62000-P,26MAR27,62000,P,0.1035,0.1055,0.10469404,6600.9132899999995,6728.46717,41.86,65502.21,254.2,0.0,,,,,
deribit,BTC,option,BTC-25SEP26-102000-P,25SEP26,102000,P,0.536,0.65,0.59010676,34184.43984000001,41455.011000000006,47.02,64160.31,0.4,0.0,,,,,
deribit,BTC,option,BTC-30OCT26-68000-C,30OCT26,68000,C,0.0465,0.048,0.04733373,2965.62771,3061.2931200000003,35.79,64404.81,45.1,25.2,,,,,
deribit,BTC,option,BTC-28AUG26-59000-C,28AUG26,59000,C,0.084,0.0895,0.08776812,5357.262960000001,5708.03613,37.39,63923.28,414.1,0.0,,,,,
deribit,BTC,option,BTC-14AUG26-75000-P,14AUG26,75000,P,0.1355,0.2195,0.17527561,8641.775370000001,13999.038330000001,40.41,63828.84,0.0,0.0,-0.98915,3.12521,1e-05,-5.91102,
deribit,BTC,option,BTC-14AUG26-67000-C,14AUG26,67000,C,0.0042,0.0045,0.00435211,267.86314799999997,286.99622999999997,28.85,63828.84,570.9,139.6,0.17018,27.65527,8e-05,-37.33985,
deribit,BTC,option,BTC-7AUG26-77000-P,7AUG26,77000,P,0.1665,0.251,0.20721199,10618.86051,16008.01194,52.89,63783.71,0.0,0.0,-0.99978,0.05351,0.0,-0.3844,
deribit,BTC,option,BTC-5AUG26-63000-P,5AUG26,63000,P,0.0033,0.0039,0.00358697,210.46390200000002,248.730066,30.45,63758.56,20.5,6.1,-0.26938,14.29878,0.00025,-129.4798,
deribit,BTC,option,BTC-5AUG26-66000-C,5AUG26,66000,C,0.0002,0.0004,0.00032051,12.755388000000002,25.510776000000003,29.03,63758.56,75.6,0.6,0.04288,3.94678,7e-05,-22.50689,
deribit,BTC,option,BTC-25DEC26-105000-C,25DEC26,105000,C,0.0033,0.0036,0.00353184,210.46390200000002,229.596984,40.41,64838.8,833.5,0.5,,,,,
deribit,BTC,option,BTC-6AUG26-71000-C,6AUG26,71000,C,,0.0001,1.674e-05,0.0,6.377694000000001,42.32,63768.39,0.0,0.0,0.00168,0.29616,0.0,-1.15215,
deribit,BTC,option,BTC-14AUG26-58000-P,14AUG26,58000,P,0.0025,0.0029,0.0026813,159.44235,184.953126,41.15,63828.84,1548.8,172.5,-0.08083,16.36426,3e-05,-31.519,
deribit,BTC,option,BTC-25DEC26-52000-C,25DEC26,52000,C,0.227,0.2305,0.22892985,14477.365380000001,14700.584670000002,44.82,64838.8,0.1,0.0,,,,,
deribit,BTC,option,BTC-25DEC26-58000-P,25DEC26,58000,P,0.054,0.055,0.05445955,3443.95476,3507.7317000000003,41.63,64838.8,2054.4,0.0,,,,,
deribit,BTC,option,BTC-21AUG26-63000-P,21AUG26,63000,P,0.0215,0.0225,0.02178786,1371.2042099999999,1434.98115,32.29,63881.99,66.0,13.7,-0.40761,54.59056,9e-05,-49.84618,
deribit,BTC,option,BTC-25SEP26-145000-P,25SEP26,145000,P,1.1835,1.3435,1.26010237,75480.00849000001,85684.31889,70.53,64160.17,0.2,0.0,,,,,
deribit,BTC,option,BTC-4AUG26-59000-C,4AUG26,59000,C,0.041,0.1065,0.07451485,2614.8545400000003,6792.24411,63.08,63749.12,0.0,0.0,0.998,0.175,0.0,-5.51943,
deribit,BTC,option,BTC-28AUG26-105000-P,28AUG26,105000,P,0.587,0.7035,0.64266842,37437.06378,44867.07729,63.37,63923.11,1.0,0.0,,,,,
deribit,BTC,option,BTC-4AUG26-67000-P,4AUG26,67000,P,0.0155,0.0895,0.05099732,988.5425700000001,5708.03613,35.95,63749.12,0.0,0.0,-0.99922,0.07395,0.0,-1.32908,
deribit,BTC,option,BTC-5AUG26-69000-C,5AUG26,69000,C,,0.0001,6.17e-06,0.0,6.377694000000001,37.14,63758.1,0.0,0.0,0.00098,0.14331,0.0,-0.44036,
deribit,BTC,option,BTC-30OCT26-55000-C,30OCT26,55000,C,0.167,0.1715,0.16965474,10650.74898,10937.745210000001,41.61,64404.81,0.0,0.0,,,,,
deribit,BTC,option,BTC-25DEC26-94000-P,25DEC26,94000,P,0.4545,0.4635,0.45780631,28986.61923,29560.61169,38.79,64838.7,5.3,0.0,,,,,
deribit,BTC,option,BTC-25DEC26-220000-C,25DEC26,220000,C,,0.0003,9.539e-05,0.0,19.133081999999998,59.49,64838.53,252.8,0.0,,,,,
deribit,BTC,option,BTC-6AUG26-60000-C,6AUG26,60000,C,0.0255,0.0925,0.05974235,1626.31197,5899.3669500000005,42.1,63768.39,0.0,0.0,0.95769,4.93256,4e-05,-38.72713,
deribit,BTC,option,BTC-26MAR27-80000-C,26MAR27,80000,C,0.0545,0.0565,0.05542316,3475.84323,3603.3971100000003,39.4,65502.21,915.2,0.0,,,,,
deribit,BTC,option,BTC-25SEP26-175000-P,25SEP26,175000,P,1.6355,1.8265,1.72756412,104307.18537,116488.58091,71.81,64160.31,0.2,0.0,,,,,
deribit,BTC,option,BTC-4AUG26-69000-C,4AUG26,69000,C,,0.0001,0.0,0.0,6.377694000000001,36.85,63749.12,0.9,0.4,0.0,6e-05,0.0,-8e-05,
deribit,BTC,option,BTC-25JUN27-66000-C,25JUN27,66000,C,0.1585,0.161,0.16005717,10108.64499,10268.08734,42.33,66250.16,23.7,0.0,,,,,
deribit,BTC,option,BTC-25DEC26-56000-P,25DEC26,56000,P,0.0445,0.046,0.04516377,2838.07383,2933.73924,42.52,64838.8,463.3,0.9,,,,,
deribit,BTC,option,BTC-28AUG26-75000-C,28AUG26,75000,C,0.001,0.0012,0.00112099,63.77694,76.53232799999999,32.94,63923.11,3050.3,82.3,,,,,
deribit,BTC,option,BTC-25SEP26-75000-P,25SEP26,75000,P,0.173,0.181,0.17554369,11033.410619999999,11543.62614,32.57,64160.31,2967.4,0.0,,,,,
deribit,BTC,option,BTC-25JUN27-66000-P,25JUN27,66000,P,0.1555,0.158,0.15627727,9917.31417,10076.75652,42.33,66250.16,31.6,0.1,,,,,
deribit,BTC,option,BTC-25DEC26-94000-C,25DEC26,94000,C,0.0075,0.0085,0.00804837,478.32705,542.1039900000001,38.79,64838.7,115.5,0.3,,,,,
deribit,BTC,option,BTC-14AUG26-62000-P,14AUG26,62000,P,0.0105,0.0115,0.011069,669.6578700000001,733.43481,33.54,63828.84,192.5,33.5,-0.2946,37.66052,9e-05,-59.13208,
deribit,BTC,option,BTC-25DEC26-140000-C,25DEC26,140000,C,0.0005,0.0007,0.00063162,31.88847,44.643858,47.19,64838.8,1474.4,0.2,,,,,
deribit,BTC,option,BTC-30OCT26-71000-C,30OCT26,71000,C,0.0315,0.033,0.03228639,2008.97361,2104.63902,35.22,64404.81,18.0,0.1,,,,,
deribit,BTC,option,BTC-6AUG26-69000-P,6AUG26,69000,P,0.0465,0.122,0.0821613,2965.62771,7780.78668,39.02,63768.39,0.0,0.0,-0.98998,1.46016,1e-05,-10.62239,
deribit,BTC,option,BTC-25SEP26-90000-C,25SEP26,90000,C,0.0005,0.0008,0.00065048,31.88847,51.02155200000001,38.84,64160.31,3017.8,0.3,,,,,
deribit,BTC,option,BTC-28AUG26-72000-C,28AUG26,72000,C,0.0024,0.0027,0.00257427,153.06465599999999,172.19773800000002,30.8,63923.28,2949.9,2.6,,,,,
deribit,BTC,option,BTC-25SEP26-56000-C,25SEP26,56000,C,0.1385,0.1435,0.14203238,8833.10619,9151.99089,40.51,64160.31,12.2,0.0,,,,,
deribit,BTC,option,BTC-5AUG26-66000-P,5AUG26,66000,P,0.0125,0.0735,0.03549729,797.21175,4687.60509,29.03,63758.56,0.0,0.0,-0.95711,3.94763,7e-05,-34.06789,
deribit,BTC,option,BTC-25DEC26-76000-P,25DEC26,76000,P,0.209,0.215,0.21102436,13329.38046,13712.0421,38.0,64838.7,142.1,0.0,,,,,
deribit,BTC,option,BTC-25DEC26-250000-C,25DEC26,250000,C,,0.0003,6.181e-05,0.0,19.133081999999998,62.95,64838.7,1120.9,0.0,,,,,
deribit,BTC,option,BTC-25JUN27-85000-C,25JUN27,85000,C,0.066,0.0685,0.06721128,4209.27804,4368.72039,40.71,66250.16,7.6,0.1,,,,,
deribit,BTC,option,BTC-25JUN27-45000-P,25JUN27,45000,P,0.041,0.043,0.04190079,2614.8545400000003,2742.4084199999998,48.78,66250.16,235.8,2.1,,,,,
deribit,BTC,option,BTC-25SEP26-62000-C,25SEP26,62000,C,0.0705,0.0725,0.07195058,4496.27427,4623.82815,35.89,64160.31,680.1,2.0,,,,,
deribit,BTC,option,BTC-26MAR27-70000-C,26MAR27,70000,C,0.1005,0.1025,0.10119682,6409.58247,6537.13635,40.3,65502.21,749.6,5.0,,,,,
deribit,BTC,option,BTC-7AUG26-75000-C,7AUG26,75000,C,,0.0001,7.94e-06,0.0,6.377694000000001,49.46,63783.71,2584.7,0.0,0.00062,0.13887,0.0,-0.52277,
deribit,BTC,option,BTC-30OCT26-55000-P,30OCT26,55000,P,0.023,0.024,0.02364108,1466.86962,1530.6465600000001,41.61,64404.81,11.2,1.0,,,,,
deribit,BTC,option,BTC-6AUG26-66000-C,6AUG26,66000,C,0.0008,0.0011,0.00096262,51.02155200000001,70.154634,29.02,63768.39,39.1,12.9,0.08773,8.71142,0.0001,-47.13817,
deribit,BTC,option,BTC-25JUN27-160000-P,25JUN27,160000,P,1.335,1.518,1.41926116,85142.2149,96813.39492,44.51,66250.16,0.0,0.0,,,,,
deribit,BTC,option,BTC-4AUG26-71000-C,4AUG26,71000,C,,0.0001,0.0,0.0,6.377694000000001,42.74,63749.12,0.0,0.0,0.0,0.0,0.0,0.0,
deribit,BTC,option,BTC-25SEP26-70000-C,25SEP26,70000,C,0.018,0.019,0.0183627,1147.9849199999999,1211.76186,32.6,64160.31,3655.5,30.3,,,,,
deribit,BTC,option,BTC-4AUG26-61000-P,4AUG26,61000,P,0.0001,0.0003,0.00016117,6.377694000000001,19.133081999999998,50.02,63749.12,388.1,407.9,-0.01854,1.251,3e-05,-9.43941,
deribit,BTC,option,BTC-4AUG26-65500-P,4AUG26,65500,P,0.013,0.0645,0.02758437,829.10022,4113.6126300000005,31.49,63749.12,0.0,0.0,-0.97372,1.67963,7e-05,-26.44382,
deribit,BTC,option,BTC-14AUG26-70000-P,14AUG26,70000,P,0.0605,0.139,0.09752073,3858.50487,8864.99466,30.41,63828.84,0.0,0.0,-0.95944,9.51772,3e-05,-13.54493,
deribit,BTC,option,BTC-14AUG26-66000-C,14AUG26,66000,C,0.0075,0.008,0.00762337,478.32705,510.21552,29.18,63828.84,610.8,171.5,0.2611,35.50415,0.0001,-48.48433,
deribit,BTC,option,BTC-6AUG26-68000-P,6AUG26,68000,P,0.0305,0.1055,0.06652958,1945.19667,6728.46717,34.4,63768.39,0.0,0.0,-0.98411,2.17594,2e-05,-13.95318,
deribit,BTC,option,BTC-28AUG26-88000-C,28AUG26,88000,C,0.0001,0.0003,0.00019907,6.377694000000001,19.133081999999998,46.99,63923.11,184.9,0.7,,,,,
deribit,BTC,option,BTC-25SEP26-260000-P,25SEP26,260000,P,2.916,3.1995,3.05236231,185973.55704,204054.31953,78.83,64160.31,0.0,0.0,,,,,
deribit,BTC,option,BTC-28AUG26-55000-P,28AUG26,55000,P,0.0041,0.0045,0.0043276,261.485454,286.99622999999997,43.11,63923.11,947.2,13.4,,,,,
deribit,BTC,option,BTC-28AUG26-77000-P,28AUG26,77000,P,0.1645,0.2505,0.20527741,10491.306630000001,15976.12347,34.71,63923.11,3.4,0.0,,,,,
deribit,BTC,option,BTC-6AUG26-62500-P,6AUG26,62500,P,0.0037,0.0041,0.00389651,235.974678,261.485454,32.86,63768.39,0.5,0.5,-0.22925,16.57207,0.00017,-101.55812,
deribit,BTC,option,BTC-26MAR27-85000-C,26MAR27,85000,C,0.04,0.0415,0.04086622,2551.0776,2646.74301,39.31,65502.21,71.5,0.0,,,,,
deribit,BTC,option,BTC-6AUG26-62500-C,6AUG26,62500,C,0.0039,0.052,0.0237751,248.730066,3316.40088,32.86,63768.39,0.8,0.8,0.77084,16.56839,0.00017,-101.53555,
deribit,BTC,option,BTC-5AUG26-70000-P,5AUG26,70000,P,0.061,0.1375,0.09791758,3890.39334,8769.32925,40.53,63758.56,0.0,0.0,-0.99962,0.05961,0.0,-0.71852,
deribit,BTC,option,BTC-30OCT26-95000-P,30OCT26,95000,P,0.426,0.534,0.47662305,27168.97644,34056.88596,38.16,64404.81,0.1,0.0,,,,,
deribit,BTC,option,BTC-26MAR27-45000-P,26MAR27,45000,P,0.0285,0.0295,0.02916535,1817.64279,1881.41973,49.01,65502.21,218.9,45.0,,,,,
deribit,BTC,option,BTC-25DEC26-110000-P,25DEC26,110000,P,0.6945,0.707,0.69914074,44293.08483,45090.29658,41.45,64838.7,54.2,0.0,,,,,
deribit,BTC,option,BTC-14AUG26-80000-P,14AUG26,80000,P,0.2115,0.3,0.2535098,13488.82281,19133.082,50.98,63828.84,0.0,0.0,-0.99451,1.71544,0.0,-4.09335,
deribit,BTC,option,BTC-21AUG26-64000-C,21AUG26,64000,C,0.0265,0.027,0.02667734,1690.08891,1721.97738,31.41,63881.67,42.4,0.2,0.50443,56.10085,9e-05,-49.82359,
deribit,BTC,option,BTC-28AUG26-67000-P,28AUG26,67000,P,0.061,0.0645,0.06220649,3890.39334,4113.6126300000005,30.75,63923.28,103.0,19.0,,,,,
deribit,BTC,option,BTC-4AUG26-63500-C,4AUG26,63500,C,0.0065,0.0075,0.00692588,414.55011,478.32705,27.42,63749.12,51.8,37.9,0.6517,10.18949,0.00049,-139.68039,
deribit,BTC,option,BTC-26MAR27-52000-P,26MAR27,52000,P,0.0495,0.0515,0.05075251,3156.9585300000003,3284.51241,45.17,65502.21,111.9,0.0,,,,,
deribit,BTC,option,BTC-25DEC26-65000-P,25DEC26,65000,P,0.0985,0.1005,0.09959597,6282.028590000001,6409.58247,39.34,64838.8,706.0,0.0,,,,,
deribit,BTC,option,BTC-6AUG26-61000-C,6AUG26,61000,C,0.0405,0.059,0.04471909,2582.9660700000004,3762.83946,38.37,63768.39,1.0,1.0,0.91591,8.43966,7e-05,-60.39528,
deribit,BTC,option,BTC-30OCT26-61000-P,30OCT26,61000,P,0.0485,0.0495,0.04896698,3093.18159,3156.9585300000003,38.07,64404.81,11.3,0.0,,,,,
deribit,BTC,option,BTC-28AUG26-63000-P,28AUG26,63000,P,0.0265,0.028,0.02739641,1690.08891,1785.75432,33.15,63923.28,690.6,24.0,,,,,
deribit,BTC,option,BTC-25JUN27-130000-C,25JUN27,130000,C,0.0095,0.011,0.01028094,605.88093,701.54634,42.2,66250.16,81.0,0.3,,,,,
deribit,BTC,option,BTC-25JUN27-60000-P,25JUN27,60000,P,0.1115,0.1135,0.11266771,7111.12881,7238.682690000001,43.59,66250.16,74.6,0.0,,,,,
deribit,BTC,option,BTC-25DEC26-125000-P,25DEC26,125000,P,0.8635,1.0035,0.92910518,55071.38769,64000.15929,44.61,64838.7,9.1,0.0,,,,,
deribit,BTC,option,BTC-26MAR27-110000-P,26MAR27,110000,P,0.685,0.695,0.68889362,43687.20390000001,44324.9733,40.33,65502.21,2.0,0.0,,,,,
deribit,BTC,option,BTC-26MAR27-52000-C,26MAR27,52000,C,0.2545,0.258,0.25689319,16231.231230000001,16454.450520000002,45.17,65502.21,5.2,0.0,,,,,
deribit,BTC,option,BTC-25SEP26-90000-P,25SEP26,90000,P,0.399,0.4105,0.40338989,25446.999060000002,26180.43387,38.84,64160.31,586.7,0.0,,,,,
deribit,BTC,option,BTC-25JUN27-50000-P,25JUN27,50000,P,0.0585,0.0605,0.05955869,3730.9509900000003,3858.50487,46.55,66250.16,284.2,0.1,,,,,
deribit,BTC,option,BTC-25SEP26-320000-P,25SEP26,320000,P,3.8195,4.168,3.98752267,243596.02233,265822.28592,85.42,64160.31,25.1,0.0,,,,,
deribit,BTC,option,BTC-26MAR27-68000-C,26MAR27,68000,C,0.1125,0.1145,0.11351507,7174.905750000001,7302.45963,40.58,65502.21,44.1,5.0,,,,,
deribit,BTC,option,BTC-25DEC26-52000-P,25DEC26,52000,P,0.03,0.0315,0.03092249,1913.3082,2008.97361,44.82,64838.8,174.9,11.8,,,,,
deribit,BTC,option,BTC-21AUG26-67000-P,21AUG26,67000,P,0.056,0.0605,0.05768229,3571.50864,3858.50487,29.35,63881.99,10.2,0.0,-0.75882,43.83341,8e-05,-36.38844,
deribit,BTC,option,BTC-25SEP26-94000-C,25SEP26,94000,C,0.0003,0.0006,0.00045266,19.133081999999998,38.266163999999996,41.17,64160.31,169.0,0.2,,,,,
deribit,BTC,option,BTC-25DEC26-96000-C,25DEC26,96000,C,0.0065,0.007,0.00689188,414.55011,446.43858,39.09,64838.7,309.1,0.1,,,,,
deribit,BTC,option,BTC-25JUN27-170000-C,25JUN27,170000,C,0.003,0.0035,0.00334866,191.33082000000002,223.21929,45.45,66250.16,19.9,1.0,,,,,
deribit,BTC,option,BTC-28AUG26-83000-C,28AUG26,83000,C,0.0002,0.0004,0.00029461,12.755388000000002,25.510776000000003,41.18,63923.11,472.8,0.1,,,,,
deribit,BTC,option,BTC-25DEC26-68000-C,25DEC26,68000,C,0.076,0.0775,0.07661724,4847.04744,4942.71285,38.75,64838.8,567.4,3.3,,,,,
deribit,BTC,option,BTC-14AUG26-63000-P,14AUG26,63000,P,0.015,0.016,0.01593185,956.6541,1020.43104,32.17,63828.84,321.4,5.7,-0.39362,42.01355,0.00011,-63.26595,
deribit,BTC,option,BTC-14AUG26-61000-P,14AUG26,61000,P,0.007,0.008,0.00767528,446.43858,510.21552,35.19,63828.84,273.5,14.7,-0.21542,31.94914,8e-05,-52.61772,
deribit,BTC,option,BTC-25JUN27-40000-C,25JUN27,40000,C,0.423,0.427,0.42552764,26977.64562,27232.753380000002,51.81,66250.16,17.0,0.0,,,,,
deribit,BTC,option,BTC-28AUG26-74000-C,28AUG26,74000,C,0.0013,0.0015,0.00142537,82.910022,95.66541000000001,32.04,63923.11,1950.7,4.0,,,,,
deribit,BTC,option,BTC-7AUG26-65000-P,7AUG26,65000,P,0.022,0.026,0.02400022,1403.09268,1658.20044,30.06,63783.71,77.6,2.2,-0.72571,21.35337,0.00017,-87.2004,
deribit,BTC,option,BTC-25SEP26-94000-P,25SEP26,94000,P,0.416,0.5205,0.46553746,26531.20704,33195.89727,41.17,64160.17,1.9,0.0,,,,,
deribit,BTC,option,BTC-26MAR27-100000-C,26MAR27,100000,C,0.016,0.017,0.01657253,1020.43104,1084.2079800000001,39.63,65502.21,556.3,1.0,,,,,
deribit,BTC,option,BTC-26MAR27-68000-P,26MAR27,68000,P,0.1505,0.1535,0.15163879,9598.42947,9789.76029,40.58,65502.21,75.7,11.9,,,,,
deribit,BTC,option,BTC-4AUG26-70000-C,4AUG26,70000,C,,0.0001,0.0,0.0,6.377694000000001,41.63,63749.12,0.0,0.0,0.0,2e-05,0.0,-3e-05,
deribit,BTC,option,BTC-25JUN27-52000-P,25JUN27,52000,P,0.067,0.0695,0.06817399,4273.054980000001,4432.49733,45.82,66250.16,18.3,0.0,,,,,
deribit,BTC,option,BTC-25SEP26-78000-P,25SEP26,78000,P,0.2165,0.225,0.21926257,13807.70751,14349.811500000002,33.03,64160.31,629.4,0.0,,,,,
deribit,BTC,option,BTC-21AUG26-75000-P,21AUG26,75000,P,0.135,0.2185,0.17462068,8609.886900000001,13935.26139,35.02,63881.67,0.0,0.0,-0.97937,6.99153,1e-05,-6.92183,
deribit,BTC,option,BTC-28AUG26-67000-C,28AUG26,67000,C,0.0135,0.0145,0.01407996,860.98869,924.7656300000001,30.75,63923.28,1158.5,51.6,,,,,
deribit,BTC,option,BTC-26MAR27-125000-P,26MAR27,125000,P,0.846,0.993,0.91333283,53955.29124,63330.50142,42.25,65502.21,0.1,0.0,,,,,
deribit,BTC,option,BTC-7AUG26-72000-P,7AUG26,72000,P,0.091,0.1705,0.12888739,5803.70154,10873.968270000001,46.12,63783.71,0.0,0.0,-0.99514,0.90306,0.0,-5.65738,
deribit,BTC,option,BTC-26MAR27-115000-C,26MAR27,115000,C,0.007,0.008,0.00751517,446.43858,510.21552,40.85,65502.21,761.7,0.0,,,,,
deribit,BTC,option,BTC-26MAR27-86000-C,26MAR27,86000,C,0.038,0.039,0.03843612,2423.52372,2487.30066,39.3,65502.21,122.1,0.1,,,,,
deribit,BTC,option,BTC-28AUG26-46000-C,28AUG26,46000,C,0.254,0.3085,0.28117308,16199.342760000001,19675.18599,59.48,63923.11,1.0,0.0,,,,,
deribit,BTC,option,BTC-7AUG26-55000-C,7AUG26,55000,C,0.106,0.1685,0.13794852,6760.35564,10746.414390000002,64.94,63783.71,0.0,0.0,0.98957,1.77217,1e-05,-15.63358,
deribit,BTC,option,BTC-5AUG26-64500-P,5AUG26,64500,P,0.012,0.0175,0.0147104,765.3232800000001,1116.0964500000002,27.49,63758.1,0.0,0.0,-0.71746,14.63965,0.00028,-119.69796,
deribit,BTC,option,BTC-25JUN27-80000-P,25JUN27,80000,P,0.291,0.2965,0.29239345,18559.08954,18909.86271,40.93,66250.16,0.5,0.0,,,,,
deribit,BTC,option,BTC-25DEC26-55000-P,25DEC26,55000,P,0.041,0.042,0.04109274,2614.8545400000003,2678.6314800000005,43.03,64838.8,1100.8,1.6,,,,,
deribit,BTC,option,BTC-25SEP26-98000-C,25SEP26,98000,C,0.0003,0.0005,0.00039716,19.133081999999998,31.88847,44.33,64160.31,344.7,0.1,,,,,
deribit,BTC,option,BTC-7AUG26-68000-C,7AUG26,68000,C,0.0003,0.0004,0.00041335,19.133081999999998,25.510776000000003,33.96,63783.71,1332.3,13.8,0.03218,4.62039,3e-05,-21.30659,
deribit,BTC,option,BTC-25JUN27-30000-P,25JUN27,30000,P,0.0135,0.014,0.01394451,860.98869,892.87716,60.31,66250.16,305.3,0.3,,,,,
deribit,BTC,option,BTC-25SEP26-100000-P,25SEP26,100000,P,0.5545,0.567,0.55899621,35364.31323,36161.524979999995,46.15,64160.31,365.8,0.1,,,,,
deribit,BTC,option,BTC-28AUG26-64000-C,28AUG26,64000,C,0.0325,0.0335,0.03301704,2072.75055,2136.5274900000004,32.39,63923.28,473.6,18.8,,,,,
deribit,BTC,option,BTC-5AUG26-68000-P,5AUG26,68000,P,0.0305,0.106,0.06658352,1945.19667,6760.35564,36.51,63758.1,0.0,0.0,-0.99477,0.65168,1e-05,-7.07642,
deribit,BTC,option,BTC-7AUG26-63000-P,7AUG26,63000,P,0.0075,0.0085,0.00785432,478.32705,542.1039900000001,32.88,63783.84,255.8,86.5,-0.34434,23.59137,0.00017,-105.34578,
deribit,BTC,option,BTC-28AUG26-71000-C,28AUG26,71000,C,0.0035,0.0038,0.00366009,223.21929,242.352372,30.6,63923.28,1421.3,104.6,,,,,
deribit,BTC,option,BTC-25SEP26-102000-C,25SEP26,102000,C,0.0003,0.0006,0.00033393,19.133081999999998,38.266163999999996,47.02,64160.31,92.2,2.0,,,,,
deribit,BTC,option,BTC-26MAR27-102000-C,26MAR27,102000,C,0.0145,0.0155,0.0150384,924.7656300000001,988.5425700000001,39.91,65502.21,105.8,0.0,,,,,
deribit,BTC,option,BTC-25DEC26-78000-P,25DEC26,78000,P,0.233,0.2385,0.23566502,14860.027020000001,15210.80019,37.99,64838.8,234.6,0.0,,,,,
deribit,BTC,option,BTC-7AUG26-58000-P,7AUG26,58000,P,0.0005,0.0007,0.00056851,31.88847,44.643858,50.46,63783.71,1324.0,245.1,-0.0282,4.14124,2e-05,-28.3867,
deribit,BTC,option,BTC-28AUG26-71000-P,28AUG26,71000,P,0.112,0.119,0.11436437,7143.01728,7589.45586,30.6,63923.11,11.5,0.0,,,,,
deribit,BTC,option,BTC-25JUN27-76000-P,25JUN27,76000,P,0.248,0.253,0.24939044,15816.681120000001,16135.565820000002,41.23,66250.16,0.2,0.0,,,,,
deribit,BTC,option,BTC-25SEP26-80000-C,25SEP26,80000,C,0.0024,0.0025,0.00249542,153.06465599999999,159.44235,33.78,64160.31,3189.8,16.3,,,,,
deribit,BTC,option,BTC-25JUN27-78000-C,25JUN27,78000,C,0.092,0.0945,0.09317811,5867.47848,6026.92083,41.08,66250.16,9.0,0.1,,,,,
deribit,BTC,option,BTC-28AUG26-58000-C,28AUG26,58000,C,0.0975,0.103,0.10111018,6218.25165,6569.02482,38.6,63923.28,155.1,0.0,,,,,
deribit,BTC,option,BTC-5AUG26-64000-P,5AUG26,64000,P,0.009,0.01,0.00968913,573.9924599999999,637.7694,28.16,63758.56,0.2,0.2,-0.56395,17.04967,0.00032,-142.78821,
deribit,BTC,option,BTC-5AUG26-63500-P,5AUG26,63500,P,0.0055,0.0065,0.00602848,350.77317,414.55011,29.18,63758.56,2.9,2.6,-0.40467,16.77655,0.00031,-145.63444,
deribit,BTC,option,BTC-5AUG26-62000-C,5AUG26,62000,C,0.0255,0.0325,0.02885104,1626.31197,2072.75055,34.33,63758.56,0.1,0.1,0.89146,8.06324,0.00013,-82.32804,
deribit,BTC,option,BTC-25JUN27-62000-C,25JUN27,62000,C,0.188,0.191,0.19029752,11990.06472,12181.395540000001,43.11,66250.16,94.3,0.1,,,,,
deribit,BTC,option,BTC-25SEP26-92000-P,25SEP26,92000,P,0.3855,0.489,0.43445535,24586.01037,31186.92366,40.04,64160.31,4.0,0.0,,,,,
deribit,BTC,option,BTC-5AUG26-65500-C,5AUG26,65500,C,0.0005,0.0008,0.00063821,31.88847,51.02155200000001,27.6,63758.56,88.2,15.6,0.08052,6.46831,0.00013,-44.63568,
deribit,BTC,option,BTC-26MAR27-58000-C,26MAR27,58000,C,0.1915,0.195,0.19406388,12213.284010000001,12436.5033,42.96,65502.21,5.2,0.0,,,,,
deribit,BTC,option,BTC-26MAR27-94000-C,26MAR27,94000,C,0.023,0.024,0.02360135,1466.86962,1530.6465600000001,39.39,65502.21,130.5,4.3,,,,,
deribit,BTC,option,BTC-28AUG26-53000-P,28AUG26,53000,P,0.0027,0.0031,0.00284814,172.19773800000002,197.708514,46.41,63923.28,728.2,169.4,,,,,
deribit,BTC,option,BTC-26MAR27-72000-C,26MAR27,72000,C,0.089,0.091,0.08996347,5676.14766,5803.70154,40.04,65502.21,64.1,0.0,,,,,
deribit,BTC,option,BTC-5AUG26-65000-P,5AUG26,65000,P,0.017,0.0245,0.02089621,1084.2079800000001,1562.53503,27.08,63758.1,0.0,0.0,-0.84241,10.43129,0.00021,-84.01812,
deribit,BTC,option,BTC-25JUN27-50000-C,25JUN27,50000,C,0.3025,0.306,0.3048465,19292.52435,19515.74364,46.55,66250.16,17.1,0.1,,,,,
deribit,BTC,option,BTC-25DEC26-55000-C,25DEC26,55000,C,0.191,0.1945,0.19283129,12181.395540000001,12404.61483,43.03,64838.8,43.5,0.0,,,,,
deribit,BTC,option,BTC-25SEP26-52000-C,25SEP26,52000,C,0.194,0.1995,0.19791026,12372.72636,12723.499530000001,45.42,64160.31,75.0,0.0,,,,,
deribit,BTC,option,BTC-28AUG26-69000-P,28AUG26,69000,P,0.0845,0.091,0.08678151,5389.151430000001,5803.70154,30.52,63923.28,49.4,0.0,,,,,
deribit,BTC,option,BTC-25DEC26-240000-C,25DEC26,240000,C,,0.0003,8.23e-05,0.0,19.133081999999998,62.53,64838.7,874.4,0.0,,,,,
deribit,BTC,option,BTC-14AUG26-55000-C,14AUG26,55000,C,0.1075,0.1705,0.1394298,6856.02105,10873.968270000001,48.51,63828.84,0.0,0.0,0.967,8.04145,1e-05,-18.26395,
deribit,BTC,option,BTC-6AUG26-59000-C,6AUG26,59000,C,0.0415,0.1075,0.07517087,2646.74301,6856.02105,47.16,63768.79,0.0,0.0,0.97475,3.22293,2e-05,-28.35181,
deribit,BTC,option,BTC-26MAR27-66000-P,26MAR27,66000,P,0.1335,0.1365,0.13465006,8514.22149,8705.552310000001,40.92,65502.21,124.9,0.0,,,,,
deribit,BTC,option,BTC-25DEC26-75000-C,25DEC26,75000,C,0.0415,0.043,0.04242376,2646.74301,2742.4084199999998,38.04,64838.8,1843.4,100.1,,,,,
deribit,BTC,option,BTC-6AUG26-65500-P,6AUG26,65500,P,0.025,0.0535,0.02891957,1594.4235,3412.06629,28.73,63768.39,0.0,0.0,-0.85539,12.43949,0.00014,-66.64592,
deribit,BTC,option,BTC-26MAR27-35000-P,26MAR27,35000,P,0.013,0.0135,0.01345014,829.10022,860.98869,57.71,65502.21,589.5,3.1,,,,,
deribit,BTC,option,BTC-25JUN27-30000-C,25JUN27,30000,C,0.5595,0.5625,0.56111759,35683.19793,35874.52875,60.31,66250.16,36.6,0.0,,,,,
deribit,BTC,option,BTC-30OCT26-73000-C,30OCT26,73000,C,0.024,0.025,0.02470483,1530.6465600000001,1594.4235,34.99,64404.81,11.1,1.2,,,,,
deribit,BTC,option,BTC-28AUG26-61000-P,28AUG26,61000,P,0.017,0.0175,0.01722649,1084.2079800000001,1116.0964500000002,35.05,63923.28,660.4,132.9,,,,,
deribit,BTC,option,BTC-4AUG26-64000-P,4AUG26,64000,P,0.006,0.007,0.00676093,382.66164000000003,446.43858,26.2,63749.12,3.1,3.1,-0.61237,10.55517,0.00053,-138.24152,
deribit,BTC,option,BTC-21AUG26-61000-P,21AUG26,61000,P,0.012,0.013,0.01233497,765.3232800000001,829.10022,34.47,63881.99,56.7,2.9,-0.25831,45.46086,7e-05,-44.32814,
deribit,BTC,option,BTC-4AUG26-64000-C,4AUG26,64000,C,0.0026,0.0031,0.00282598,165.820044,197.708514,26.2,63749.12,113.6,113.8,0.38763,10.55517,0.00053,-138.24152,
deribit,BTC,option,BTC-5AUG26-64500-C,5AUG26,64500,C,0.0028,0.0033,0.0030622,178.575432,210.46390200000002,27.49,63758.56,212.0,182.5,0.28013,14.57734,0.00028,-119.18553,
deribit,BTC,option,BTC-4AUG26-57000-P,4AUG26,57000,P,,0.0001,1.2e-07,0.0,6.377694000000001,63.13,63749.12,24.4,5.0,-2e-05,0.00205,0.0,-0.0066,
deribit,BTC,option,BTC-25SEP26-50000-P,25SEP26,50000,P,0.006,0.0065,0.0064027,382.66164000000003,414.55011,48.16,64160.31,3708.5,1.6,,,,,
deribit,BTC,option,BTC-7AUG26-80000-P,7AUG26,80000,P,0.2125,0.3,0.25424376,13552.59975,19133.082,56.7,63783.71,0.1,0.0,-0.99996,0.01069,0.0,-0.08235,
deribit,BTC,option,BTC-26MAR27-64000-P,26MAR27,64000,P,0.118,0.12,0.11897851,7525.67892,7653.2328,41.34,65502.21,143.1,0.0,,,,,
deribit,BTC,option,BTC-28AUG26-61000-C,28AUG26,61000,C,0.061,0.0645,0.06296204,3890.39334,4113.6126300000005,35.05,63923.28,591.7,0.0,,,,,
deribit,BTC,option,BTC-26MAR27-115000-P,26MAR27,115000,P,0.7,0.8405,0.76316558,44643.858,53604.518070000006,40.85,65502.21,1.1,0.0,,,,,
deribit,BTC,option,BTC-26MAR27-35000-C,26MAR27,35000,C,0.4775,0.48,0.47912176,30453.48885,30612.9312,57.71,65502.04,5.0,0.0,,,,,
deribit,BTC,option,BTC-25JUN27-54000-P,25JUN27,54000,P,0.0765,0.079,0.07778767,4878.93591,5038.37826,45.17,66250.16,17.9,0.0,,,,,
deribit,BTC,option,BTC-14AUG26-63000-C,14AUG26,63000,C,0.0285,0.0295,0.02891257,1817.64279,1881.41973,32.17,63828.84,43.8,2.7,0.60638,42.01355,0.00011,-63.26595,
deribit,BTC,option,BTC-25SEP26-140000-P,25SEP26,140000,P,1.1085,1.2625,1.18217244,70696.73799000001,80518.38675,67.85,64160.31,1.4,0.0,,,,,
deribit,BTC,option,BTC-21AUG26-59000-P,21AUG26,59000,P,0.0065,0.0075,0.00697029,414.55011,478.32705,37.29,63881.99,101.7,0.2,-0.15581,33.62459,5e-05,-35.45872,
deribit,BTC,option,BTC-28AUG26-70000-C,28AUG26,70000,C,0.0048,0.0055,0.00525493,306.12931199999997,350.77317,30.59,63923.28,2031.2,389.8,,,,,
deribit,BTC,option,BTC-26MAR27-108000-P,26MAR27,108000,P,0.6555,0.665,0.65948582,41805.78417,42411.665100000006,40.22,65502.21,0.1,0.0,,,,,
deribit,BTC,option,BTC-26MAR27-180000-C,26MAR27,180000,C,0.0009,0.0014,0.00107625,57.399246,89.287716,49.28,65502.21,641.5,0.0,,,,,
deribit,BTC,option,BTC-26MAR27-84000-P,26MAR27,84000,P,0.3235,0.3295,0.32582029,20631.84009,21014.50173,39.31,65502.04,55.1,0.0,,,,,
deribit,BTC,option,BTC-28AUG26-76000-P,28AUG26,76000,P,0.1495,0.235,0.18980771,9534.65253,14987.580899999999,33.81,63923.11,5.4,0.0,,,,,
deribit,BTC,option,BTC-4AUG26-65500-C,4AUG26,65500,C,,0.0002,0.00011969,0.0,12.755388000000002,31.49,63749.12,49.5,24.5,0.02628,1.67963,7e-05,-8.81606,
deribit,BTC,option,BTC-30OCT26-72000-P,30OCT26,72000,P,0.144,0.1485,0.14620728,9183.879359999999,9470.87559,35.08,64404.81,0.0,0.0,,,,,
deribit,BTC,option,BTC-7AUG26-65000-C,7AUG26,65000,C,0.0048,0.0055,0.0049287,306.12931199999997,350.77317,30.06,63783.84,404.3,220.2,0.27429,21.35337,0.00017,-87.2004,
deribit,BTC,option,BTC-7AUG26-61000-C,7AUG26,61000,C,0.0425,0.048,0.04607398,2710.5199500000003,3061.2931200000003,39.02,63783.71,42.6,0.0,0.87849,12.93143,8e-05,-68.53665,
deribit,BTC,option,BTC-30OCT26-50000-P,30OCT26,50000,P,0.0125,0.0135,0.01290062,797.21175,860.98869,45.92,64404.81,66.9,8.2,,,,,
deribit,BTC,option,BTC-7AUG26-69000-C,7AUG26,69000,C,0.0002,0.0003,0.0002616,12.755388000000002,19.133081999999998,37.49,63783.71,1306.1,169.9,0.01969,3.06147,2e-05,-15.58352,
deribit,BTC,option,BTC-6AUG26-62000-P,6AUG26,62000,P,0.0025,0.0029,0.00267801,159.44235,184.953126,34.56,63768.39,6.7,6.8,-0.16417,13.52824,0.00013,-87.18954,
deribit,BTC,option,BTC-5AUG26-69000-P,5AUG26,69000,P,0.046,0.1215,0.08223671,2933.73924,7748.89821,37.14,63758.56,0.0,0.0,-0.99905,0.13872,0.0,-1.53214,
deribit,BTC,option,BTC-25SEP26-120000-C,25SEP26,120000,C,0.0001,0.0003,0.00018184,6.377694000000001,19.133081999999998,57.53,64160.31,1139.5,0.0,,,,,
deribit,BTC,option,BTC-30OCT26-78000-C,30OCT26,78000,C,0.012,0.013,0.01244618,765.3232800000001,829.10022,34.95,64404.81,75.2,63.0,,,,,
deribit,BTC,option,BTC-4AUG26-63000-C,4AUG26,63000,C,0.0105,0.0165,0.01295565,669.6578700000001,1052.31951,29.45,63749.12,44.4,26.9,0.83766,6.76911,0.0003,-99.70356,
deribit,BTC,option,BTC-25SEP26-170000-P,25SEP26,170000,P,1.56,1.746,1.64964071,99492.0264,111354.53724,71.81,64160.31,0.0,0.0,,,,,
deribit,BTC,option,BTC-28AUG26-72000-P,28AUG26,72000,P,0.1265,0.134,0.12891919,8067.782910000001,8546.109960000002,30.8,63923.28,86.3,0.0,,,,,
deribit,BTC,option,BTC-6AUG26-69000-C,6AUG26,69000,C,,0.0001,0.00010726,0.0,6.377694000000001,39.02,63768.39,0.0,0.0,0.00991,1.44628,1e-05,-7.32757,
deribit,BTC,option,BTC-4AUG26-65000-C,4AUG26,65000,C,0.0001,0.0003,0.00023863,6.377694000000001,19.133081999999998,27.11,63749.12,68.7,13.9,0.05479,3.0565,0.00015,-17.65426,
deribit,BTC,option,BTC-26MAR27-88000-C,26MAR27,88000,C,0.0335,0.035,0.03407295,2136.5274900000004,2232.1929000000005,39.33,65502.04,70.6,0.0,,,,,
deribit,BTC,option,BTC-26MAR27-74000-P,26MAR27,74000,P,0.2085,0.212,0.2096108,13297.49199,13520.71128,39.83,65502.21,54.0,1.0,,,,,
deribit,BTC,option,BTC-26MAR27-170000-C,26MAR27,170000,C,0.001,0.0014,0.00115033,63.77694,89.287716,47.29,65502.21,249.3,0.0,,,,,
deribit,BTC,option,BTC-7AUG26-70000-P,7AUG26,70000,P,0.0605,0.138,0.0976145,3858.50487,8801.21772,40.15,63783.71,0.4,0.0,-0.98866,1.90474,1e-05,-10.38418,
deribit,BTC,option,BTC-28AUG26-73000-P,28AUG26,73000,P,0.1055,0.1895,0.14388994,6728.46717,12085.73013,31.38,63923.11,4.7,0.0,,,,,
deribit,BTC,option,BTC-26MAR27-74000-C,26MAR27,74000,C,0.079,0.081,0.07988793,5038.37826,5165.932140000001,39.83,65502.21,50.0,0.0,,,,,
deribit,BTC,option,BTC-14AUG26-72000-C,14AUG26,72000,C,0.0003,0.0005,0.00040599,19.133081999999998,31.88847,33.68,63828.84,1450.5,38.4,0.01978,5.2389,1e-05,-8.25885,
deribit,BTC,option,BTC-25DEC26-64000-P,25DEC26,64000,P,0.091,0.0925,0.09187689,5803.70154,5899.3669500000005,39.59,64838.8,270.6,0.2,,,,,
deribit,BTC,option,BTC-28AUG26-84000-C,28AUG26,84000,C,0.0002,0.0004,0.00026946,12.755388000000002,25.510776000000003,42.36,63923.11,59.9,0.0,,,,,
deribit,BTC,option,BTC-26MAR27-54000-C,26MAR27,54000,C,0.2325,0.236,0.23480763,14828.138550000001,15051.35784,44.35,65502.04,0.1,0.0,,,,,
deribit,BTC,option,BTC-7AUG26-53000-P,7AUG26,53000,P,0.0001,0.0002,0.00017017,6.377694000000001,12.755388000000002,75.77,63783.84,70.8,0.5,-0.00663,1.19066,0.0,-10.57235,
deribit,BTC,option,BTC-25SEP26-115000-C,25SEP26,115000,C,0.0001,0.0003,0.00018234,6.377694000000001,19.133081999999998,54.09,64160.17,2175.6,0.1,,,,,
deribit,BTC,option,BTC-28AUG26-60000-C,28AUG26,60000,C,0.0715,0.077,0.07491734,4560.05121,4910.82438,36.08,63923.28,370.3,2.1,,,,,
deribit,BTC,option,BTC-26MAR27-120000-P,26MAR27,120000,P,0.7725,0.9165,0.83798975,49267.68615,58451.56551,41.43,65502.04,1.8,0.0,,,,,
deribit,BTC,option,BTC-25JUN27-84000-P,25JUN27,84000,P,0.3365,0.343,0.33838217,21460.94031,21875.490420000002,40.76,66250.16,0.1,0.0,,,,,
deribit,BTC,option,BTC-30OCT26-78000-P,30OCT26,78000,P,0.2205,0.226,0.22355409,14062.815270000001,14413.588440000001,34.95,64404.81,0.1,0.0,,,,,
deribit,BTC,option,BTC-21AUG26-66000-C,21AUG26,66000,C,0.013,0.014,0.01333502,829.10022,892.87716,29.93,63881.67,367.0,84.1,0.32318,50.4989,9e-05,-42.7382,
deribit,BTC,option,BTC-26MAR27-104000-P,26MAR27,104000,P,0.5975,0.6065,0.60124375,38106.72165000001,38680.71411,40.09,65502.21,0.1,0.0,,,,,
deribit,BTC,option,BTC-6AUG26-59000-P,6AUG26,59000,P,0.0003,0.0006,0.00040548,19.133081999999998,38.266163999999996,47.16,63768.39,7.9,7.0,-0.02526,3.22341,2e-05,-24.60841,
deribit,BTC,option,BTC-6AUG26-61000-P,6AUG26,61000,P,0.0012,0.0015,0.00131759,76.53232799999999,95.66541000000001,38.37,63768.39,7.9,8.1,-0.08413,8.44269,7e-05,-60.41697,
deribit,BTC,option,BTC-28AUG26-57000-P,28AUG26,57000,P,0.0065,0.007,0.00676488,414.55011,446.43858,40.11,63923.11,984.4,510.7,,,,,
deribit,BTC,option,BTC-26MAR27-94000-P,26MAR27,94000,P,0.4555,0.4635,0.45865473,29050.396170000004,29560.61169,39.39,65502.21,9.1,0.0,,,,,
deribit,BTC,option,BTC-25DEC26-100000-P,25DEC26,100000,P,0.543,0.5545,0.5474769,34630.87842,35364.31323,39.81,64838.8,303.3,0.0,,,,,
deribit,BTC,option,BTC-25DEC26-75000-P,25DEC26,75000,P,0.198,0.201,0.19914392,12627.834120000001,12819.16494,38.04,64838.8,897.2,0.0,,,,,
deribit,BTC,option,BTC-28AUG26-70000-P,28AUG26,70000,P,0.098,0.105,0.1003125,6250.14012,6696.5787,30.59,63923.28,181.5,0.0,,,,,
deribit,BTC,option,BTC-28AUG26-60000-P,28AUG26,60000,P,0.013,0.014,0.01353811,829.10022,892.87716,36.08,63923.28,1952.0,216.3,,,,,
deribit,BTC,option,BTC-25SEP26-130000-C,25SEP26,130000,C,0.0001,0.0003,0.00018148,6.377694000000001,19.133081999999998,63.93,64160.31,1431.6,0.0,,,,,
deribit,BTC,option,BTC-26MAR27-76000-C,26MAR27,76000,C,0.07,0.0715,0.07080528,4464.385800000001,4560.05121,39.66,65502.21,299.7,13.7,,,,,
deribit,BTC,option,BTC-25JUN27-92000-C,25JUN27,92000,C,0.0475,0.0495,0.0486146,3029.40465,3156.9585300000003,40.6,66250.16,3.3,0.0,,,,,
deribit,BTC,option,BTC-30OCT26-65000-P,30OCT26,65000,P,0.0755,0.077,0.0765101,4815.15897,4910.82438,36.6,64404.81,63.8,2.0,,,,,
deribit,BTC,option,BTC-30OCT26-59000-P,30OCT26,59000,P,0.038,0.0395,0.03858307,2423.52372,2519.18913,39.05,64404.81,0.6,0.1,,,,,
deribit,BTC,option,BTC-25SEP26-92000-C,25SEP26,92000,C,0.0004,0.0006,0.00054259,25.510776000000003,38.266163999999996,40.04,64160.31,490.0,0.0,,,,,
deribit,BTC,option,BTC-25SEP26-125000-C,25SEP26,125000,C,0.0001,0.0003,0.00018165,6.377694000000001,19.133081999999998,60.81,64160.17,2323.7,0.1,,,,,
deribit,BTC,option,BTC-30OCT26-82000-C,30OCT26,82000,C,0.0065,0.0075,0.00707314,414.55011,478.32705,35.15,64404.81,4.4,0.7,,,,,
deribit,BTC,option,BTC-25DEC26-120000-P,25DEC26,120000,P,0.8475,0.8605,0.85226456,54050.95665000001,54880.05687000001,43.4,64838.7,35.6,0.0,,,,,
deribit,BTC,option,BTC-21AUG26-60000-P,21AUG26,60000,P,0.009,0.0095,0.00929629,573.9924599999999,605.88093,35.88,63881.67,546.3,14.5,-0.20149,39.5473,6e-05,-40.12052,
deribit,BTC,option,BTC-28AUG26-56000-C,28AUG26,56000,C,0.1255,0.1315,0.12935697,8004.00597,8386.66761,41.59,63923.28,63.4,0.0,,,,,
deribit,BTC,option,BTC-25DEC26-220000-P,25DEC26,220000,P,2.2785,2.5175,2.39314589,145315.75779,160558.44645000002,59.49,64838.7,0.0,0.0,,,,,
deribit,BTC,option,BTC-25JUN27-70000-P,25JUN27,70000,P,0.19,0.1925,0.19067376,12117.6186,12277.060950000001,41.77,66250.16,9.5,0.0,,,,,
deribit,BTC,option,BTC-26MAR27-65000-C,26MAR27,65000,C,0.133,0.1355,0.13431511,8482.33302,8641.775370000001,41.12,65502.21,211.5,25.0,,,,,
deribit,BTC,option,BTC-26MAR27-130000-C,26MAR27,130000,C,0.0037,0.0042,0.00395963,235.974678,267.86314799999997,42.59,65502.21,1057.3,0.1,,,,,
deribit,BTC,option,BTC-25SEP26-175000-C,25SEP26,175000,C,,0.0002,1.269e-05,0.0,12.755388000000002,71.81,64160.31,1355.3,0.0,,,,,
deribit,BTC,option,BTC-28AUG26-74000-P,28AUG26,74000,P,0.1195,0.2045,0.15906109,7621.34433,13042.38423,32.04,63923.11,3.3,0.0,,,,,
deribit,BTC,option,BTC-28AUG26-50000-C,28AUG26,50000,C,0.2155,0.2215,0.21943056,13743.93057,14126.59221,51.89,63923.28,51.0,0.0,,,,,
deribit,BTC,option,BTC-14AUG26-65000-C,14AUG26,65000,C,0.0125,0.013,0.01263033,797.21175,829.10022,29.79,63828.84,391.8,274.0,0.37219,41.31648,0.00012,-57.61481,
deribit,BTC,option,BTC-26MAR27-84000-C,26MAR27,84000,C,0.043,0.044,0.04343216,2742.4084199999998,2806.18536,39.31,65502.21,242.5,0.0,,,,,
deribit,BTC,option,BTC-25JUN27-160000-C,25JUN27,160000,C,0.0038,0.0045,0.00418505,242.352372,286.99622999999997,44.51,66250.16,513.3,0.0,,,,,
deribit,BTC,option,BTC-25JUN27-170000-P,25JUN27,170000,P,1.4805,1.6725,1.56936709,94421.75967,106666.93215000001,45.45,66250.16,14.6,0.0,,,,,
deribit,BTC,option,BTC-25SEP26-86000-P,25SEP26,86000,P,0.2955,0.393,0.34150078,18846.08577,25064.337420000003,37.03,64160.17,11.6,0.0,,,,,
deribit,BTC,option,BTC-21AUG26-75000-C,21AUG26,75000,C,0.0005,0.0006,0.00056708,31.88847,38.266163999999996,35.02,63881.99,1141.5,308.3,0.0206,6.98189,1e-05,-6.91219,
deribit,BTC,option,BTC-6AUG26-61500-C,6AUG26,61500,C,0.0335,0.0555,0.03743296,2136.5274900000004,3539.62017,36.46,63768.39,0.0,0.0,0.88248,10.77746,0.0001,-73.28099,
deribit,BTC,option,BTC-5AUG26-59000-C,5AUG26,59000,C,0.0415,0.107,0.07478432,2646.74301,6824.13258,52.11,63758.1,0.0,0.0,0.98696,1.45317,1e-05,-22.52647,
deribit,BTC,option,BTC-25SEP26-68000-C,25SEP26,68000,C,0.027,0.028,0.02719064,1721.97738,1785.75432,33.15,64160.31,870.6,22.9,,,,,
deribit,BTC,option,BTC-14AUG26-62000-C,14AUG26,62000,C,0.038,0.041,0.03971669,2423.52372,2614.8545400000003,33.54,63828.84,5.7,2.0,0.70559,37.65052,9e-05,-59.11625,
deribit,BTC,option,BTC-25SEP26-280000-C,25SEP26,280000,C,,0.0001,1.2e-07,0.0,6.377694000000001,81.51,64160.17,91.7,0.0,,,,,
deribit,BTC,option,BTC-25DEC26-230000-C,25DEC26,230000,C,,0.0003,0.00011856,0.0,19.133081999999998,62.41,64838.7,195.9,0.0,,,,,
deribit,BTC,option,BTC-25DEC26-50000-P,25DEC26,50000,P,0.025,0.026,0.02560751,1594.4235,1658.20044,46.23,64838.8,1865.2,49.3,,,,,
deribit,BTC,option,BTC-28AUG26-65000-C,28AUG26,65000,C,0.025,0.026,0.02548159,1594.4235,1658.20044,31.77,63923.28,1287.0,134.5,,,,,
deribit,BTC,option,BTC-28AUG26-68000-P,28AUG26,68000,P,0.072,0.078,0.07397353,4591.9396799999995,4974.60132,30.52,63923.28,89.4,0.0,,,,,
deribit,BTC,option,BTC-28AUG26-76000-C,28AUG26,76000,C,0.0008,0.001,0.00088453,51.02155200000001,63.77694,33.81,63923.11,766.0,40.6,,,,,
deribit,BTC,option,BTC-25DEC26-54000-P,25DEC26,54000,P,0.0365,0.038,0.03741671,2327.85831,2423.52372,43.61,64838.8,1811.3,0.0,,,,,
deribit,BTC,option,BTC-25DEC26-92000-P,25DEC26,92000,P,0.425,0.4345,0.428451,27105.1995,27711.08043,38.61,64838.7,4.6,0.0,,,,,
deribit,BTC,option,BTC-28AUG26-40000-C,28AUG26,40000,C,0.352,0.3975,0.37449598,22449.48288,25351.33365,70.59,63923.11,23.4,0.0,,,,,
deribit,BTC,option,BTC-26MAR27-78000-P,26MAR27,78000,P,0.252,0.2565,0.25347223,16071.78888,16358.78511,39.52,65502.21,183.0,0.6,,,,,
deribit,BTC,option,BTC-5AUG26-61500-C,5AUG26,61500,C,0.0325,0.0405,0.03622443,2072.75055,2582.9660700000004,36.84,63758.1,0.0,0.0,0.93066,5.77144,8e-05,-63.24846,
deribit,BTC,option,BTC-25SEP26-54000-C,25SEP26,54000,C,0.1655,0.171,0.16923308,10555.08357,10905.856740000001,42.59,64160.31,7.2,0.0,,,,,
deribit,BTC,option,BTC-25DEC26-108000-C,25DEC26,108000,C,0.0027,0.0031,0.00292572,172.19773800000002,197.708514,41.0,64838.7,122.2,0.0,,,,,
deribit,BTC,option,BTC-25DEC26-60000-P,25DEC26,60000,P,0.0645,0.066,0.0652408,4113.6126300000005,4209.27804,40.83,64838.8,6447.3,1.9,,,,,
deribit,BTC,option,BTC-21AUG26-55000-C,21AUG26,55000,C,0.1375,0.1435,0.14146386,8769.32925,9151.99089,44.27,63881.67,0.0,0.0,0.94377,15.92,2e-05,-19.93334,
deribit,BTC,option,BTC-25JUN27-58000-C,25JUN27,58000,C,0.222,0.2255,0.22449907,14158.48068,14381.699970000001,44.04,66250.24,4.8,0.0,,,,,
deribit,BTC,option,BTC-25DEC26-250000-P,25DEC26,250000,P,2.726,2.997,2.85580102,173855.93844,191139.48918,62.95,64838.7,10.0,0.0,,,,,
deribit,BTC,option,BTC-4AUG26-68000-C,4AUG26,68000,C,,0.0001,6e-08,0.0,6.377694000000001,36.11,63749.12,48.8,0.0,2e-05,0.00256,0.0,-0.00489,
deribit,BTC,option,BTC-25SEP26-85000-C,25SEP26,85000,C,0.0011,0.0014,0.00126353,70.154634,89.287716,36.55,64160.31,1193.8,3.8,,,,,
deribit,BTC,option,BTC-5AUG26-60000-P,5AUG26,60000,P,0.0002,0.0004,0.00029025,12.755388000000002,25.510776000000003,45.82,63758.56,43.8,26.8,-0.02355,2.40616,3e-05,-17.3245,
deribit,BTC,option,BTC-26MAR27-190000-P,26MAR27,190000,P,1.8025,2.012,1.90157147,114957.93435000001,128319.20328,50.68,65502.21,0.9,0.0,,,,,
deribit,BTC,option,BTC-25DEC26-160000-C,25DEC26,160000,C,0.0002,0.0007,0.0003269,12.755388000000002,44.643858,50.67,64838.7,1224.0,0.0,,,,,
deribit,BTC,option,BTC-25DEC26-88000-P,25DEC26,88000,P,0.3675,0.374,0.37049055,23438.02545,23852.57556,38.13,64838.7,4.2,0.0,,,,,
deribit,BTC,option,BTC-25DEC26-96000-P,25DEC26,96000,P,0.484,0.494,0.48749573,30868.03896,31505.80836,39.09,64838.53,11.3,0.0,,,,,
deribit,BTC,option,BTC-25SEP26-96000-P,25SEP26,96000,P,0.446,0.553,0.49669332,28444.51524,35268.647820000006,42.93,64160.17,1.0,0.0,,,,,
deribit,BTC,option,BTC-25DEC26-90000-C,25DEC26,90000,C,0.0105,0.0115,0.01109337,669.6578700000001,733.43481,38.24,64838.7,3301.0,208.1,,,,,
deribit,BTC,option,BTC-26MAR27-66000-C,26MAR27,66000,C,0.1265,0.1285,0.12705939,8067.782910000001,8195.336790000001,40.92,65502.21,17.9,0.2,,,,,
deribit,BTC,option,BTC-25JUN27-62000-P,25JUN27,62000,P,0.125,0.1275,0.12614064,7972.1175,8131.559850000001,43.11,66250.16,37.9,9.5,,,,,
deribit,BTC,option,BTC-6AUG26-60000-P,6AUG26,60000,P,0.0006,0.0008,0.0006589,38.266163999999996,51.02155200000001,42.1,63768.79,6.8,6.7,-0.04265,4.9634,4e-05,-38.97088,
deribit,BTC,option,BTC-26MAR27-200000-P,26MAR27,200000,P,1.9505,2.1685,2.05403736,124396.92147,138300.29439,51.42,65502.21,1.0,0.0,,,,,
deribit,BTC,option,BTC-26MAR27-45000-C,26MAR27,45000,C,0.34,0.3435,0.34217171,21684.159600000003,21907.378890000004,49.01,65502.21,3.3,0.0,,,,,
deribit,BTC,option,BTC-25SEP26-30000-P,25SEP26,30000,P,0.0007,0.0008,0.00078551,44.643858,51.02155200000001,86.54,64160.31,2384.3,45.3,,,,,
deribit,BTC,option,BTC-30OCT26-95000-C,30OCT26,95000,C,0.0014,0.0016,0.00155572,89.287716,102.04310400000001,38.16,64404.81,18.1,1.2,,,,,
deribit,BTC,option,BTC-25SEP26-260000-C,25SEP26,260000,C,,0.0001,1.8e-07,0.0,6.377694000000001,78.83,64160.31,291.7,0.0,,,,,
deribit,BTC,option,BTC-26MAR27-160000-C,26MAR27,160000,C,0.0014,0.0018,0.00155414,89.287716,114.798492,46.39,65502.21,860.5,0.1,,,,,
deribit,BTC,option,BTC-30OCT26-50000-C,30OCT26,50000,C,0.2345,0.2385,0.2365494,14955.69243,15210.80019,45.92,64404.81,0.1,0.0,,,,,
deribit,BTC,option,BTC-21AUG26-55000-P,21AUG26,55000,P,0.0023,0.0025,0.0024365,146.686962,159.44235,44.27,63881.67,38.4,1.0,-0.05623,15.92,2e-05,-19.93334,
deribit,BTC,option,BTC-25DEC26-66000-P,25DEC26,66000,P,0.107,0.109,0.10777161,6824.13258,6951.68646,39.12,64838.8,366.6,0.0,,,,,
deribit,BTC,option,BTC-25SEP26-82000-C,25SEP26,82000,C,0.0017,0.002,0.00186689,108.420798,127.55388,34.86,64160.31,2524.4,7.0,,,,,
deribit,BTC,option,BTC-14AUG26-66000-P,14AUG26,66000,P,0.0395,0.0455,0.04164652,2519.18913,2901.85077,29.18,63828.84,3.2,0.0,-0.73889,35.50454,0.0001,-48.48606,
deribit,BTC,option,BTC-26MAR27-92000-P,26MAR27,92000,P,0.4285,0.4355,0.43117894,27328.41879,27774.85737,39.35,65502.21,0.6,0.0,,,,,
deribit,BTC,option,BTC-25DEC26-190000-P,25DEC26,190000,P,1.8315,2.0385,1.93055962,116807.46561,130009.29219000001,56.36,64838.7,0.0,0.0,,,,,
deribit,BTC,option,BTC-25DEC26-35000-C,25DEC26,35000,C,0.466,0.468,0.46714026,29720.054040000003,29847.607920000002,62.3,64838.7,77.7,0.0,,,,,
deribit,BTC,option,BTC-25DEC26-160000-P,25DEC26,160000,P,1.3845,1.5605,1.468,88299.17343000001,99523.91487000001,50.67,64838.7,0.0,0.0,,,,,
deribit,BTC,option,BTC-25DEC26-120000-C,25DEC26,120000,C,0.0013,0.0016,0.00150973,82.910022,102.04310400000001,43.4,64838.7,6033.2,0.1,,,,,
deribit,BTC,option,BTC-26MAR27-72000-P,26MAR27,72000,P,0.188,0.192,0.18915329,11990.06472,12245.172480000001,40.04,65502.04,139.1,0.0,,,,,
deribit,BTC,option,BTC-7AUG26-62500-C,7AUG26,62500,C,0.024,0.0275,0.02589621,1530.6465600000001,1753.8658500000001,34.08,63783.84,8.6,8.6,0.73292,21.072,0.00015,-97.53869,
deribit,BTC,option,BTC-21AUG26-65000-C,21AUG26,65000,C,0.019,0.02,0.01920936,1211.76186,1275.5388,30.57,63881.99,44.1,4.7,0.41233,54.74176,9e-05,-47.32317,
deribit,BTC,option,BTC-21AUG26-68000-P,21AUG26,68000,P,0.068,0.0745,0.07034318,4336.8319200000005,4751.38203,29.28,63881.99,0.0,0.0,-0.82491,36.26213,6e-05,-30.03041,
deribit,BTC,option,BTC-6AUG26-66000-P,6AUG26,66000,P,0.031,0.0405,0.03597084,1977.0851400000001,2582.9660700000004,29.02,63768.39,0.0,0.0,-0.91222,8.71566,0.0001,-47.16113,
deribit,BTC,option,BTC-25DEC26-150000-C,25DEC26,150000,C,0.0003,0.0005,0.00042633,19.133081999999998,31.88847,48.76,64838.7,1626.0,0.1,,,,,
deribit,BTC,option,BTC-30OCT26-58000-P,30OCT26,58000,P,0.0335,0.035,0.03417062,2136.5274900000004,2232.1929000000005,39.62,64404.81,9.8,1.5,,,,,
deribit,BTC,option,BTC-26MAR27-58000-P,26MAR27,58000,P,0.0785,0.0805,0.07952235,5006.4897900000005,5134.04367,42.96,65502.21,109.5,0.0,,,,,
deribit,BTC,option,BTC-28AUG26-54000-P,28AUG26,54000,P,0.0033,0.0037,0.00348126,210.46390200000002,235.974678,44.67,63923.11,1482.5,111.5,,,,,
deribit,BTC,option,BTC-28AUG26-81000-C,28AUG26,81000,C,0.0003,0.0005,0.00036233,19.133081999999998,31.88847,38.8,63923.11,1454.4,31.0,,,,,
deribit,BTC,option,BTC-4AUG26-69000-P,4AUG26,69000,P,0.046,0.122,0.08236737,2933.73924,7780.78668,36.85,63749.12,0.0,0.0,-1.0,6e-05,0.0,-0.0011,
deribit,BTC,option,BTC-28AUG26-95000-C,28AUG26,95000,C,0.0001,0.0002,0.00014664,6.377694000000001,12.755388000000002,55.01,63923.11,27.3,0.0,,,,,
deribit,BTC,option,BTC-25JUN27-100000-C,25JUN27,100000,C,0.033,0.0345,0.03388229,2104.63902,2200.30443,40.69,66250.16,64.2,0.5,,,,,
deribit,BTC,option,BTC-6AUG26-56000-C,6AUG26,56000,C,0.09,0.153,0.12195671,5739.9246,9757.87182,63.56,63768.39,0.0,0.0,0.99233,1.15569,1e-05,-13.69799,
deribit,BTC,option,BTC-25SEP26-88000-C,25SEP26,88000,C,0.0008,0.0009,0.00089206,51.02155200000001,57.399246,38.25,64160.31,655.0,0.6,,,,,
deribit,BTC,option,BTC-25DEC26-66000-C,25DEC26,66000,C,0.089,0.0905,0.08985787,5676.14766,5771.81307,39.12,64838.8,262.1,0.3,,,,,
deribit,BTC,option,BTC-25DEC26-102000-C,25DEC26,102000,C,0.0041,0.0045,0.00434475,261.485454,286.99622999999997,39.9,64838.8,214.0,0.1,,,,,
deribit,BTC,option,BTC-28AUG26-69000-C,28AUG26,69000,C,0.007,0.0075,0.00736763,446.43858,478.32705,30.52,63923.28,841.5,123.2,,,,,
deribit,BTC,option,BTC-26MAR27-104000-C,26MAR27,104000,C,0.013,0.014,0.01352512,829.10022,892.87716,40.09,65502.21,101.4,0.1,,,,,
deribit,BTC,option,BTC-30OCT26-84000-C,30OCT26,84000,C,0.005,0.0055,0.00532612,318.8847,350.77317,35.3,64404.81,1.3,0.4,,,,,
deribit,BTC,option,BTC-28AUG26-95000-P,28AUG26,95000,P,0.4365,0.542,0.48630061,27838.63431,34567.101480000005,55.01,63923.11,0.3,0.0,,,,,
deribit,BTC,option,BTC-25DEC26-170000-C,25DEC26,170000,C,0.0001,0.0006,0.00024906,6.377694000000001,38.266163999999996,52.28,64838.53,2384.5,0.5,,,,,
deribit,BTC,option,BTC-25SEP26-65000-C,25SEP26,65000,C,0.0455,0.0465,0.04595277,2901.85077,2965.62771,34.27,64160.31,992.3,194.5,,,,,
deribit,BTC,option,BTC-14AUG26-55000-P,14AUG26,55000,P,0.001,0.0013,0.00111622,63.77694,82.910022,48.51,63828.84,543.8,8.1,-0.03301,8.04176,1e-05,-18.26489,
deribit,BTC,option,BTC-30OCT26-85000-P,30OCT26,85000,P,0.3215,0.3295,0.32450177,20504.286210000002,21014.50173,35.52,64404.81,0.0,0.0,,,,,
deribit,BTC,option,BTC-26MAR27-130000-P,26MAR27,130000,P,0.919,1.07,0.98860792,58611.007860000005,68241.3258,42.59,65502.21,0.3,0.0,,,,,
deribit,BTC,option,BTC-21AUG26-72000-P,21AUG26,72000,P,0.09,0.172,0.12823255,5739.9246,10969.633679999999,30.9,63881.67,0.0,0.0,-0.95745,12.74065,2e-05,-11.13178,
deribit,BTC,option,BTC-26MAR27-80000-P,26MAR27,80000,P,0.275,0.28,0.27674519,17538.6585,17857.543200000004,39.4,65502.21,139.2,0.2,,,,,
deribit,BTC,option,BTC-14AUG26-61000-C,14AUG26,61000,C,0.0485,0.054,0.05198778,3093.18159,3443.95476,35.19,63828.84,0.0,0.0,0.78457,31.94937,8e-05,-52.61876,
deribit,BTC,option,BTC-28AUG26-62000-C,28AUG26,62000,C,0.051,0.053,0.05188781,3252.62394,3380.17782,34.06,63923.28,896.1,0.1,,,,,
deribit,BTC,option,BTC-7AUG26-62500-P,7AUG26,62500,P,0.0055,0.006,0.00577084,350.77317,382.66164000000003,34.08,63783.84,54.8,36.3,-0.26708,21.072,0.00015,-97.53869,
deribit,BTC,option,BTC-21AUG26-53000-C,21AUG26,53000,C,0.141,0.203,0.1718477,8992.54854,12946.718820000002,48.14,63881.67,0.0,0.0,0.96545,10.75315,1e-05,-14.64067,
deribit,BTC,option,BTC-7AUG26-61500-P,7AUG26,61500,P,0.003,0.0034,0.00320591,191.33082000000002,216.841596,37.23,63783.84,19.3,22.3,-0.15782,15.45169,0.0001,-78.13732,
deribit,BTC,option,BTC-30OCT26-52000-C,30OCT26,52000,C,0.207,0.211,0.20896997,13201.826579999999,13456.93434,44.04,64404.81,0.1,0.0,,,,,
deribit,BTC,option,BTC-6AUG26-63500-P,6AUG26,63500,P,0.008,0.009,0.00846954,510.21552,573.9924599999999,30.58,63768.39,0.3,0.4,-0.42505,21.42649,0.00023,-122.17537,
deribit,BTC,option,BTC-25SEP26-300000-C,25SEP26,300000,C,,0.0001,1.2e-07,0.0,6.377694000000001,84.97,64160.17,192.1,0.0,,,,,
deribit,BTC,option,BTC-26MAR27-40000-C,26MAR27,40000,C,0.407,0.4105,0.4092655,25957.21458,26180.43387,53.03,65502.21,81.3,0.0,,,,,
deribit,BTC,option,BTC-25SEP26-135000-C,25SEP26,135000,C,,0.0002,0.00017165,0.0,12.755388000000002,66.59,64160.31,271.8,3.7,,,,,
deribit,BTC,option,BTC-25JUN27-64000-C,25JUN27,64000,C,0.1735,0.1755,0.17489017,11065.29909,11192.85297,42.76,66250.16,18.1,0.1,,,,,
deribit,BTC,option,BTC-25SEP26-72000-P,25SEP26,72000,P,0.132,0.139,0.13438372,8418.55608,8864.99466,32.37,64160.31,272.7,0.0,,,,,
deribit,BTC,option,BTC-26MAR27-85000-P,26MAR27,85000,P,0.336,0.3425,0.33852086,21429.051840000004,21843.601950000004,39.31,65502.21,0.9,0.0,,,,,
deribit,BTC,option,BTC-28AUG26-55000-C,28AUG26,55000,C,0.1405,0.146,0.14392492,8960.660070000002,9311.43324,43.1,63923.28,11.8,0.0,,,,,
deribit,BTC,option,BTC-25SEP26-62000-P,25SEP26,62000,P,0.0375,0.0385,0.03828218,2391.63525,2455.41219,35.89,64160.31,1110.2,36.0,,,,,
deribit,BTC,option,BTC-5AUG26-68000-C,5AUG26,68000,C,,0.0001,3.748e-05,0.0,6.377694000000001,36.51,63758.1,1.5,0.4,0.00523,0.65168,1e-05,-2.6423,
deribit,BTC,option,BTC-26MAR27-55000-C,26MAR27,55000,C,0.2215,0.2255,0.22414039,14126.59221,14381.699970000001,43.96,65502.21,28.6,0.0,,,,,
deribit,BTC,option,BTC-30OCT26-75000-P,30OCT26,75000,P,0.1805,0.1875,0.18339592,11511.73767,11958.17625,34.93,64404.81,1.1,0.0,,,,,
deribit,BTC,option,BTC-26MAR27-62000-C,26MAR27,62000,C,0.156,0.159,0.15816947,9949.20264,10140.53346,41.86,65502.21,42.2,0.0,,,,,
deribit,BTC,option,BTC-28AUG26-110000-C,28AUG26,110000,C,,0.0001,4.551e-05,0.0,6.377694000000001,65.75,63923.11,105.0,0.0,,,,,
deribit,BTC,option,BTC-25JUN27-150000-P,25JUN27,150000,P,1.1895,1.3645,1.26964155,75862.67013,87023.63463,43.74,66250.24,0.0,0.0,,,,,
deribit,BTC,option,BTC-25SEP26-120000-P,25SEP26,120000,P,0.865,0.88,0.87050107,55167.053100000005,56123.707200000004,57.53,64160.31,172.5,0.0,,,,,
deribit,BTC,option,BTC-28AUG26-94000-C,28AUG26,94000,C,0.0001,0.0002,0.00014671,6.377694000000001,12.755388000000002,53.71,63923.11,199.3,0.0,,,,,
deribit,BTC,option,BTC-25JUN27-52000-C,25JUN27,52000,C,0.281,0.2845,0.28327375,17921.320140000003,18144.53943,45.82,66250.16,1.1,0.4,,,,,
deribit,BTC,option,BTC-21AUG26-62000-P,21AUG26,62000,P,0.016,0.017,0.01647558,1020.43104,1084.2079800000001,33.35,63881.99,57.7,31.6,-0.32762,50.77912,8e-05,-47.88954,
deribit,BTC,option,BTC-6AUG26-64500-P,6AUG26,64500,P,0.0145,0.0195,0.01682636,924.7656300000001,1243.65033,29.25,63768.39,0.0,0.0,-0.66519,19.91494,0.00023,-108.58621,
deribit,BTC,option,BTC-25SEP26-50000-C,25SEP26,50000,C,0.225,0.2285,0.22710302,14349.811500000002,14573.03079,48.16,64160.31,30.5,0.0,,,,,
deribit,BTC,option,BTC-28AUG26-96000-C,28AUG26,96000,C,0.0001,0.0002,0.00014571,6.377694000000001,12.755388000000002,56.26,63923.11,23.6,0.0,,,,,
deribit,BTC,option,BTC-25SEP26-96000-C,25SEP26,96000,C,0.0003,0.0005,0.00043653,19.133081999999998,31.88847,42.93,64160.31,306.9,0.0,,,,,
deribit,BTC,option,BTC-26MAR27-112000-C,26MAR27,112000,C,0.008,0.009,0.00863988,510.21552,573.9924599999999,40.5,65502.21,62.7,4.0,,,,,
deribit,BTC,option,BTC-30OCT26-84000-P,30OCT26,84000,P,0.3065,0.3145,0.30959617,19547.63211,20057.84763,35.3,64404.81,0.0,0.0,,,,,
deribit,BTC,option,BTC-26MAR27-82000-C,26MAR27,82000,C,0.0485,0.05,0.04902906,3093.18159,3188.847,39.33,65502.21,675.8,1.0,,,,,
deribit,BTC,option,BTC-30OCT26-67000-C,30OCT26,67000,C,0.0525,0.054,0.0534058,3348.28935,3443.95476,36.03,64404.81,0.3,0.3,,,,,
deribit,BTC,option,BTC-25SEP26-55000-C,25SEP26,55000,C,0.152,0.157,0.15561267,9694.09488,10012.979580000001,41.69,64160.31,84.7,0.0,,,,,
deribit,BTC,option,BTC-5AUG26-62000-P,5AUG26,62000,P,0.0012,0.0015,0.00128928,76.53232799999999,95.66541000000001,34.33,63758.56,39.0,9.6,-0.10855,8.06348,0.00013,-76.71513,
deribit,BTC,option,BTC-6AUG26-61500-P,6AUG26,61500,P,0.0017,0.0021,0.00187243,108.420798,133.93157399999998,36.46,63768.39,14.0,13.6,-0.11752,10.77746,0.0001,-73.28099,
deribit,BTC,option,BTC-21AUG26-58000-P,21AUG26,58000,P,0.005,0.0055,0.00534115,318.8847,350.77317,39.01,63881.99,263.6,2.6,-0.121,28.29506,4e-05,-31.2146,
deribit,BTC,option,BTC-25JUN27-88000-C,25JUN27,88000,C,0.0575,0.0595,0.0585595,3667.17405,3794.72793,40.67,66250.24,2.9,0.0,,,,,
deribit,BTC,option,BTC-25DEC26-74000-P,25DEC26,74000,P,0.1865,0.19,0.1875666,11894.39931,12117.6186,38.09,64838.8,106.0,0.0,,,,,
deribit,BTC,option,BTC-25JUN27-45000-C,25JUN27,45000,C,0.3605,0.364,0.36265982,22991.58687,23214.80616,48.78,66250.16,0.6,0.0,,,,,
deribit,BTC,option,BTC-25SEP26-74000-C,25SEP26,74000,C,0.0075,0.0085,0.00812059,478.32705,542.1039900000001,32.49,64160.31,777.0,27.3,,,,,
deribit,BTC,option,BTC-7AUG26-64500-C,7AUG26,64500,C,0.007,0.008,0.00741221,446.43858,510.21552,30.32,63783.84,51.5,22.8,0.36653,24.11866,0.00019,-99.3148,
deribit,BTC,option,BTC-25JUN27-54000-C,25JUN27,54000,C,0.26,0.2635,0.26269849,16582.0044,16805.223690000003,45.17,66250.16,0.7,0.0,,,,,
deribit,BTC,option,BTC-6AUG26-64500-C,6AUG26,64500,C,0.005,0.0055,0.00534106,318.8847,350.77317,29.25,63768.39,11.8,9.3,0.33481,19.91494,0.00023,-108.58621,
deribit,BTC,option,BTC-14AUG26-75000-C,14AUG26,75000,C,0.0002,0.0003,0.00024863,12.755388000000002,19.133081999999998,40.41,63828.84,608.0,0.2,0.01087,3.13002,1e-05,-5.92012,
deribit,BTC,option,BTC-25DEC26-84000-C,25DEC26,84000,C,0.0185,0.0195,0.01914403,1179.87339,1243.65033,38.06,64838.7,764.5,1.0,,,,,
deribit,BTC,option,BTC-30OCT26-65000-C,30OCT26,65000,C,0.0665,0.068,0.06726056,4241.16651,4336.8319200000005,36.6,64404.81,96.4,20.8,,,,,
deribit,BTC,option,BTC-28AUG26-85000-C,28AUG26,85000,C,0.0002,0.0003,0.00025143,12.755388000000002,19.133081999999998,43.61,63923.11,319.2,3.6,,,,,
deribit,BTC,option,BTC-6AUG26-57000-C,6AUG26,57000,C,0.074,0.137,0.10629958,4719.49356,8737.44078,56.98,63768.39,0.0,0.0,0.99024,1.4273,1e-05,-15.16751,
deribit,BTC,option,BTC-7AUG26-80000-C,7AUG26,80000,C,,0.0001,5e-07,0.0,6.377694000000001,56.7,63783.84,573.7,0.0,4e-05,0.01067,0.0,-0.03298,
deribit,BTC,option,BTC-25SEP26-76000-P,25SEP26,76000,P,0.1875,0.195,0.18986654,11958.17625,12436.5033,32.65,64160.31,599.6,0.0,,,,,
deribit,BTC,option,BTC-28AUG26-98000-C,28AUG26,98000,C,0.0001,0.0002,0.00014557,6.377694000000001,12.755388000000002,58.77,63923.11,156.9,4.0,,,,,
deribit,BTC,option,BTC-25SEP26-54000-P,25SEP26,54000,P,0.0105,0.0115,0.01087673,669.6578700000001,733.43481,42.59,64160.31,514.6,2.0,,,,,
deribit,BTC,option,BTC-28AUG26-100000-C,28AUG26,100000,C,,0.0002,0.00014231,0.0,12.755388000000002,61.08,63923.11,189.8,10.4,,,,,
deribit,BTC,option,BTC-25DEC26-76000-C,25DEC26,76000,C,0.038,0.0395,0.03887973,2423.52372,2519.18913,38.0,64838.8,388.7,0.3,,,,,
deribit,BTC,option,BTC-25JUN27-86000-P,25JUN27,86000,P,0.3605,0.3665,0.36229403,22991.58687,23374.24851,40.69,66250.16,0.1,0.0,,,,,
deribit,BTC,option,BTC-14AUG26-72000-P,14AUG26,72000,P,0.0905,0.1705,0.12843188,5771.81307,10873.968270000001,33.68,63828.54,0.0,0.0,-0.98018,5.24755,1e-05,-8.27249,
deribit,BTC,option,BTC-4AUG26-70000-P,4AUG26,70000,P,0.061,0.1375,0.09805386,3890.39334,8769.32925,41.63,63749.12,0.0,0.0,-1.0,2e-05,0.0,-0.00038,
deribit,BTC,option,BTC-5AUG26-60500-C,5AUG26,60500,C,0.0175,0.0845,0.05148543,1116.0964500000002,5389.151430000001,42.78,63758.56,0.0,0.0,0.96738,3.15782,4e-05,-40.1824,
deribit,BTC,option,BTC-25JUN27-92000-P,25JUN27,92000,P,0.435,0.4425,0.43728385,27742.9689,28221.29595,40.6,66250.16,0.1,0.0,,,,,
deribit,BTC,option,BTC-28AUG26-82000-C,28AUG26,82000,C,0.0003,0.0004,0.00035392,19.133081999999998,25.510776000000003,40.41,63923.11,1505.6,0.1,,,,,
deribit,BTC,option,BTC-25DEC26-104000-C,25DEC26,104000,C,0.0036,0.0039,0.00382284,229.596984,248.730066,40.31,64838.8,85.2,0.1,,,,,
deribit,BTC,option,BTC-7AUG26-63000-C,7AUG26,63000,C,0.0195,0.0205,0.02014069,1243.65033,1307.4272700000001,32.88,63783.84,163.2,94.9,0.6561,23.58094,0.00017,-105.2992,
deribit,BTC,option,BTC-25SEP26-66000-C,25SEP26,66000,C,0.0385,0.0395,0.03888594,2455.41219,2519.18913,33.83,64160.31,988.8,0.2,,,,,
deribit,BTC,option,BTC-25SEP26-155000-P,25SEP26,155000,P,1.3345,1.5045,1.41589028,85110.32643,95952.40623,70.97,64160.31,0.1,0.0,,,,,
deribit,BTC,option,BTC-25SEP26-105000-C,25SEP26,105000,C,0.0002,0.0006,0.00032999,12.755388000000002,38.266163999999996,49.5,64160.31,1207.0,2.0,,,,,
deribit,BTC,option,BTC-6AUG26-63000-P,6AUG26,63000,P,0.005,0.006,0.0057089,318.8847,382.66164000000003,31.38,63768.39,0.7,0.6,-0.31604,19.4504,0.00021,-113.81348,
deribit,BTC,option,BTC-25DEC26-88000-C,25DEC26,88000,C,0.013,0.0135,0.01327035,829.10022,860.98869,38.13,64838.7,2556.1,12.3,,,,,
deribit,BTC,option,BTC-30OCT26-72000-C,30OCT26,72000,C,0.0275,0.029,0.02826152,1753.8658500000001,1849.5312600000002,35.08,64404.81,10.5,0.2,,,,,
deribit,BTC,option,BTC-14AUG26-68000-P,14AUG26,68000,P,0.0655,0.07,0.0677651,4177.38957,4464.385800000001,28.86,63828.84,0.0,0.0,-0.89493,19.86828,6e-05,-26.83699,
deribit,BTC,option,BTC-6AUG26-58000-P,6AUG26,58000,P,0.0002,0.0004,0.00027056,12.755388000000002,25.510776000000003,52.45,63768.39,32.5,5.3,-0.01605,2.19513,1e-05,-16.45971,
deribit,BTC,option,BTC-25JUN27-56000-P,25JUN27,56000,P,0.087,0.0895,0.0884226,5548.59378,5708.03613,44.59,66250.16,41.6,0.0,,,,,
deribit,BTC,option,BTC-26MAR27-105000-P,26MAR27,105000,P,0.612,0.621,0.61570525,39031.48728,39605.47974,40.1,65502.21,0.1,0.0,,,,,
deribit,BTC,option,BTC-28AUG26-80000-P,28AUG26,80000,P,0.2485,0.258,0.25189794,15848.569590000001,16454.450520000002,37.52,63923.28,29.5,0.0,,,,,
deribit,BTC,option,BTC-6AUG26-58000-C,6AUG26,58000,C,0.057,0.122,0.09071789,3635.28558,7780.78668,52.45,63768.39,0.0,0.0,0.98407,2.18145,1e-05,-21.34001,
deribit,BTC,option,BTC-30OCT26-63000-C,30OCT26,63000,C,0.0825,0.084,0.08339564,5261.59755,5357.262960000001,37.27,64404.81,112.0,3.0,,,,,
deribit,BTC,option,BTC-30OCT26-90000-P,30OCT26,90000,P,0.352,0.4565,0.40002798,22449.48288,29114.173110000003,36.7,64404.81,0.1,0.0,,,,,
deribit,BTC,option,BTC-14AUG26-59000-C,14AUG26,59000,C,0.0755,0.0815,0.07940194,4815.15897,5197.820610000001,39.01,63828.54,0.0,0.0,0.88808,20.7937,4e-05,-37.96693,
deribit,BTC,option,BTC-25JUN27-105000-P,25JUN27,105000,P,0.6095,0.618,0.61223515,38872.044930000004,39414.14892,40.88,66250.16,0.1,0.0,,,,,
deribit,BTC,option,BTC-28AUG26-52000-P,28AUG26,52000,P,0.0023,0.0025,0.0023447,146.686962,159.44235,48.2,63923.28,1284.5,101.3,,,,,
deribit,BTC,option,BTC-30OCT26-73000-P,30OCT26,73000,P,0.1555,0.1625,0.15817762,9917.31417,10363.752750000001,34.99,64404.81,0.0,0.0,,,,,
deribit,BTC,option,BTC-25SEP26-82000-P,25SEP26,82000,P,0.2765,0.286,0.27991837,17634.323910000003,18240.20484,34.86,64160.31,194.1,0.0,,,,,
deribit,BTC,option,BTC-26MAR27-112000-P,26MAR27,112000,P,0.7145,0.7245,0.71849071,45568.62363,46206.39303000001,40.5,65502.21,0.1,0.0,,,,,
deribit,BTC,option,BTC-14AUG26-60000-P,14AUG26,60000,P,0.005,0.0055,0.00534038,318.8847,350.77317,37.01,63828.84,1861.3,46.4,-0.15553,26.08449,6e-05,-45.18981,
deribit,BTC,option,BTC-25DEC26-58000-C,25DEC26,58000,C,0.1585,0.1615,0.1599282,10108.64499,10299.97581,41.63,64838.7,41.8,0.0,,,,,
deribit,BTC,option,BTC-28AUG26-65000-P,28AUG26,65000,P,0.0415,0.043,0.04232076,2646.74301,2742.4084199999998,31.77,63923.28,854.5,2.6,,,,,
deribit,BTC,option,BTC-30OCT26-56000-P,30OCT26,56000,P,0.026,0.0275,0.02673974,1658.20044,1753.8658500000001,40.9,64404.81,6.1,0.0,,,,,
deribit,BTC,option,BTC-4AUG26-71000-P,4AUG26,71000,P,0.0765,0.1545,0.11374034,4878.93591,9853.53723,42.74,63749.12,0.0,0.0,-1.0,0.0,0.0,-1e-05,
deribit,BTC,option,BTC-21AUG26-62000-C,21AUG26,62000,C,0.0445,0.0465,0.0459246,2838.07383,2965.62771,33.35,63881.99,15.1,11.1,0.6724,50.77818,8e-05,-47.8882,
deribit,BTC,option,BTC-6AUG26-71000-P,6AUG26,71000,P,0.076,0.154,0.11343466,4847.04744,9821.64876,42.32,63768.39,0.0,0.0,-0.99832,0.29616,0.0,-2.33746,
deribit,BTC,option,BTC-25SEP26-66000-P,25SEP26,66000,P,0.067,0.068,0.06756152,4273.054980000001,4336.8319200000005,33.83,64160.31,852.8,0.2,,,,,
deribit,BTC,option,BTC-5AUG26-59000-P,5AUG26,59000,P,0.0001,0.0003,0.00016985,6.377694000000001,19.133081999999998,52.11,63758.1,70.9,8.2,-0.01291,1.441,1e-05,-10.18232,
deribit,BTC,option,BTC-25JUN27-90000-C,25JUN27,90000,C,0.0525,0.0545,0.05323492,3348.28935,3475.84323,40.59,66250.16,77.9,0.4,,,,,
deribit,BTC,option,BTC-25DEC26-85000-C,25DEC26,85000,C,0.017,0.0175,0.01750238,1084.2079800000001,1116.0964500000002,38.09,64838.8,2245.5,6.9,,,,,
deribit,BTC,option,BTC-5AUG26-60500-P,5AUG26,60500,P,0.0003,0.0005,0.00039743,19.133081999999998,31.88847,42.78,63758.56,9.2,5.3,-0.03263,3.15843,4e-05,-23.70889,
deribit,BTC,option,BTC-25DEC26-98000-P,25DEC26,98000,P,0.463,0.5815,0.51727787,29528.723220000003,37086.290610000004,39.27,64838.7,1.2,0.0,,,,,
deribit,BTC,option,BTC-28AUG26-90000-P,28AUG26,90000,P,0.3605,0.46,0.40811904,22991.58687,29337.3924,49.45,63923.11,11.1,0.0,,,,,
deribit,BTC,option,BTC-26MAR27-78000-C,26MAR27,78000,C,0.062,0.0635,0.06268326,3954.1702800000003,4049.8356900000003,39.52,65502.21,389.6,2.0,,,,,
deribit,BTC,option,BTC-28AUG26-85000-P,28AUG26,85000,P,0.285,0.379,0.32996814,18176.4279,24171.46026,43.61,63923.11,0.8,0.1,,,,,
deribit,BTC,option,BTC-25SEP26-200000-P,25SEP26,200000,P,2.012,2.23,2.11720385,128319.20328,142222.5762,72.99,64160.31,0.1,0.0,,,,,
deribit,BTC,option,BTC-28AUG26-68000-C,28AUG26,68000,C,0.01,0.0105,0.01020258,637.7694,669.6578700000001,30.52,63923.28,927.5,78.4,,,,,
deribit,BTC,option,BTC-28AUG26-52000-C,28AUG26,52000,C,0.185,0.191,0.18887115,11798.733900000001,12181.395540000001,48.2,63923.11,51.0,0.0,,,,,
deribit,BTC,option,BTC-25DEC26-78000-C,25DEC26,78000,C,0.032,0.033,0.03267606,2040.86208,2104.63902,37.99,64838.8,411.8,2.5,,,,,
deribit,BTC,option,BTC-25SEP26-85000-P,25SEP26,85000,P,0.322,0.3325,0.32607298,20536.17468,21205.832550000003,36.55,64160.31,453.7,0.0,,,,,
deribit,BTC,option,BTC-28AUG26-54000-C,28AUG26,54000,C,0.155,0.161,0.15872239,9885.4257,10268.08734,44.67,63923.28,12.2,1.0,,,,,
deribit,BTC,option,BTC-5AUG26-70000-C,5AUG26,70000,C,,0.0001,2.54e-06,0.0,6.377694000000001,40.53,63758.56,0.0,0.0,0.00038,0.05961,0.0,-0.18092,
deribit,BTC,option,BTC-21AUG26-70000-C,21AUG26,70000,C,0.0022,0.0026,0.00242546,140.309268,165.820044,29.45,63881.99,1325.0,561.0,0.0844,21.76734,4e-05,-18.12554,
deribit,BTC,option,BTC-25DEC26-95000-P,25DEC26,95000,P,0.469,0.4785,0.47269266,29911.38486,30517.26579,39.02,64838.8,85.9,0.0,,,,,
deribit,BTC,future,BTC-30OCT26,30OCT26,,,64412.5,64505.0,64434.44,64412.5,64505.0,,63776.94,1507760,6.68197927,,,,,
deribit,BTC,future,BTC-14AUG26,14AUG26,,,63855.0,63897.5,63857.05,63855.0,63897.5,,63776.94,3798250,17.8925486,,,,,
deribit,BTC,future,BTC-25JUN27,25JUN27,,,66207.5,66385.0,66279.21,66207.5,66385.0,,63776.94,6387650,5.20237563,,,,,
deribit,BTC,future,BTC-PERPETUAL,PERPETUAL,,,63806.0,63806.5,63792.36,63806.0,63806.5,,63776.94,737697900,2763.79518387,,,,,3.449e-05
deribit,BTC,future,BTC-26MAR27,26MAR27,,,65537.5,65577.5,65530.77,65537.5,65577.5,,63776.94,47502670,4.89188838,,,,,
deribit,BTC,future,BTC-4AUG26,4AUG26,,,63705.0,63812.5,63776.57,63705.0,63812.5,,63776.94,1248130,0.67770954,,,,,
deribit,BTC,future,BTC-28AUG26,28AUG26,,,63925.0,63980.0,63951.08,63925.0,63980.0,,63776.94,33195180,39.07680009,,,,,
deribit,BTC,future,BTC-7AUG26,7AUG26,,,63840.0,63842.5,63813.1,63840.0,63842.5,,63776.94,13760180,64.55152377,,,,,
deribit,BTC,future,BTC-25DEC26,25DEC26,,,64875.0,64895.0,64866.59,64875.0,64895.0,,63776.94,211878640,107.67940767,,,,,
deribit,BTC,future,BTC-6AUG26,6AUG26,,,63645.0,63827.5,63796.69,63645.0,63827.5,,63776.94,33860,0.77512508,,,,,
deribit,BTC,future,BTC-25SEP26,25SEP26,,,64202.5,64207.5,64189.29,64202.5,64207.5,,63776.94,370278010,62.69839232,,,,,
deribit,BTC,future,BTC-21AUG26,21AUG26,,,63900.0,63955.0,63909.82,63900.0,63955.0,,63776.94,2980550,28.90946139,,,,,
deribit,BTC,future,BTC-5AUG26,5AUG26,,,63680.0,63825.0,63786.56,63680.0,63825.0,,63776.94,394470,1.5300714,,,,,
deribit,ETH,option,ETH-25JUN27-1900-C,25JUN27,1900,C,0.2145,0.218,0.216868,399.714315,406.23646,57.33,1916.64,66.0,0.0,,,,,
deribit,ETH,option,ETH-26MAR27-2000-P,26MAR27,2000,P,0.207,0.2115,0.209079,385.73829,394.123905,55.51,1897.56,1505.0,2.0,,,,,
deribit,ETH,option,ETH-25SEP26-2100-P,25SEP26,2100,P,0.154,0.1585,0.155729,286.97438,295.359995,48.76,1867.61,2716.0,0.0,,,,,
deribit,ETH,option,ETH-6AUG26-1760-P,6AUG26,1760,P,0.0023,0.0027,0.002536,4.285981,5.031369000000001,55.13,1863.34,13.0,13.0,-0.10779,0.29606,0.0021,-3.04389,
deribit,ETH,option,ETH-5AUG26-1820-P,5AUG26,1820,P,0.0043,0.0048,0.004606,8.012921,8.944656,48.87,1863.33,59.0,105.0,-0.23105,0.3851,0.00492,-5.59674,
deribit,ETH,option,ETH-25SEP26-16000-P,25SEP26,16000,P,7.2425,7.929,7.566964,13496.181475,14775.45363,130.17,1867.64,30.0,0.0,,,,,
deribit,ETH,option,ETH-26MAR27-4500-P,26MAR27,4500,P,1.3175,1.487,1.381856,2455.121725,2770.97989,59.99,1897.56,0.0,0.0,,,,,
deribit,ETH,option,ETH-25SEP26-1600-C,25SEP26,1600,C,0.165,0.1705,0.167137,307.47255,317.72163500000005,53.21,1867.64,3575.0,0.0,,,,,
deribit,ETH,option,ETH-26MAR27-3000-P,26MAR27,3000,P,0.6075,0.64,0.625099,1132.058025,1192.6208000000001,55.84,1897.56,352.0,0.0,,,,,
deribit,ETH,option,ETH-25DEC26-5200-P,25DEC26,5200,P,1.6585,1.892,1.767671,3090.564995,3525.68524,65.41,1879.81,0.0,0.0,,,,,
deribit,ETH,option,ETH-25DEC26-4800-C,25DEC26,4800,C,0.0017,0.0022,0.00194,3.167899,4.099634,63.41,1879.78,2521.0,10.0,,,,,
deribit,ETH,option,ETH-25JUN27-2000-P,25JUN27,2000,P,0.2385,0.242,0.239498,444.437595,450.95974,57.07,1916.64,53.0,0.0,,,,,
deribit,ETH,option,ETH-4AUG26-1600-P,4AUG26,1600,P,,0.0001,0.0,0.0,0.186347,82.24,1863.45,1200.0,53.0,-1e-05,3e-05,0.0,-0.00012,
deribit,ETH,option,ETH-7AUG26-1850-P,7AUG26,1850,P,0.015,0.016,0.015485,27.95205,29.81552,47.27,1863.37,2022.0,119.0,-0.42882,0.73478,0.00444,-4.71774,
deribit,ETH,option,ETH-14AUG26-1750-P,14AUG26,1750,P,0.011,0.012,0.011393,20.49817,22.36164,50.59,1863.97,3210.0,770.0,-0.21964,0.94333,0.00183,-2.234,
deribit,ETH,option,ETH-5AUG26-2000-P,5AUG26,2000,P,0.033,0.12,0.073638,61.494510000000005,223.6164,52.05,1863.33,0.0,0.0,-0.97584,0.07184,0.00086,-1.11202,
deribit,ETH,option,ETH-25DEC26-2700-P,25DEC26,2700,P,0.4545,0.4765,0.464998,846.947115,887.943455,53.6,1879.78,446.0,0.0,,,,,
deribit,ETH,option,ETH-25SEP26-7500-C,25SEP26,7500,C,,0.0002,7e-06,0.0,0.372694,93.06,1867.64,1322.0,0.0,,,,,
deribit,ETH,option,ETH-25SEP26-6800-P,25SEP26,6800,P,2.503,2.7955,2.640979,4664.26541,5209.330385,93.06,1867.61,0.0,0.0,,,,,
deribit,ETH,option,ETH-14AUG26-2000-P,14AUG26,2000,P,0.04,0.1095,0.080703,74.53880000000001,204.04996500000001,44.91,1863.97,43.0,43.0,-0.80981,0.8659,0.0019,-1.82038,
deribit,ETH,option,ETH-14AUG26-1950-P,14AUG26,1950,P,0.0575,0.062,0.059651,107.14952500000001,115.53514,44.89,1863.97,588.0,0.0,-0.7081,1.09492,0.0024,-2.30107,
deribit,ETH,option,ETH-5AUG26-2000-C,5AUG26,2000,C,0.0002,0.0004,0.000308,0.372694,0.745388,52.05,1863.35,164.0,28.0,0.02416,0.07184,0.00086,-0.577,
deribit,ETH,option,ETH-5AUG26-1760-P,5AUG26,1760,P,0.001,0.0014,0.001225,1.86347,2.608858,57.66,1863.33,3.0,2.0,-0.06873,0.16746,0.00181,-2.28536,
deribit,ETH,option,ETH-25DEC26-7000-C,25DEC26,7000,C,0.0004,0.0007,0.000532,0.745388,1.304429,73.19,1879.78,2825.0,1.0,,,,,
deribit,ETH,option,ETH-5AUG26-1860-C,5AUG26,1860,C,0.0125,0.0135,0.013074,23.293375,25.156845,44.93,1863.33,549.0,124.0,0.53408,0.50285,0.00699,-6.71886,
deribit,ETH,option,ETH-28AUG26-2250-C,28AUG26,2250,C,0.0037,0.0041,0.003944,6.894839,7.640227,47.97,1864.3,3659.0,193.0,,,,,
deribit,ETH,option,ETH-25DEC26-1800-P,25DEC26,1800,P,0.11,0.112,0.110789,204.98170000000002,208.70864,53.7,1879.78,4868.0,0.0,,,,,
deribit,ETH,option,ETH-21AUG26-1400-C,21AUG26,1400,C,0.245,0.2565,0.250451,456.55015,477.980055,68.37,1864.2,0.0,0.0,0.97606,0.23124,0.0002,-0.4471,
deribit,ETH,option,ETH-25JUN27-1400-P,25JUN27,1400,P,0.0855,0.087,0.086103,159.32668500000003,162.12188999999998,59.99,1916.64,1717.0,0.0,,,,,
deribit,ETH,option,ETH-25JUN27-1600-C,25JUN27,1600,C,0.285,0.296,0.292916,531.08895,551.58712,58.61,1916.67,367.0,0.0,,,,,
deribit,ETH,option,ETH-25DEC26-5000-C,25DEC26,5000,C,0.0014,0.0019,0.001642,2.608858,3.540593,64.35,1879.81,4539.0,21.0,,,,,
deribit,ETH,option,ETH-26MAR27-2900-P,26MAR27,2900,P,0.561,0.591,0.57795,1045.40667,1101.31077,55.67,1897.59,258.0,0.0,,,,,
deribit,ETH,option,ETH-25JUN27-4500-C,25JUN27,4500,C,0.0225,0.0235,0.023102,41.928075,43.791545,59.27,1916.64,1223.0,0.0,,,,,
deribit,ETH,option,ETH-25SEP26-4500-C,25SEP26,4500,C,0.0001,0.0003,0.00018,0.186347,0.559041,77.47,1867.64,8441.0,0.0,,,,,
deribit,ETH,option,ETH-28AUG26-1100-P,28AUG26,1100,P,0.0003,0.0004,0.000346,0.559041,0.745388,81.8,1864.3,2137.0,0.0,,,,,
deribit,ETH,option,ETH-26MAR27-4400-P,26MAR27,4400,P,1.2665,1.433,1.329707,2360.084755,2670.35251,59.38,1897.56,0.0,0.0,,,,,
deribit,ETH,option,ETH-5AUG26-1740-C,5AUG26,1740,C,0.0615,0.075,0.067017,114.603405,139.76024999999998,60.97,1863.33,0.0,0.0,0.95383,0.1224,0.00125,-2.21933,
deribit,ETH,option,ETH-30OCT26-1600-P,30OCT26,1600,P,0.0405,0.042,0.041271,75.470535,78.26574000000001,53.83,1872.02,1114.0,0.0,,,,,
deribit,ETH,option,ETH-14AUG26-1850-P,14AUG26,1850,P,0.0275,0.0285,0.028095,51.245425000000004,53.108895000000004,46.65,1863.97,1756.0,119.0,-0.44608,1.26058,0.00266,-2.75301,
deribit,ETH,option,ETH-25SEP26-7000-C,25SEP26,7000,C,,0.0001,1.5e-05,0.0,0.186347,93.06,1867.64,2033.0,0.0,,,,,
deribit,ETH,option,ETH-25SEP26-11000-P,25SEP26,11000,P,4.6595,5.1385,4.889789,8682.838465,9575.440595,110.93,1867.64,0.0,0.0,,,,,
deribit,ETH,option,ETH-25SEP26-3300-P,25SEP26,3300,P,0.7005,0.8455,0.767718,1305.360735,1575.563885,61.78,1867.61,3.0,0.0,,,,,
deribit,ETH,option,ETH-5AUG26-1750-C,5AUG26,1750,C,0.056,0.07,0.061844,104.35432,130.4429,59.45,1863.33,0.0,0.0,0.94331,0.14413,0.00152,-2.54807,
deribit,ETH,option,ETH-26MAR27-1000-C,26MAR27,1000,C,0.4915,0.498,0.494004,915.895505,928.00806,66.35,1897.56,270.0,0.0,,,,,
deribit,ETH,option,ETH-5AUG26-1800-P,5AUG26,1800,P,0.0027,0.0031,0.002866,5.031369000000001,5.776757,51.17,1863.33,551.0,208.0,-0.15341,0.29938,0.00366,-4.55633,
deribit,ETH,option,ETH-6AUG26-1960-C,6AUG26,1960,C,0.0017,0.0021,0.001901,3.167899,3.913287,45.94,1863.34,22.0,17.0,0.10436,0.28921,0.00247,-2.47772,
deribit,ETH,option,ETH-25JUN27-1500-C,25JUN27,1500,C,0.291,0.3775,0.323042,542.26977,703.459925,59.23,1916.67,52.0,0.0,,,,,
deribit,ETH,option,ETH-6AUG26-2100-C,6AUG26,2100,C,0.0001,0.0002,0.000168,0.186347,0.372694,59.24,1863.34,62.0,2.0,0.01006,0.0428,0.00028,-0.31847,
deribit,ETH,option,ETH-25SEP26-8000-C,25SEP26,8000,C,,0.0002,4e-06,0.0,0.372694,94.35,1867.64,1092.0,0.0,,,,,
deribit,ETH,option,ETH-4AUG26-1820-C,4AUG26,1820,C,0.021,0.03,0.024732,39.132870000000004,55.9041,49.07,1863.42,8.0,8.0,0.87207,0.16847,0.00529,-4.13313,
deribit,ETH,option,ETH-21AUG26-1750-C,21AUG26,1750,C,0.076,0.084,0.079429,141.62372,156.53148000000002,49.2,1864.2,50.0,0.0,0.73837,1.33521,0.00161,-1.85781,
deribit,ETH,option,ETH-25DEC26-6500-P,25DEC26,6500,P,2.327,2.6095,2.458473,4336.29469,4862.724965,71.29,1879.78,0.0,0.0,,,,,
deribit,ETH,option,ETH-25SEP26-4200-P,25SEP26,4200,P,1.164,1.3455,1.24904,2169.07908,2507.2988849999997,73.17,1867.61,551.0,0.0,,,,,
deribit,ETH,option,ETH-26MAR27-3600-C,26MAR27,3600,C,0.022,0.0235,0.022868,40.99634,43.791545,57.16,1897.56,2214.0,0.0,,,,,
deribit,ETH,option,ETH-6AUG26-2100-P,6AUG26,2100,P,0.0845,0.176,0.127164,157.46321500000002,327.97072,59.24,1863.34,0.0,0.0,-0.98998,0.04265,0.00028,-0.47107,
deribit,ETH,option,ETH-26MAR27-3400-P,26MAR27,3400,P,0.762,0.9245,0.819959,1419.96414,1722.778015,56.71,1897.55,6.0,0.0,,,,,
deribit,ETH,option,ETH-30OCT26-1400-C,30OCT26,1400,C,0.2675,0.2765,0.271467,498.478225,515.249455,57.81,1872.0,50.0,0.0,,,,,
deribit,ETH,option,ETH-25DEC26-2600-C,25DEC26,2600,C,0.0335,0.035,0.034452,62.426245,65.22145,53.34,1879.78,6483.0,0.0,,,,,
deribit,ETH,option,ETH-25JUN27-2400-C,25JUN27,2400,C,0.13,0.1335,0.131709,242.2511,248.77324500000003,56.69,1916.64,645.0,0.0,,,,,
deribit,ETH,option,ETH-25JUN27-5000-C,25JUN27,5000,C,0.0165,0.0175,0.017024,30.747255000000003,32.610725,60.32,1916.64,446.0,157.0,,,,,
deribit,ETH,option,ETH-25JUN27-2500-P,25JUN27,2500,P,0.4155,0.4325,0.42393,774.271785,805.950775,56.71,1916.64,5.0,0.0,,,,,
deribit,ETH,option,ETH-14AUG26-1880-C,14AUG26,1880,C,0.0265,0.028,0.027148,49.381955,52.17716,45.61,1863.97,308.0,225.0,0.47229,1.26913,0.00274,-2.7096,
deribit,ETH,option,ETH-14AUG26-1700-C,14AUG26,1700,C,0.09,0.1015,0.095014,167.7123,189.14220500000002,53.08,1863.97,0.0,0.0,0.85558,0.72487,0.00134,-1.80116,
deribit,ETH,option,ETH-30OCT26-1850-P,30OCT26,1850,P,0.093,0.0945,0.093567,173.30271,176.097915,51.24,1872.02,195.0,45.0,,,,,
deribit,ETH,option,ETH-6AUG26-1900-P,6AUG26,1900,P,0.023,0.03,0.027289,42.85981,55.9041,44.94,1863.36,54.0,84.0,-0.68355,0.56863,0.00496,-4.76554,
deribit,ETH,option,ETH-28AUG26-1750-P,28AUG26,1750,P,0.024,0.025,0.024593,44.72328,46.58675,49.09,1864.3,22016.0,420.0,,,,,
deribit,ETH,option,ETH-25DEC26-4200-C,25DEC26,4200,C,0.0032,0.0037,0.003415,5.963104,6.894839,60.43,1879.78,4062.0,0.0,,,,,
deribit,ETH,option,ETH-7AUG26-2200-C,7AUG26,2200,C,0.0001,0.0002,0.000146,0.186347,0.372694,66.18,1863.37,11797.0,39.0,0.0069,0.03601,0.00016,-0.27467,
deribit,ETH,option,ETH-5AUG26-1920-P,5AUG26,1920,P,0.0265,0.036,0.032905,49.381955,67.08492,43.98,1863.33,2.0,2.0,-0.83527,0.31371,0.00446,-4.10289,
deribit,ETH,option,ETH-6AUG26-2020-P,6AUG26,2020,P,0.043,0.132,0.084648,80.12921,245.97804000000002,51.12,1863.34,0.0,0.0,-0.96514,0.12302,0.00094,-1.1727,
deribit,ETH,option,ETH-25SEP26-8500-C,25SEP26,8500,C,,0.0002,4e-06,0.0,0.372694,97.73,1867.61,1253.0,0.0,,,,,
deribit,ETH,option,ETH-26MAR27-5000-P,26MAR27,5000,P,1.537,1.77,1.641865,2864.15339,3298.3419,61.09,1897.56,0.0,0.0,,,,,
deribit,ETH,option,ETH-25SEP26-4500-P,25SEP26,4500,P,1.3185,1.5135,1.409638,2456.985195,2820.3618450000004,77.47,1867.64,6.0,0.0,,,,,
deribit,ETH,option,ETH-14AUG26-1700-P,14AUG26,1700,P,0.0065,0.0075,0.007026,12.112555,13.976025,53.08,1863.97,862.0,71.0,-0.14442,0.72487,0.00134,-1.80116,
deribit,ETH,option,ETH-30OCT26-3200-C,30OCT26,3200,C,0.0036,0.0038,0.003681,6.708492,7.081186,56.67,1872.02,11.0,0.0,,,,,
deribit,ETH,option,ETH-14AUG26-2100-C,14AUG26,2100,C,0.0022,0.0026,0.002402,4.099634,4.845022,46.16,1863.97,2928.0,165.0,0.07089,0.43234,0.00092,-0.93419,
deribit,ETH,option,ETH-28AUG26-1400-P,28AUG26,1400,P,0.0024,0.0027,0.002539,4.472328,5.031369000000001,64.2,1864.3,6527.0,37.0,,,,,
deribit,ETH,option,ETH-21AUG26-2100-C,21AUG26,2100,C,0.006,0.0065,0.006279,11.18082,12.112555,45.9,1864.2,417.0,9.0,0.12972,0.86671,0.00112,-1.12508,
deribit,ETH,option,ETH-26MAR27-800-C,26MAR27,800,C,0.5875,0.592,0.589418,1094.7886250000001,1103.17424,72.37,1897.59,0.0,0.0,,,,,
deribit,ETH,option,ETH-26MAR27-4400-C,26MAR27,4400,C,0.0105,0.0115,0.011025,19.566435000000002,21.429905,59.38,1897.56,1083.0,0.0,,,,,
deribit,ETH,option,ETH-25DEC26-3000-P,25DEC26,3000,P,0.5985,0.6275,0.612946,1115.286795,1169.327425,54.65,1879.81,781.0,0.0,,,,,
deribit,ETH,option,ETH-25SEP26-2500-P,25SEP26,2500,P,0.3365,0.3485,0.345059,627.0576550000001,649.4192949999999,51.0,1867.64,3122.0,0.0,,,,,
deribit,ETH,option,ETH-25SEP26-13000-C,25SEP26,13000,C,,0.0003,3e-06,0.0,0.559041,119.8,1867.64,1873.0,0.0,,,,,
deribit,ETH,option,ETH-25SEP26-7200-P,25SEP26,7200,P,2.7045,3.0185,2.855144,5039.754615,5624.884195,93.06,1867.64,0.0,0.0,,,,,
deribit,ETH,option,ETH-25JUN27-1900-P,25JUN27,1900,P,0.207,0.21,0.208171,385.73829,391.32869999999997,57.33,1916.64,3072.0,0.0,,,,,
deribit,ETH,option,ETH-4AUG26-2000-P,4AUG26,2000,P,0.0315,0.118,0.073303,58.699305,219.88945999999999,63.07,1863.42,0.0,0.0,-0.99494,0.01176,0.00029,-0.3709,
deribit,ETH,option,ETH-25DEC26-4500-C,25DEC26,4500,C,0.0023,0.0028,0.002527,4.285981,5.217716,61.91,1879.81,2669.0,0.0,,,,,
deribit,ETH,option,ETH-30OCT26-1000-P,30OCT26,1000,P,0.0034,0.0039,0.003632,6.335798,7.267532999999999,71.21,1872.0,553.0,3.0,,,,,
deribit,ETH,option,ETH-7AUG26-1800-C,7AUG26,1800,C,0.039,0.0435,0.041476,72.67533,81.06094499999999,50.84,1863.37,175.0,60.0,0.76015,0.58165,0.00327,-4.01701,
deribit,ETH,option,ETH-5AUG26-1650-C,5AUG26,1650,C,0.109,0.1225,0.114658,203.11823,228.275075,76.35,1863.33,0.0,0.0,0.99131,0.02982,0.00024,-0.67715,
deribit,ETH,option,ETH-7AUG26-1750-P,7AUG26,1750,P,0.0033,0.0038,0.003536,6.149451,7.081186,55.61,1863.37,4681.0,286.0,-0.12399,0.38312,0.00197,-2.89379,
deribit,ETH,option,ETH-25JUN27-1400-C,25JUN27,1400,C,0.326,0.407,0.35567,607.49122,758.43229,59.99,1916.64,50.0,0.0,,,,,
deribit,ETH,option,ETH-26MAR27-2300-C,26MAR27,2300,C,0.104,0.1065,0.105353,193.80088,198.459555,55.2,1897.56,5096.0,0.0,,,,,
deribit,ETH,option,ETH-6AUG26-1920-C,6AUG26,1920,C,0.0045,0.005,0.004911,8.385615,9.317350000000001,45.02,1863.34,335.0,25.0,0.22689,0.48139,0.00419,-4.04196,
deribit,ETH,option,ETH-4AUG26-2100-C,4AUG26,2100,C,,0.0001,1e-06,0.0,0.186347,72.47,1863.45,2.0,2.0,7e-05,0.00024,1e-05,-0.00098,
deribit,ETH,option,ETH-28AUG26-1850-C,28AUG26,1850,C,0.0515,0.0535,0.052611,95.968705,99.695645,47.12,1864.3,4146.0,529.0,,,,,
deribit,ETH,option,ETH-25SEP26-6400-C,25SEP26,6400,C,,0.0002,4e-05,0.0,0.372694,93.06,1867.64,1918.0,0.0,,,,,
deribit,ETH,option,ETH-26MAR27-6000-C,26MAR27,6000,C,0.0037,0.0042,0.003916,6.894839,7.826574,64.18,1897.56,4385.0,5.0,,,,,
deribit,ETH,option,ETH-25DEC26-3500-P,25DEC26,3500,P,0.831,0.947,0.869904,1548.54357,1764.70609,56.98,1879.78,52.0,0.0,,,,,
deribit,ETH,option,ETH-21AUG26-2400-C,21AUG26,2400,C,0.0005,0.0007,0.000605,0.931735,1.304429,51.81,1864.2,990.0,206.0,0.01546,0.15949,0.00018,-0.23366,
deribit,ETH,option,ETH-21AUG26-1900-P,21AUG26,1900,P,0.05,0.0515,0.050909,93.1735,95.968705,45.82,1864.2,423.0,4.0,-0.55477,1.62149,0.0021,-2.10097,
deribit,ETH,option,ETH-28AUG26-1200-C,28AUG26,1200,C,0.3535,0.3625,0.357033,658.736645,675.507875,75.75,1864.26,69.0,0.0,,,,,
deribit,ETH,option,ETH-30OCT26-3400-P,30OCT26,3400,P,0.7485,0.904,0.818849,1394.807295,1684.57688,58.56,1872.0,0.0,0.0,,,,,
deribit,ETH,option,ETH-26MAR27-3500-P,26MAR27,3500,P,0.8125,0.967,0.869723,1514.069375,1801.97549,56.89,1897.56,23.0,0.0,,,,,
deribit,ETH,option,ETH-25SEP26-3500-P,25SEP26,3500,P,0.862,0.888,0.874596,1606.31114,1654.76136,64.82,1867.64,1133.0,0.0,,,,,
deribit,ETH,option,ETH-6AUG26-2000-C,6AUG26,2000,C,0.0007,0.0009,0.000833,1.304429,1.677123,49.09,1863.34,118.0,119.0,0.04905,0.16225,0.0013,-1.48516,
deribit,ETH,option,ETH-5AUG26-1880-P,5AUG26,1880,P,0.016,0.0175,0.016862,29.81552,32.610725,43.62,1863.33,9.0,5.0,-0.60729,0.48635,0.00697,-6.30937,
deribit,ETH,option,ETH-25DEC26-5200-C,25DEC26,5200,C,0.0012,0.0017,0.001434,2.236164,3.167899,65.41,1879.81,8859.0,10.0,,,,,
deribit,ETH,option,ETH-25SEP26-6500-C,25SEP26,6500,C,,0.0002,3.4e-05,0.0,0.372694,93.06,1867.64,1337.0,0.0,,,,,
deribit,ETH,option,ETH-30OCT26-2250-C,30OCT26,2250,C,0.035,0.0365,0.036098,65.22145,68.016655,50.64,1872.0,32.0,0.0,,,,,
deribit,ETH,option,ETH-30OCT26-1900-P,30OCT26,1900,P,0.107,0.1085,0.107819,199.39129,202.186495,50.98,1872.02,293.0,192.0,,,,,
deribit,ETH,option,ETH-4AUG26-1760-C,4AUG26,1760,C,0.029,0.094,0.055726,54.04063,175.16618,64.26,1863.42,0.0,0.0,0.98092,0.03745,0.0009,-1.20332,
deribit,ETH,option,ETH-25SEP26-8000-P,25SEP26,8000,P,3.116,3.4645,3.283485,5806.572520000001,6455.991815,94.35,1867.64,0.0,0.0,,,,,
deribit,ETH,option,ETH-5AUG26-2100-C,5AUG26,2100,C,,0.0001,4.7e-05,0.0,0.186347,64.9,1863.33,0.0,0.0,0.00364,0.01378,0.00013,-0.08858,
deribit,ETH,option,ETH-25SEP26-6800-C,25SEP26,6800,C,,0.0002,2.1e-05,0.0,0.372694,93.06,1867.61,1462.0,0.0,,,,,
deribit,ETH,option,ETH-26MAR27-900-C,26MAR27,900,C,0.5385,0.5445,0.540962,1003.4785949999999,1014.659415,69.01,1897.56,68.0,0.0,,,,,
deribit,ETH,option,ETH-25DEC26-4600-P,25DEC26,4600,P,1.355,1.561,1.449334,2525.00185,2908.87667,62.32,1879.78,0.0,0.0,,,,,
deribit,ETH,option,ETH-5AUG26-1880-C,5AUG26,1880,C,0.0075,0.0085,0.007928,13.976025,15.839495000000001,43.62,1863.33,642.0,522.0,0.39271,0.48635,0.00697,-6.30937,
deribit,ETH,option,ETH-28AUG26-2500-C,28AUG26,2500,C,0.0008,0.001,0.000913,1.490776,1.86347,52.69,1864.3,30464.0,45.0,,,,,
deribit,ETH,option,ETH-25SEP26-3600-C,25SEP26,3600,C,0.0003,0.0006,0.000466,0.559041,1.118082,65.81,1867.64,2713.0,5.0,,,,,
deribit,ETH,option,ETH-25SEP26-4600-P,25SEP26,4600,P,1.37,1.5695,1.463182,2552.9539000000004,2924.716165,79.15,1867.61,38.0,0.0,,,,,
deribit,ETH,option,ETH-26MAR27-900-P,26MAR27,900,P,0.0145,0.016,0.015238,27.020315,29.81552,69.01,1897.59,767.0,0.0,,,,,
deribit,ETH,option,ETH-4AUG26-1800-P,4AUG26,1800,P,0.0005,0.0008,0.000703,0.931735,1.490776,54.15,1863.42,2319.0,492.0,-0.06628,0.10365,0.00295,-1.31345,
deribit,ETH,option,ETH-25JUN27-2600-P,25JUN27,2600,P,0.456,0.474,0.465085,849.7423200000001,883.28478,56.72,1916.64,0.0,0.0,,,,,
deribit,ETH,option,ETH-25SEP26-15000-P,25SEP26,15000,P,6.717,7.371,7.031529,12516.92799,13735.63737,127.3,1867.64,0.0,0.0,,,,,
deribit,ETH,option,ETH-25SEP26-12000-P,25SEP26,12000,P,5.1815,5.6965,5.425224,9655.569805,10615.256855000001,115.57,1867.64,0.0,0.0,,,,,
deribit,ETH,option,ETH-7AUG26-2400-P,7AUG26,2400,P,0.239,0.3415,0.287966,445.36933,636.3750050000001,79.45,1863.37,0.0,0.0,-0.99913,0.00556,2e-05,-0.06002,
deribit,ETH,option,ETH-14AUG26-1750-C,14AUG26,1750,C,0.0685,0.078,0.072556,127.64769500000001,145.35066,50.59,1863.97,50.0,0.0,0.78042,0.94321,0.00183,-2.23374,
deribit,ETH,option,ETH-5AUG26-1780-P,5AUG26,1780,P,0.0016,0.002,0.001835,2.981552,3.72694,54.15,1863.33,26.0,25.0,-0.1017,0.22476,0.00259,-3.4212,
deribit,ETH,option,ETH-7AUG26-2050-C,7AUG26,2050,C,0.0007,0.0009,0.000803,1.304429,1.677123,52.9,1863.37,7099.0,42.0,0.03865,0.15684,0.00085,-1.12693,
deribit,ETH,option,ETH-30OCT26-2300-P,30OCT26,2300,P,0.241,0.3115,0.259944,449.09627,580.470905,50.7,1872.0,0.0,0.0,,,,,
deribit,ETH,option,ETH-14AUG26-2050-P,14AUG26,2050,P,0.067,0.1265,0.104063,124.85249,235.728955,45.23,1863.97,166.0,0.0,-0.88289,0.62702,0.00136,-1.32757,
deribit,ETH,option,ETH-30OCT26-3600-P,30OCT26,3600,P,0.851,1.0135,0.925004,1585.81297,1888.6268450000002,60.44,1872.0,0.0,0.0,,,,,
deribit,ETH,option,ETH-25DEC26-3000-C,25DEC26,3000,C,0.0165,0.0175,0.01704,30.747255000000003,32.610725,54.65,1879.81,5056.0,0.0,,,,,
deribit,ETH,option,ETH-25DEC26-4200-P,25DEC26,4200,P,1.15,1.343,1.237683,2142.9905,2502.64021,60.43,1879.78,62.0,0.0,,,,,
deribit,ETH,option,ETH-4AUG26-1750-P,4AUG26,1750,P,0.0001,0.0003,0.000163,0.186347,0.559041,67.89,1863.42,199.0,168.0,-0.01546,0.03129,0.00071,-0.30562,
deribit,ETH,option,ETH-26MAR27-2100-C,26MAR27,2100,C,0.135,0.1375,0.136384,251.56845,256.227125,55.35,1897.59,482.0,0.0,,,,,
deribit,ETH,option,ETH-26MAR27-1300-C,26MAR27,1300,C,0.362,0.367,0.363778,674.57614,683.89349,60.33,1897.56,50.0,0.0,,,,,
deribit,ETH,option,ETH-25DEC26-2200-P,25DEC26,2200,P,0.2375,0.248,0.243786,442.574125,462.14056,52.9,1879.81,9286.0,0.0,,,,,
deribit,ETH,option,ETH-5AUG26-1950-C,5AUG26,1950,C,0.0008,0.0012,0.001036,1.490776,2.236164,46.03,1863.33,100.0,100.0,0.07682,0.18239,0.00248,-1.94253,
deribit,ETH,option,ETH-7AUG26-1800-P,7AUG26,1800,P,0.007,0.008,0.007437,13.04429,14.90776,50.84,1863.37,13397.0,3702.0,-0.23985,0.58165,0.00327,-4.01701,
deribit,ETH,option,ETH-25SEP26-1500-C,25SEP26,1500,C,0.2095,0.214,0.211752,390.39696499999997,398.78258,55.96,1867.64,976.0,0.0,,,,,
deribit,ETH,option,ETH-30OCT26-2200-P,30OCT26,2200,P,0.164,0.2265,0.216797,305.60908,422.075955,50.64,1872.0,0.0,0.0,,,,,
deribit,ETH,option,ETH-14AUG26-1920-P,14AUG26,1920,P,0.0445,0.051,0.048408,82.924415,95.03697,44.92,1863.97,70.0,0.0,-0.63521,1.19842,0.00262,-2.52038,
deribit,ETH,option,ETH-28AUG26-3000-P,28AUG26,3000,P,0.5465,0.6765,0.609312,1018.386355,1260.637455,65.34,1864.27,5.0,0.0,,,,,
deribit,ETH,option,ETH-14AUG26-2400-P,14AUG26,2400,P,0.2385,0.343,0.287692,444.437595,639.1702100000001,56.18,1863.97,2.0,0.0,-0.99508,0.04549,8e-05,-0.11963,
deribit,ETH,option,ETH-14AUG26-1820-P,14AUG26,1820,P,0.021,0.022,0.021671,39.132870000000004,40.99634,47.62,1863.97,373.0,13.0,-0.36875,1.20273,0.00248,-2.68091,
deribit,ETH,option,ETH-25DEC26-2100-C,25DEC26,2100,C,0.0875,0.0895,0.088572,163.05362499999998,166.780565,52.9,1879.81,1398.0,0.0,,,,,
deribit,ETH,option,ETH-30OCT26-2500-P,30OCT26,2500,P,0.323,0.415,0.353496,601.90081,773.34005,51.39,1872.02,0.0,0.0,,,,,
deribit,ETH,option,ETH-7AUG26-1600-C,7AUG26,1600,C,0.1365,0.149,0.141793,254.36365500000002,277.65703,72.01,1863.37,0.0,0.0,0.98411,0.0745,0.0003,-0.72863,
deribit,ETH,option,ETH-5AUG26-1950-P,5AUG26,1950,P,0.0285,0.0825,0.047534,53.108895000000004,153.736275,46.03,1863.35,0.0,0.0,-0.92362,0.18157,0.00247,-2.4853,
deribit,ETH,option,ETH-7AUG26-1700-C,7AUG26,1700,C,0.084,0.097,0.089435,156.53148000000002,180.75659000000002,61.09,1863.37,50.0,0.0,0.93692,0.23185,0.00108,-1.92365,
deribit,ETH,option,ETH-4AUG26-1750-C,4AUG26,1750,C,0.029,0.099,0.06106,54.04063,184.48353,67.89,1863.42,0.0,0.0,0.98454,0.03129,0.00071,-1.06209,
deribit,ETH,option,ETH-26MAR27-4800-C,26MAR27,4800,C,0.008,0.0085,0.008204,14.90776,15.839495000000001,60.68,1897.56,2851.0,507.0,,,,,
deribit,ETH,option,ETH-25SEP26-3100-C,25SEP26,3100,C,0.0009,0.0014,0.001149,1.677123,2.608858,58.79,1867.64,2164.0,21.0,,,,,
deribit,ETH,option,ETH-25SEP26-1600-P,25SEP26,1600,P,0.023,0.0245,0.023833,42.85981,45.655015000000006,53.21,1867.64,8271.0,141.0,,,,,
deribit,ETH,option,ETH-25DEC26-3300-C,25DEC26,3300,C,0.01,0.011,0.010562,18.634700000000002,20.49817,55.9,1879.78,1850.0,0.0,,,,,
deribit,ETH,option,ETH-21AUG26-1750-P,21AUG26,1750,P,0.0175,0.019,0.018149,32.610725,35.40593,49.2,1864.2,133.0,9.0,-0.26163,1.33521,0.00161,-1.85781,
deribit,ETH,option,ETH-7AUG26-1950-C,7AUG26,1950,C,0.0038,0.0043,0.004114,7.081186,8.012921,46.19,1863.37,7512.0,2338.0,0.17045,0.47444,0.00293,-2.9765,
deribit,ETH,option,ETH-28AUG26-3400-P,28AUG26,3400,P,0.7525,0.9015,0.823799,1402.2611749999999,1679.918205,76.63,1864.27,1.0,0.0,,,,,
deribit,ETH,option,ETH-28AUG26-2400-C,28AUG26,2400,C,0.0014,0.0017,0.001556,2.608858,3.167899,50.55,1864.3,18640.0,1.0,,,,,
deribit,ETH,option,ETH-28AUG26-2400-P,28AUG26,2400,P,0.2375,0.3465,0.288875,442.574125,645.6923549999999,50.55,1864.3,2.0,0.0,,,,,
deribit,ETH,option,ETH-30OCT26-2150-P,30OCT26,2150,P,0.1895,0.2005,0.196316,353.127565,373.625735,50.64,1872.02,0.0,0.0,,,,,
deribit,ETH,option,ETH-5AUG26-1960-P,5AUG26,1960,P,0.0285,0.098,0.052668,53.108895000000004,182.62006000000002,47.21,1863.33,0.0,0.0,-0.93939,0.1519,0.00201,-2.13285,
deribit,ETH,option,ETH-25DEC26-1200-C,25DEC26,1200,C,0.378,0.3855,0.380959,704.39166,718.367685,62.4,1879.78,341.0,0.0,,,,,
deribit,ETH,option,ETH-25DEC26-3500-C,25DEC26,3500,C,0.0075,0.0085,0.008014,13.976025,15.839495000000001,56.98,1879.78,28522.0,0.0,,,,,
deribit,ETH,option,ETH-4AUG26-1960-C,4AUG26,1960,C,0.0001,0.0002,0.000159,0.186347,0.372694,55.62,1863.45,629.0,822.0,0.01879,0.03698,0.00103,-0.2945,
deribit,ETH,option,ETH-26MAR27-2500-P,26MAR27,2500,P,0.385,0.4105,0.39905,717.43595,764.954435,55.25,1897.56,560.0,0.0,,,,,
deribit,ETH,option,ETH-6AUG26-1600-C,6AUG26,1600,C,0.1365,0.149,0.141552,254.36365500000002,277.65703,76.91,1863.34,0.0,0.0,0.9906,0.04033,0.00021,-0.5784,
deribit,ETH,option,ETH-25DEC26-1200-P,25DEC26,1200,P,0.019,0.02,0.019321,35.40593,37.269400000000005,62.4,1879.78,7142.0,1135.0,,,,,
deribit,ETH,option,ETH-25SEP26-4400-C,25SEP26,4400,C,0.0001,0.0004,0.00021,0.186347,0.745388,76.76,1867.64,4355.0,0.0,,,,,
deribit,ETH,option,ETH-30OCT26-4000-C,30OCT26,4000,C,0.001,0.0013,0.001161,1.86347,2.422511,64.01,1872.0,0.0,0.0,,,,,
deribit,ETH,option,ETH-30OCT26-2400-C,30OCT26,2400,C,0.023,0.0245,0.02366,42.85981,45.655015000000006,50.94,1872.02,63.0,0.0,,,,,
deribit,ETH,option,ETH-26MAR27-1300-P,26MAR27,1300,P,0.0485,0.0495,0.048843,90.37829500000001,92.241765,60.33,1897.55,1365.0,2.0,,,,,
deribit,ETH,option,ETH-25JUN27-4500-P,25JUN27,4500,P,1.2965,1.4925,1.370924,2415.988855,2781.228975,59.27,1916.67,1.0,0.0,,,,,
deribit,ETH,option,ETH-30OCT26-2100-C,30OCT26,2100,C,0.0535,0.0555,0.054846,99.695645,103.422585,50.64,1872.02,757.0,0.0,,,,,
deribit,ETH,option,ETH-25DEC26-2700-C,25DEC26,2700,C,0.028,0.0295,0.028683,52.17716,54.972364999999996,53.6,1879.78,3138.0,60.0,,,,,
deribit,ETH,option,ETH-30OCT26-2000-P,30OCT26,2000,P,0.1385,0.143,0.139901,258.090595,266.47621,50.64,1872.0,12.0,0.0,,,,,
deribit,ETH,option,ETH-28AUG26-1600-P,28AUG26,1600,P,0.009,0.0095,0.009286,16.77123,17.702965,54.33,1864.3,13067.0,0.0,,,,,
deribit,ETH,option,ETH-25JUN27-1800-C,25JUN27,1800,C,0.2365,0.2405,0.240145,440.710655,448.164535,57.74,1916.67,1253.0,1.0,,,,,
deribit,ETH,option,ETH-30OCT26-3000-C,30OCT26,3000,C,0.005,0.006,0.00532,9.317350000000001,11.18082,54.68,1872.0,617.0,0.0,,,,,
deribit,ETH,option,ETH-25SEP26-2000-C,25SEP26,2000,C,0.045,0.0465,0.046124,83.85615,86.651355,48.76,1867.61,11465.0,0.0,,,,,
deribit,ETH,option,ETH-25DEC26-4500-P,25DEC26,4500,P,1.304,1.507,1.396386,2429.96488,2808.2492899999997,61.91,1879.78,2.0,1.0,,,,,
deribit,ETH,option,ETH-30OCT26-2600-P,30OCT26,2600,P,0.373,0.465,0.402627,695.07431,866.51355,51.83,1872.02,95.0,0.0,,,,,
deribit,ETH,option,ETH-4AUG26-1740-C,4AUG26,1740,C,0.029,0.104,0.066388,54.04063,193.80088,70.53,1863.45,0.0,0.0,0.98822,0.02475,0.00054,-0.87295,
deribit,ETH,option,ETH-25DEC26-2900-P,25DEC26,2900,P,0.5245,0.6375,0.562778,977.390015,1187.962125,54.19,1879.78,173.0,0.0,,,,,
deribit,ETH,option,ETH-25JUN27-2000-C,25JUN27,2000,C,0.194,0.1975,0.196021,361.51318000000003,368.035325,57.07,1916.64,1851.0,2.0,,,,,
deribit,ETH,option,ETH-25DEC26-4800-P,25DEC26,4800,P,1.4575,1.6715,1.555389,2716.007525,3114.790105,63.41,1879.78,77.0,0.0,,,,,
deribit,ETH,option,ETH-30OCT26-4000-P,30OCT26,4000,P,1.0565,1.234,1.137891,1968.756055,2299.52198,64.01,1872.0,0.0,0.0,,,,,
deribit,ETH,option,ETH-25JUN27-3000-C,25JUN27,3000,C,0.0735,0.076,0.074635,136.965045,141.62372,56.93,1916.64,469.0,4.0,,,,,
deribit,ETH,option,ETH-25DEC26-5000-P,25DEC26,5000,P,1.5595,1.7815,1.661485,2906.081465,3319.7718050000003,64.35,1879.78,2.0,0.0,,,,,
deribit,ETH,option,ETH-30OCT26-2600-C,30OCT26,2600,C,0.013,0.0145,0.013753,24.22511,27.020315,51.83,1872.02,391.0,0.0,,,,,
deribit,ETH,option,ETH-26MAR27-3800-P,26MAR27,3800,P,0.9615,1.1185,1.021297,1791.726405,2084.2911950000002,57.71,1897.56,1.0,0.0,,,,,
deribit,ETH,option,ETH-25DEC26-2300-P,25DEC26,2300,P,0.2745,0.2935,0.284246,511.52251500000006,546.928445,52.91,1879.78,5186.0,0.0,,,,,
deribit,ETH,option,ETH-25SEP26-6000-P,25SEP26,6000,P,2.091,2.3495,2.21269,3896.5157700000004,4378.2227649999995,93.06,1867.64,0.0,0.0,,,,,
deribit,ETH,option,ETH-25DEC26-2100-P,25DEC26,2100,P,0.2035,0.2085,0.205706,379.216145,388.533495,52.9,1879.78,2977.0,0.0,,,,,
deribit,ETH,option,ETH-26MAR27-2200-C,26MAR27,2200,C,0.1185,0.121,0.119858,220.821195,225.47987,55.25,1897.56,2986.0,20.0,,,,,
deribit,ETH,option,ETH-14AUG26-1850-C,14AUG26,1850,C,0.0345,0.036,0.035611,64.289715,67.08492,46.65,1863.97,805.0,330.0,0.55384,1.2606,0.00266,-2.75304,
deribit,ETH,option,ETH-21AUG26-1650-C,21AUG26,1650,C,0.1185,0.13,0.123409,220.821195,242.2511,53.28,1864.2,1.0,0.0,0.86429,0.89407,0.001,-1.34719,
deribit,ETH,option,ETH-30OCT26-2050-C,30OCT26,2050,C,0.0615,0.0635,0.062727,114.603405,118.33034500000001,50.64,1872.0,187.0,187.0,,,,,
deribit,ETH,option,ETH-25DEC26-3100-C,25DEC26,3100,C,0.014,0.015,0.014513,26.08858,27.95205,55.1,1879.78,2328.0,0.0,,,,,
deribit,ETH,option,ETH-28AUG26-1950-C,28AUG26,1950,C,0.0285,0.03,0.029275,53.108895000000004,55.9041,46.07,1864.3,4445.0,13.0,,,,,
deribit,ETH,option,ETH-26MAR27-1600-C,26MAR27,1600,C,0.2545,0.2595,0.25681,474.25311500000004,483.570465,57.21,1897.56,933.0,0.0,,,,,
deribit,ETH,option,ETH-25DEC26-3200-C,25DEC26,3200,C,0.012,0.013,0.012442,22.36164,24.22511,55.58,1879.78,67558.0,0.0,,,,,
deribit,ETH,option,ETH-25DEC26-4400-C,25DEC26,4400,C,0.0025,0.0029,0.002752,4.658675000000001,5.404063,61.32,1879.81,2519.0,1.0,,,,,
deribit,ETH,option,ETH-6AUG26-1940-C,6AUG26,1940,C,0.0027,0.0032,0.003026,5.031369000000001,5.963104,45.1,1863.34,36.0,10.0,0.15482,0.38038,0.0033,-3.19888,
deribit,ETH,option,ETH-26MAR27-4000-C,26MAR27,4000,C,0.015,0.016,0.015531,27.95205,29.81552,58.21,1897.56,2176.0,503.0,,,,,
deribit,ETH,option,ETH-25SEP26-7400-P,25SEP26,7400,P,2.812,3.1295,2.962228,5240.0776399999995,5831.729365,93.06,1867.64,0.0,0.0,,,,,
deribit,ETH,option,ETH-30OCT26-2100-P,30OCT26,2100,P,0.1695,0.1805,0.176628,315.85816500000004,336.356335,50.64,1872.0,0.0,0.0,,,,,
deribit,ETH,option,ETH-28AUG26-1300-C,28AUG26,1300,C,0.2995,0.31,0.304048,558.1092649999999,577.6757,69.93,1864.26,51.0,0.0,,,,,
deribit,ETH,option,ETH-4AUG26-2020-P,4AUG26,2020,P,0.0435,0.1305,0.084006,81.06094499999999,243.182835,63.08,1863.45,0.0,0.0,-0.99838,0.00421,0.0001,-0.13271,
deribit,ETH,option,ETH-25SEP26-2800-P,25SEP26,2800,P,0.4915,0.512,0.501621,915.895505,954.09664,54.47,1867.64,1287.0,0.0,,,,,
deribit,ETH,option,ETH-28AUG26-1500-C,28AUG26,1500,C,0.198,0.2025,0.200289,368.96706,377.35267500000003,59.05,1864.3,443.0,0.0,,,,,
deribit,ETH,option,ETH-25SEP26-6200-C,25SEP26,6200,C,,0.0002,5.6e-05,0.0,0.372694,93.06,1867.61,2026.0,0.0,,,,,
deribit,ETH,option,ETH-4AUG26-1940-P,4AUG26,1940,P,0.0285,0.0845,0.041362,53.108895000000004,157.46321500000002,50.97,1863.42,1.0,0.0,-0.96447,0.06299,0.00191,-1.60529,
deribit,ETH,option,ETH-28AUG26-2800-P,28AUG26,2800,P,0.4435,0.5655,0.502161,826.448945,1053.792285,60.35,1864.27,0.0,0.0,,,,,
deribit,ETH,option,ETH-21AUG26-1700-P,21AUG26,1700,P,0.012,0.013,0.012448,22.36164,24.22511,51.1,1864.2,118.0,34.0,-0.19038,1.11484,0.0013,-1.61096,
deribit,ETH,option,ETH-26MAR27-4600-C,26MAR27,4600,C,0.009,0.01,0.009487,16.77123,18.634700000000002,60.05,1897.56,946.0,0.0,,,,,
deribit,ETH,option,ETH-25SEP26-1700-P,25SEP26,1700,P,0.037,0.0385,0.037635,68.94839,71.743595,51.25,1867.61,4393.0,62.0,,,,,
deribit,ETH,option,ETH-5AUG26-1720-C,5AUG26,1720,C,0.0715,0.0855,0.077476,133.238105,159.32668500000003,64.11,1863.33,0.0,0.0,0.96915,0.08809,0.00086,-1.67965,
deribit,ETH,option,ETH-30OCT26-3600-C,30OCT26,3600,C,0.0018,0.0021,0.001947,3.354246,3.913287,60.44,1872.0,244.0,2.0,,,,,
deribit,ETH,option,ETH-26MAR27-2000-C,26MAR27,2000,C,0.154,0.1565,0.155132,286.97438,291.633055,55.51,1897.55,1862.0,1.0,,,,,
deribit,ETH,option,ETH-5AUG26-1820-C,5AUG26,1820,C,0.025,0.033,0.027875,46.58675,61.494510000000005,48.87,1863.35,52.0,52.0,0.76895,0.3851,0.00492,-5.59666,
deribit,ETH,option,ETH-25SEP26-5600-P,25SEP26,5600,P,1.885,2.1275,1.998594,3512.64095,3964.532425,93.06,1867.64,0.0,0.0,,,,,
deribit,ETH,option,ETH-6AUG26-1740-C,6AUG26,1740,C,0.0625,0.0755,0.068012,116.466875,140.691985,57.69,1863.34,0.0,0.0,0.92173,0.23361,0.00159,-2.51317,
deribit,ETH,option,ETH-25SEP26-5500-C,25SEP26,5500,C,,0.0003,0.000188,0.0,0.559041,93.05,1867.61,2065.0,0.0,,,,,
deribit,ETH,option,ETH-25JUN27-5000-P,25JUN27,5000,P,1.548,1.75,1.625715,2884.6515600000002,3261.0725,60.32,1916.64,0.0,0.0,,,,,
deribit,ETH,option,ETH-21AUG26-1600-C,21AUG26,1600,C,0.1425,0.1545,0.147526,265.544475,287.906115,55.72,1864.2,0.0,0.0,0.90454,0.696,0.00074,-1.09673,
deribit,ETH,option,ETH-25JUN27-3500-C,25JUN27,3500,C,0.0475,0.0495,0.048483,88.514825,92.241765,57.56,1916.64,2207.0,3.0,,,,,
deribit,ETH,option,ETH-4AUG26-1720-P,4AUG26,1720,P,,0.0001,4.6e-05,0.0,0.186347,71.86,1863.45,420.0,415.0,-0.00472,0.01107,0.00024,-0.08672,
deribit,ETH,option,ETH-5AUG26-1650-P,5AUG26,1650,P,,0.0003,0.000155,0.0,0.559041,76.35,1863.33,23.0,5.0,-0.00869,0.02982,0.00024,-0.28999,
deribit,ETH,option,ETH-25JUN27-3600-P,25JUN27,3600,P,0.8545,1.0345,0.923031,1592.335115,1927.759715,57.74,1916.64,0.0,0.0,,,,,
deribit,ETH,option,ETH-7AUG26-1820-P,7AUG26,1820,P,0.0095,0.0105,0.009998,17.702965,19.566435000000002,49.18,1863.37,1688.0,1839.0,-0.30668,0.65721,0.00381,-4.39031,
deribit,ETH,option,ETH-4AUG26-1700-C,4AUG26,1700,C,0.0505,0.1245,0.087768,94.10523500000001,232.002015,79.9,1863.42,0.0,0.0,0.99628,0.00894,0.00017,-0.35732,
deribit,ETH,option,ETH-25SEP26-1700-C,25SEP26,1700,C,0.125,0.131,0.127396,232.93375,244.11457000000001,51.25,1867.64,2271.0,0.0,,,,,
deribit,ETH,option,ETH-26MAR27-1400-P,26MAR27,1400,P,0.0625,0.0635,0.063026,116.466875,118.33034500000001,59.05,1897.55,1536.0,1.0,,,,,
deribit,ETH,option,ETH-14AUG26-2000-C,14AUG26,2000,C,0.007,0.008,0.007747,13.04429,14.90776,44.91,1863.97,2649.0,1385.0,0.19019,0.8659,0.0019,-1.82038,
deribit,ETH,option,ETH-25SEP26-7500-P,25SEP26,7500,P,2.8635,3.1855,3.01577,5336.046345000001,5936.0836850000005,93.06,1867.64,0.0,0.0,,,,,
deribit,ETH,option,ETH-26MAR27-1800-P,26MAR27,1800,P,0.1475,0.15,0.148743,274.861825,279.52049999999997,56.07,1897.56,3906.0,0.0,,,,,
deribit,ETH,option,ETH-25SEP26-2200-C,25SEP26,2200,C,0.02,0.021,0.020745,37.269400000000005,39.132870000000004,48.77,1867.64,6824.0,109.0,,,,,
deribit,ETH,option,ETH-26MAR27-3500-C,26MAR27,3500,C,0.0245,0.026,0.025317,45.655015000000006,48.45022,56.89,1897.56,4426.0,0.0,,,,,
deribit,ETH,option,ETH-25SEP26-5500-P,25SEP26,5500,P,1.8335,2.072,1.945081,3416.6722449999997,3861.10984,93.05,1867.61,1.0,0.0,,,,,
deribit,ETH,option,ETH-30OCT26-2200-C,30OCT26,2200,C,0.0405,0.042,0.041596,75.470535,78.26574000000001,50.64,1872.02,104.0,34.0,,,,,
deribit,ETH,option,ETH-25JUN27-1500-P,25JUN27,1500,P,0.1045,0.1065,0.105649,194.73261499999998,198.459555,59.23,1916.64,425.0,0.0,,,,,
deribit,ETH,option,ETH-28AUG26-2600-P,28AUG26,2600,P,0.3415,0.456,0.39519,636.3750050000001,849.7423200000001,55.27,1864.3,3.0,0.0,,,,,
deribit,ETH,option,ETH-26MAR27-3600-P,26MAR27,3600,P,0.8625,1.0265,0.919971,1607.2428750000001,1912.8519549999999,57.16,1897.55,1.0,0.0,,,,,
deribit,ETH,option,ETH-4AUG26-2020-C,4AUG26,2020,C,,0.0001,1.2e-05,0.0,0.186347,63.08,1863.42,110.0,13.0,0.00166,0.00431,0.00011,-0.0232,
deribit,ETH,option,ETH-6AUG26-1700-P,6AUG26,1700,P,0.0008,0.0011,0.000968,1.490776,2.049817,63.3,1863.34,159.0,133.0,-0.04232,0.1441,0.00089,-1.70099,
deribit,ETH,option,ETH-25SEP26-2900-C,25SEP26,2900,C,0.0016,0.0021,0.001826,2.981552,3.913287,55.83,1867.64,5451.0,0.0,,,,,
deribit,ETH,option,ETH-26MAR27-1900-C,26MAR27,1900,C,0.175,0.178,0.17628,326.10724999999996,331.69766,55.73,1897.55,2362.0,0.0,,,,,
deribit,ETH,option,ETH-25SEP26-5400-P,25SEP26,5400,P,1.782,2.016,1.891527,3320.70354,3756.75552,91.23,1867.61,4.0,0.0,,,,,
deribit,ETH,option,ETH-28AUG26-3600-C,28AUG26,3600,C,,0.0001,6.1e-05,0.0,0.186347,80.02,1864.3,1218.0,148.0,,,,,
deribit,ETH,option,ETH-25SEP26-1900-P,25SEP26,1900,P,0.083,0.085,0.083885,154.66801,158.39495000000002,49.07,1867.61,9276.0,233.0,,,,,
deribit,ETH,option,ETH-6AUG26-2000-P,6AUG26,2000,P,0.033,0.121,0.074163,61.494510000000005,225.47987,49.09,1863.34,0.0,0.0,-0.95095,0.16225,0.0013,-1.48516,
deribit,ETH,option,ETH-5AUG26-1940-P,5AUG26,1940,P,0.0335,0.0735,0.042523,62.426245,136.965045,45.28,1863.35,0.0,0.0,-0.90034,0.22148,0.00306,-2.98252,
deribit,ETH,option,ETH-25SEP26-3400-P,25SEP26,3400,P,0.8095,0.8345,0.821157,1508.478965,1555.065715,63.45,1867.64,870.0,0.0,,,,,
deribit,ETH,option,ETH-6AUG26-1800-C,6AUG26,1800,C,0.036,0.0445,0.03927,67.08492,82.924415,51.1,1863.34,87.0,87.0,0.79371,0.45561,0.00349,-4.34176,
deribit,ETH,option,ETH-26MAR27-1900-P,26MAR27,1900,P,0.176,0.179,0.177529,327.97072,333.56113,55.73,1897.56,2308.0,0.0,,,,,
deribit,ETH,option,ETH-28AUG26-3800-C,28AUG26,3800,C,,0.0001,3.1e-05,0.0,0.186347,81.7,1864.3,398.0,2.0,,,,,
deribit,ETH,option,ETH-4AUG26-1800-C,4AUG26,1800,C,0.024,0.064,0.034768,44.72328,119.26208,54.15,1863.42,0.0,0.0,0.93253,0.10507,0.00299,-2.84452,
deribit,ETH,option,ETH-14AUG26-2100-P,14AUG26,2100,P,0.114,0.163,0.129005,212.43558000000002,303.74561,46.16,1863.97,0.0,0.0,-0.92911,0.43234,0.00092,-0.93419,
deribit,ETH,option,ETH-25SEP26-7400-C,25SEP26,7400,C,,0.0002,8e-06,0.0,0.372694,93.06,1867.61,1019.0,0.0,,,,,
deribit,ETH,option,ETH-25SEP26-5200-P,25SEP26,5200,P,1.679,1.9045,1.784442,3128.76613,3548.978615,88.46,1867.64,3.0,0.0,,,,,
deribit,ETH,option,ETH-25SEP26-14000-P,25SEP26,14000,P,6.212,6.8125,6.496094,11575.87564,12694.889375,123.7,1867.64,0.0,0.0,,,,,
deribit,ETH,option,ETH-25DEC26-2600-P,25DEC26,2600,P,0.4065,0.43,0.417571,757.500555,801.2921,53.34,1879.81,1065.0,0.0,,,,,
deribit,ETH,option,ETH-25SEP26-6400-P,25SEP26,6400,P,2.297,2.5725,2.426825,4280.39059,4793.776575,93.06,1867.64,0.0,0.0,,,,,
deribit,ETH,option,ETH-28AUG26-2050-P,28AUG26,2050,P,0.1065,0.137,0.114894,198.459555,255.29539000000003,46.1,1864.3,180.0,0.0,,,,,
deribit,ETH,option,ETH-6AUG26-1820-C,6AUG26,1820,C,0.028,0.035,0.030696,52.17716,65.22145,48.89,1863.36,50.0,0.0,0.72306,0.53494,0.00429,-4.87689,
deribit,ETH,option,ETH-4AUG26-2000-C,4AUG26,2000,C,,0.0001,4.2e-05,0.0,0.186347,63.07,1863.42,663.0,653.0,0.00506,0.01176,0.00029,-0.07801,
deribit,ETH,option,ETH-5AUG26-1600-P,5AUG26,1600,P,,0.0001,6.9e-05,0.0,0.186347,85.02,1863.35,1931.0,1357.0,-0.00374,0.01411,0.0001,-0.12813,
deribit,ETH,option,ETH-25SEP26-6600-P,25SEP26,6600,P,2.4,2.684,2.5339,4472.3279999999995,5001.5534800000005,93.06,1867.64,0.0,0.0,,,,,
deribit,ETH,option,ETH-25SEP26-2800-C,25SEP26,2800,C,0.0022,0.0026,0.002403,4.099634,4.845022,54.47,1867.64,7325.0,3.0,,,,,
deribit,ETH,option,ETH-28AUG26-1950-P,28AUG26,1950,P,0.0705,0.0775,0.075221,131.37463499999998,144.418925,46.07,1864.27,2430.0,0.0,,,,,
deribit,ETH,option,ETH-25DEC26-2900-C,25DEC26,2900,C,0.0195,0.0205,0.020069,36.337665,38.201135,54.19,1879.78,1954.0,0.0,,,,,
deribit,ETH,option,ETH-21AUG26-1700-C,21AUG26,1700,C,0.0955,0.1065,0.100549,177.961385,198.459555,51.1,1864.2,50.0,0.0,0.80962,1.11484,0.0013,-1.61096,
deribit,ETH,option,ETH-21AUG26-2050-C,21AUG26,2050,C,0.009,0.01,0.009777,16.77123,18.634700000000002,45.74,1864.2,654.0,405.0,0.18597,1.09884,0.00143,-1.42143,
deribit,ETH,option,ETH-14AUG26-1920-C,14AUG26,1920,C,0.0175,0.0185,0.018371,32.610725,34.474195,44.92,1863.97,265.0,235.0,0.36479,1.19842,0.00262,-2.52038,
deribit,ETH,option,ETH-26MAR27-2700-P,26MAR27,2700,P,0.4115,0.5215,0.486346,766.817905,971.7996049999999,55.42,1897.56,147.0,0.0,,,,,
deribit,ETH,option,ETH-7AUG26-1600-P,7AUG26,1600,P,0.0003,0.0005,0.000424,0.559041,0.931735,72.01,1863.4,22321.0,25.0,-0.01587,0.07442,0.00029,-0.72784,
deribit,ETH,option,ETH-25SEP26-3500-C,25SEP26,3500,C,0.0004,0.0008,0.000574,0.745388,1.490776,64.82,1867.64,15555.0,2.0,,,,,
deribit,ETH,option,ETH-25SEP26-1800-C,25SEP26,1800,C,0.0925,0.0945,0.09366,172.370975,176.097915,49.9,1867.64,2356.0,0.0,,,,,
deribit,ETH,option,ETH-26MAR27-3400-C,26MAR27,3400,C,0.0275,0.029,0.02825,51.245425000000004,54.04063,56.71,1897.56,1869.0,0.0,,,,,
deribit,ETH,option,ETH-25JUN27-900-P,25JUN27,900,P,0.0245,0.025,0.024695,45.655015000000006,46.58675,67.74,1916.64,641.0,50.0,,,,,
deribit,ETH,option,ETH-7AUG26-1700-P,7AUG26,1700,P,0.0016,0.0019,0.001731,2.981552,3.540593,61.09,1863.4,12428.0,2100.0,-0.06293,0.23143,0.00108,-1.9202,
deribit,ETH,option,ETH-6AUG26-1780-C,6AUG26,1780,C,0.044,0.055,0.048355,81.99268,102.49085000000001,52.86,1863.36,0.0,0.0,0.85111,0.37066,0.00275,-3.65392,
deribit,ETH,option,ETH-25JUN27-1300-C,25JUN27,1300,C,0.3665,0.439,0.390951,682.961755,818.0633300000001,60.98,1916.67,108.0,0.0,,,,,
deribit,ETH,option,ETH-28AUG26-1600-C,28AUG26,1600,C,0.149,0.153,0.151073,277.65703,285.11091,54.33,1864.3,885.0,0.0,,,,,
deribit,ETH,option,ETH-4AUG26-1700-P,4AUG26,1700,P,,0.0001,4e-05,0.0,0.186347,79.9,1863.45,1197.0,1100.0,-0.00372,0.00894,0.00017,-0.07443,
deribit,ETH,option,ETH-25SEP26-1850-P,25SEP26,1850,P,0.069,0.0705,0.069839,128.57943,131.37463499999998,49.44,1867.61,105.0,2.0,,,,,
deribit,ETH,option,ETH-25DEC26-1500-C,25DEC26,1500,C,0.2495,0.256,0.251659,464.935765,477.04832,56.36,1879.78,823.0,0.0,,,,,
deribit,ETH,option,ETH-30OCT26-3400-C,30OCT26,3400,C,0.0025,0.0026,0.002629,4.658675000000001,4.845022,58.56,1872.0,25.0,9.0,,,,,
deribit,ETH,option,ETH-28AUG26-1300-P,28AUG26,1300,P,0.0012,0.0015,0.001346,2.236164,2.795205,69.93,1864.3,8975.0,1.0,,,,,
deribit,ETH,option,ETH-28AUG26-1450-C,28AUG26,1450,C,0.2205,0.232,0.225746,410.895135,432.32504,61.52,1864.26,51.0,0.0,,,,,
deribit,ETH,option,ETH-25SEP26-5000-P,25SEP26,5000,P,1.576,1.7925,1.677355,2936.82872,3340.269975,85.49,1867.61,2.0,0.0,,,,,
deribit,ETH,option,ETH-7AUG26-1850-C,7AUG26,1850,C,0.021,0.0235,0.022692,39.132870000000004,43.791545,47.27,1863.37,1252.0,51.0,0.57118,0.73478,0.00444,-4.71774,
deribit,ETH,option,ETH-25DEC26-11000-P,25DEC26,11000,P,4.63,4.868,4.851865,8627.8661,9071.37196,87.11,1879.81,109.0,0.0,,,,,
deribit,ETH,option,ETH-7AUG26-1840-P,7AUG26,1840,P,0.013,0.014,0.013403,24.22511,26.08858,47.81,1863.37,3181.0,3368.0,-0.38561,0.71578,0.00427,-4.64807,
deribit,ETH,option,ETH-25DEC26-2800-C,25DEC26,2800,C,0.0235,0.0245,0.024006,43.791545,45.655015000000006,53.92,1879.81,9157.0,500.0,,,,,
deribit,ETH,option,ETH-30OCT26-1800-C,30OCT26,1800,C,0.118,0.1205,0.119105,219.88945999999999,224.548135,51.6,1872.02,52.0,0.0,,,,,
deribit,ETH,option,ETH-25JUN27-1800-P,25JUN27,1800,P,0.1775,0.181,0.179274,330.765925,337.28807,57.74,1916.64,300.0,0.0,,,,,
deribit,ETH,option,ETH-25DEC26-3400-P,25DEC26,3400,P,0.779,0.896,0.817895,1451.6431300000002,1669.66912,56.47,1879.78,89.0,0.0,,,,,
deribit,ETH,option,ETH-25DEC26-8000-P,25DEC26,8000,P,3.095,3.4395,3.256073,5767.43965,6409.405065,76.05,1879.78,0.0,0.0,,,,,
deribit,ETH,option,ETH-4AUG26-1860-C,4AUG26,1860,C,0.0075,0.0085,0.008269,13.976025,15.839495000000001,42.38,1863.45,649.0,151.0,0.5451,0.31913,0.01162,-6.76212,
deribit,ETH,option,ETH-30OCT26-2500-C,30OCT26,2500,C,0.0175,0.0185,0.01804,32.610725,34.474195,51.39,1872.02,30.0,0.0,,,,,
deribit,ETH,option,ETH-28AUG26-1800-P,28AUG26,1800,P,0.033,0.034,0.033527,61.494510000000005,63.357980000000005,47.96,1864.27,4033.0,3.0,,,,,
deribit,ETH,option,ETH-25DEC26-1000-P,25DEC26,1000,P,0.009,0.01,0.009484,16.77123,18.634700000000002,68.14,1879.78,19199.0,0.0,,,,,
deribit,ETH,option,ETH-6AUG26-1600-P,6AUG26,1600,P,0.0001,0.0004,0.000216,0.186347,0.745388,76.91,1863.36,448.0,215.0,-0.00938,0.04026,0.00021,-0.39596,
deribit,ETH,option,ETH-26MAR27-3300-P,26MAR27,3300,P,0.7145,0.866,0.770355,1331.449315,1613.76502,56.41,1897.56,1.0,0.0,,,,,
deribit,ETH,option,ETH-4AUG26-2050-C,4AUG26,2050,C,,0.0001,2e-06,0.0,0.186347,63.86,1863.45,1431.0,424.0,0.00029,0.00086,2e-05,-0.00371,
deribit,ETH,option,ETH-14AUG26-2200-P,14AUG26,2200,P,0.1345,0.2335,0.181095,250.636715,435.120245,49.21,1863.97,0.0,0.0,-0.97292,0.19924,0.0004,-0.45898,
deribit,ETH,option,ETH-25SEP26-14000-C,25SEP26,14000,C,,0.0002,2e-06,0.0,0.372694,123.7,1867.64,1212.0,0.0,,,,,
deribit,ETH,option,ETH-28AUG26-2000-P,28AUG26,2000,P,0.089,0.0965,0.094156,165.84883,179.824855,46.08,1864.27,504.0,0.0,,,,,
deribit,ETH,option,ETH-28AUG26-3600-P,28AUG26,3600,P,0.8555,1.011,0.93104,1594.198585,1883.9681699999999,80.02,1864.27,18.0,0.0,,,,,
deribit,ETH,option,ETH-14AUG26-2200-C,14AUG26,2200,C,0.0007,0.001,0.000844,1.304429,1.86347,49.21,1863.97,2053.0,2.0,0.02708,0.19924,0.0004,-0.45898,
deribit,ETH,option,ETH-4AUG26-1940-C,4AUG26,1940,C,0.0002,0.0004,0.000299,0.372694,0.745388,50.97,1863.45,376.0,292.0,0.03477,0.06188,0.00187,-0.55535,
deribit,ETH,option,ETH-25DEC26-1400-C,25DEC26,1400,C,0.2885,0.2965,0.291878,537.611095,552.518855,57.93,1879.78,946.0,0.0,,,,,
deribit,ETH,option,ETH-4AUG26-1840-C,4AUG26,1840,C,0.013,0.017,0.015637,24.22511,31.678990000000002,45.34,1863.45,282.0,164.0,0.74509,0.25847,0.0088,-5.8589,
deribit,ETH,option,ETH-26MAR27-2600-P,26MAR27,2600,P,0.4275,0.454,0.442052,796.633425,846.01538,55.31,1897.56,626.0,0.0,,,,,
deribit,ETH,option,ETH-21AUG26-1850-C,21AUG26,1850,C,0.044,0.0455,0.044579,81.99268,84.787885,46.49,1864.2,120.0,52.0,0.55028,1.62393,0.00207,-2.13491,
deribit,ETH,option,ETH-25SEP26-1850-C,25SEP26,1850,C,0.0785,0.08,0.079284,146.282395,149.07760000000002,49.44,1867.64,68.0,0.0,,,,,
deribit,ETH,option,ETH-25SEP26-4600-C,25SEP26,4600,C,0.0001,0.0003,0.00018,0.186347,0.559041,79.15,1867.61,3405.0,0.0,,,,,
deribit,ETH,option,ETH-5AUG26-1940-C,5AUG26,1940,C,0.0012,0.0015,0.001393,2.236164,2.795205,45.28,1863.33,54.0,2.0,0.09966,0.22148,0.00306,-2.60859,
deribit,ETH,option,ETH-6AUG26-1840-P,6AUG26,1840,P,0.01,0.011,0.010543,18.634700000000002,20.49817,47.2,1863.34,27.0,1.0,-0.36682,0.60149,0.00499,-5.29476,
deribit,ETH,option,ETH-26MAR27-2800-C,26MAR27,2800,C,0.055,0.057,0.056111,102.49085000000001,106.21779000000001,55.52,1897.56,4821.0,0.0,,,,,
deribit,ETH,option,ETH-25SEP26-10000-C,25SEP26,10000,C,,0.0001,3e-06,0.0,0.186347,105.8,1867.64,1561.0,0.0,,,,,
deribit,ETH,option,ETH-14AUG26-1900-P,14AUG26,1900,P,0.038,0.044,0.041557,70.81186,81.99268,44.93,1863.97,1164.0,0.0,-0.58293,1.24461,0.00272,-2.61781,
deribit,ETH,option,ETH-25JUN27-2300-C,25JUN27,2300,C,0.1435,0.147,0.145312,267.407945,273.93009,56.72,1916.64,215.0,2.0,,,,,
deribit,ETH,option,ETH-25JUN27-2700-C,25JUN27,2700,C,0.0975,0.1,0.098596,181.68832500000002,186.347,56.73,1916.64,295.0,0.0,,,,,
deribit,ETH,option,ETH-6AUG26-1880-P,6AUG26,1880,P,0.0195,0.021,0.020288,36.337665,39.132870000000004,44.88,1863.34,2.0,2.0,-0.58053,0.62432,0.00545,-5.22517,
deribit,ETH,option,ETH-28AUG26-1900-P,28AUG26,1900,P,0.058,0.0595,0.058929,108.08126,110.876465,46.6,1864.3,6620.0,1.0,,,,,
deribit,ETH,option,ETH-25SEP26-3800-P,25SEP26,3800,P,0.955,1.1235,1.034984,1779.61385,2093.608545,68.02,1867.64,954.0,0.0,,,,,
deribit,ETH,option,ETH-25SEP26-16000-C,25SEP26,16000,C,,0.0001,2e-06,0.0,0.186347,130.17,1867.64,7426.0,0.0,,,,,
deribit,ETH,option,ETH-21AUG26-1900-C,21AUG26,1900,C,0.031,0.0325,0.031727,57.76757,60.562775,45.82,1864.2,229.0,208.0,0.44523,1.62149,0.0021,-2.10097,
deribit,ETH,option,ETH-25DEC26-3300-P,25DEC26,3300,P,0.7275,0.842,0.766059,1355.6744250000002,1569.04174,55.9,1879.81,10.0,0.0,,,,,
deribit,ETH,option,ETH-25DEC26-3400-C,25DEC26,3400,C,0.009,0.0095,0.009201,16.77123,17.702965,56.47,1879.78,13044.0,500.0,,,,,
deribit,ETH,option,ETH-25SEP26-3200-C,25SEP26,3200,C,0.0007,0.0011,0.000907,1.304429,2.049817,60.03,1867.64,7859.0,0.0,,,,,
deribit,ETH,option,ETH-25SEP26-6200-P,25SEP26,6200,P,2.194,2.461,2.319754,4088.45318,4585.99967,93.06,1867.61,0.0,0.0,,,,,
deribit,ETH,option,ETH-28AUG26-1700-C,28AUG26,1700,C,0.104,0.1105,0.105964,193.80088,205.913435,50.5,1864.3,1020.0,0.0,,,,,
deribit,ETH,option,ETH-25DEC26-2000-C,25DEC26,2000,C,0.1055,0.108,0.106855,196.596085,201.25476,53.09,1879.81,6329.0,0.0,,,,,
deribit,ETH,option,ETH-25SEP26-1000-P,25SEP26,1000,P,0.0011,0.0014,0.001239,2.049817,2.608858,76.95,1867.64,9581.0,10.0,,,,,
deribit,ETH,option,ETH-25SEP26-1000-C,25SEP26,1000,C,0.463,0.4695,0.465804,862.7866100000001,874.8991649999999,76.95,1867.61,125.0,0.0,,,,,
deribit,ETH,option,ETH-30OCT26-1850-C,30OCT26,1850,C,0.104,0.106,0.10533,193.80088,197.52782,51.24,1872.02,54.0,0.0,,,,,
deribit,ETH,option,ETH-25JUN27-3800-P,25JUN27,3800,P,0.951,1.134,1.020883,1772.15997,2113.17498,58.08,1916.64,2.0,0.0,,,,,
deribit,ETH,option,ETH-25DEC26-1800-C,25DEC26,1800,C,0.1515,0.155,0.153245,282.315705,288.83785,53.7,1879.78,2476.0,36.0,,,,,
deribit,ETH,option,ETH-14AUG26-1950-C,14AUG26,1950,C,0.0125,0.014,0.013519,23.293375,26.08858,44.89,1863.97,1751.0,576.0,0.2919,1.09492,0.0024,-2.30107,
deribit,ETH,option,ETH-25DEC26-800-P,25DEC26,800,P,0.0041,0.0045,0.004252,7.640227,8.385615,75.41,1879.78,5686.0,2.0,,,,,
deribit,ETH,option,ETH-30OCT26-2250-P,30OCT26,2250,P,0.222,0.2485,0.238008,413.69034,463.072295,50.64,1872.02,0.0,0.0,,,,,
deribit,ETH,option,ETH-26MAR27-4800-P,26MAR27,4800,P,1.4335,1.6605,1.537675,2671.284245,3094.291935,60.68,1897.55,0.0,0.0,,,,,
deribit,ETH,option,ETH-7AUG26-2400-C,7AUG26,2400,C,,0.0001,1.9e-05,0.0,0.186347,79.45,1863.37,1335.0,76.0,0.00087,0.00556,2e-05,-0.03508,
deribit,ETH,option,ETH-25SEP26-5200-C,25SEP26,5200,C,0.0001,0.0003,0.000179,0.186347,0.559041,88.46,1867.64,1681.0,0.0,,,,,
deribit,ETH,option,ETH-28AUG26-3400-C,28AUG26,3400,C,,0.0001,9.7e-05,0.0,0.186347,76.63,1864.27,560.0,150.0,,,,,
deribit,ETH,option,ETH-7AUG26-1880-C,7AUG26,1880,C,0.0135,0.015,0.014339,25.156845,27.95205,45.84,1863.37,277.0,125.0,0.43411,0.73649,0.00459,-4.5854,
deribit,ETH,option,ETH-4AUG26-1780-P,4AUG26,1780,P,0.0003,0.0005,0.000388,0.559041,0.931735,59.9,1863.45,121.0,111.0,-0.03709,0.06524,0.00168,-0.72567,
deribit,ETH,option,ETH-5AUG26-1840-C,5AUG26,1840,C,0.0175,0.022,0.019769,32.610725,40.99634,46.52,1863.35,138.0,167.0,0.66451,0.46113,0.0062,-6.37832,
deribit,ETH,option,ETH-25JUN27-3000-P,25JUN27,3000,P,0.5565,0.68,0.63985,1037.021055,1267.1596000000002,56.93,1916.64,59.0,0.0,,,,,
deribit,ETH,option,ETH-28AUG26-2000-C,28AUG26,2000,C,0.0205,0.022,0.02139,38.201135,40.99634,46.08,1864.27,6441.0,57.0,,,,,
deribit,ETH,option,ETH-26MAR27-800-P,26MAR27,800,P,0.0105,0.0115,0.010996,19.566435000000002,21.429905,72.37,1897.56,789.0,0.0,,,,,
deribit,ETH,option,ETH-30OCT26-2300-C,30OCT26,2300,C,0.0305,0.032,0.031325,56.835835,59.63104,50.7,1872.02,265.0,0.0,,,,,
deribit,ETH,option,ETH-25DEC26-1500-P,25DEC26,1500,P,0.049,0.0505,0.049612,91.31003000000001,94.10523500000001,56.36,1879.78,16337.0,28.0,,,,,
deribit,ETH,option,ETH-25DEC26-2000-P,25DEC26,2000,P,0.169,0.173,0.170793,314.92643000000004,322.38031,53.09,1879.81,10566.0,150.0,,,,,
deribit,ETH,option,ETH-21AUG26-1500-P,21AUG26,1500,P,0.0027,0.003,0.00286,5.031369000000001,5.59041,61.88,1864.2,913.0,5.0,-0.048,0.40963,0.00039,-0.71677,
deribit,ETH,option,ETH-28AUG26-2200-P,28AUG26,2200,P,0.1795,0.1925,0.185559,334.492865,358.717975,47.33,1864.3,681.0,0.0,,,,,
deribit,ETH,option,ETH-26MAR27-4200-C,26MAR27,4200,C,0.0125,0.0135,0.013025,23.293375,25.156845,58.8,1897.56,2776.0,1.0,,,,,
deribit,ETH,option,ETH-25DEC26-800-C,25DEC26,800,C,0.576,0.582,0.578677,1073.35872,1084.53954,75.41,1879.78,171.0,0.0,,,,,
deribit,ETH,option,ETH-25DEC26-5500-C,25DEC26,5500,C,0.001,0.0014,0.00116,1.86347,2.608858,66.78,1879.81,1657.0,11.0,,,,,
deribit,ETH,option,ETH-26MAR27-4500-C,26MAR27,4500,C,0.01,0.011,0.010477,18.634700000000002,20.49817,59.99,1897.56,2400.0,0.0,,,,,
deribit,ETH,option,ETH-25DEC26-4000-C,25DEC26,4000,C,0.0041,0.0043,0.004214,7.640227,8.012921,59.34,1879.81,16441.0,0.0,,,,,
deribit,ETH,option,ETH-30OCT26-1000-C,30OCT26,1000,C,0.466,0.474,0.469449,868.37702,883.28478,71.21,1872.0,0.0,0.0,,,,,
deribit,ETH,option,ETH-7AUG26-1950-P,7AUG26,1950,P,0.046,0.056,0.050572,85.71962,104.35432,46.19,1863.37,522.0,1.0,-0.82955,0.47444,0.00293,-2.9765,
deribit,ETH,option,ETH-25SEP26-9000-P,25SEP26,9000,P,3.6365,4.0225,3.818919,6776.508655,7495.808075,100.09,1867.64,0.0,0.0,,,,,
deribit,ETH,option,ETH-14AUG26-1800-C,14AUG26,1800,C,0.05,0.056,0.052377,93.1735,104.35432,48.25,1863.97,58.0,50.0,0.67921,1.14157,0.00233,-2.57825,
deribit,ETH,option,ETH-25SEP26-1200-C,25SEP26,1200,C,0.3565,0.366,0.360861,664.327055,682.03002,67.01,1867.61,138.0,0.0,,,,,
deribit,ETH,option,ETH-28AUG26-1700-P,28AUG26,1700,P,0.017,0.0185,0.017815,31.678990000000002,34.474195,50.5,1864.26,8640.0,56.0,,,,,
deribit,ETH,option,ETH-25SEP26-2300-P,25SEP26,2300,P,0.238,0.2545,0.245181,443.50586,474.25311500000004,49.06,1867.64,1089.0,0.0,,,,,
deribit,ETH,option,ETH-5AUG26-1860-P,5AUG26,1860,P,0.0105,0.0115,0.011274,19.566435000000002,21.429905,44.93,1863.33,226.0,204.0,-0.46522,0.5028,0.00699,-6.71827,
deribit,ETH,option,ETH-25JUN27-2100-P,25JUN27,2100,P,0.2705,0.2785,0.272822,504.06863500000003,518.976395,56.87,1916.64,87.0,0.0,,,,,
deribit,ETH,option,ETH-25DEC26-1000-C,25DEC26,1000,C,0.4745,0.4815,0.477515,884.216515,897.260805,68.14,1879.78,54.0,0.0,,,,,
deribit,ETH,option,ETH-25DEC26-2800-P,25DEC26,2800,P,0.501,0.5255,0.513519,933.59847,979.253485,53.92,1879.78,2205.0,0.0,,,,,
deribit,ETH,option,ETH-25SEP26-3000-C,25SEP26,3000,C,0.0012,0.0017,0.001422,2.236164,3.167899,57.25,1867.64,28572.0,4.0,,,,,
deribit,ETH,option,ETH-25SEP26-4000-P,25SEP26,4000,P,1.061,1.2345,1.142064,1977.14167,2300.453715,72.11,1867.64,140.0,0.0,,,,,
deribit,ETH,option,ETH-7AUG26-2000-C,7AUG26,2000,C,0.0015,0.0018,0.001699,2.795205,3.354246,48.86,1863.37,32271.0,2170.0,0.07869,0.27481,0.00161,-1.82346,
deribit,ETH,option,ETH-14AUG26-2050-C,14AUG26,2050,C,0.0041,0.0045,0.004284,7.640227,8.385615,45.23,1863.97,2016.0,1076.0,0.11711,0.62702,0.00136,-1.32757,
deribit,ETH,option,ETH-30OCT26-1800-P,30OCT26,1800,P,0.08,0.0815,0.080633,149.07760000000002,151.872805,51.6,1872.02,12.0,0.0,,,,,
deribit,ETH,option,ETH-7AUG26-1400-C,7AUG26,1400,C,0.2445,0.255,0.248717,455.61841499999997,475.18485000000004,91.36,1863.37,0.0,0.0,0.99923,0.00498,2e-05,-0.06179,
deribit,ETH,option,ETH-25SEP26-6500-P,25SEP26,6500,P,2.3485,2.6285,2.480362,4376.359295,4898.130894999999,93.06,1867.61,0.0,0.0,,,,,
deribit,ETH,option,ETH-25DEC26-4400-P,25DEC26,4400,P,1.253,1.452,1.343414,2334.92791,2705.75844,61.32,1879.81,20.0,0.0,,,,,
deribit,ETH,option,ETH-4AUG26-1840-P,4AUG26,1840,P,0.0027,0.0031,0.003037,5.031369000000001,5.776757,45.34,1863.42,532.0,127.0,-0.2514,0.25665,0.00873,-5.67579,
deribit,ETH,option,ETH-28AUG26-2200-C,28AUG26,2200,C,0.005,0.006,0.005517,9.317350000000001,11.18082,47.33,1864.3,9098.0,546.0,,,,,
deribit,ETH,option,ETH-25SEP26-3400-C,25SEP26,3400,C,0.0005,0.0009,0.000678,0.931735,1.677123,63.45,1867.64,7117.0,0.0,,,,,
deribit,ETH,option,ETH-25SEP26-4400-P,25SEP26,4400,P,1.267,1.458,1.356125,2361.01649,2716.93926,76.76,1867.61,281.0,0.0,,,,,
deribit,ETH,option,ETH-25SEP26-5800-P,25SEP26,5800,P,1.988,2.2385,2.105627,3704.57836,4171.377595,92.54,1867.61,0.0,0.0,,,,,
deribit,ETH,option,ETH-28AUG26-2350-P,28AUG26,2350,P,0.2135,0.3195,0.262591,397.850845,595.3786650000001,49.61,1864.3,100.0,0.0,,,,,
deribit,ETH,option,ETH-25JUN27-1200-C,25JUN27,1200,C,0.408,0.4705,0.428623,760.29576,876.7626349999999,62.17,1916.64,55.0,0.0,,,,,
deribit,ETH,option,ETH-4AUG26-2040-C,4AUG26,2040,C,,0.0001,4e-06,0.0,0.186347,63.48,1863.42,108.0,1.0,0.00052,0.0015,4e-05,-0.00678,
deribit,ETH,option,ETH-4AUG26-1600-C,4AUG26,1600,C,0.136,0.1495,0.141391,253.43192000000002,278.58876499999997,82.24,1863.45,0.0,0.0,0.99999,3e-05,0.0,-0.00124,
deribit,ETH,option,ETH-30OCT26-1200-C,30OCT26,1200,C,0.3635,0.3725,0.36749,677.371345,694.142575,63.52,1872.0,0.0,0.0,,,,,
deribit,ETH,option,ETH-4AUG26-1920-C,4AUG26,1920,C,0.0005,0.0007,0.000607,0.931735,1.304429,46.36,1863.42,281.0,146.0,0.07086,0.10914,0.00363,-1.12668,
deribit,ETH,option,ETH-30OCT26-1700-C,30OCT26,1700,C,0.1485,0.1515,0.150381,276.725295,282.315705,52.52,1872.02,50.0,0.0,,,,,
deribit,ETH,option,ETH-25DEC26-1300-P,25DEC26,1300,P,0.026,0.0275,0.026714,48.45022,51.245425000000004,59.93,1879.81,1963.0,0.0,,,,,
deribit,ETH,option,ETH-7AUG26-1860-C,7AUG26,1860,C,0.019,0.02,0.019662,35.40593,37.269400000000005,46.79,1863.37,122.0,129.0,0.52632,0.74507,0.00455,-4.73505,
deribit,ETH,option,ETH-25SEP26-2600-C,25SEP26,2600,C,0.0042,0.0047,0.004483,7.826574,8.758309,51.92,1867.64,9763.0,2.0,,,,,
deribit,ETH,option,ETH-4AUG26-1950-P,4AUG26,1950,P,0.029,0.0915,0.046629,54.04063,170.507505,52.64,1863.42,0.0,0.0,-0.97576,0.04586,0.00134,-1.20691,
deribit,ETH,option,ETH-25DEC26-7000-P,25DEC26,7000,P,2.583,2.886,2.724313,4813.3430100000005,5377.9744200000005,73.19,1879.78,0.0,0.0,,,,,
deribit,ETH,option,ETH-25JUN27-4000-C,25JUN27,4000,C,0.032,0.0335,0.032831,59.63104,62.426245,58.38,1916.64,4052.0,0.0,,,,,
deribit,ETH,option,ETH-26MAR27-1200-P,26MAR27,1200,P,0.037,0.038,0.037362,68.94839,70.81186,61.96,1897.56,1237.0,1.0,,,,,
deribit,ETH,option,ETH-25SEP26-7000-P,25SEP26,7000,P,2.6015,2.907,2.748061,4847.817205,5417.10729,93.06,1867.64,0.0,0.0,,,,,
deribit,ETH,option,ETH-25SEP26-1900-C,25SEP26,1900,C,0.0655,0.0675,0.066558,122.05728500000001,125.784225,49.07,1867.64,3379.0,152.0,,,,,
deribit,ETH,option,ETH-25DEC26-2300-C,25DEC26,2300,C,0.0595,0.0615,0.060718,110.876465,114.603405,52.91,1879.78,7647.0,0.0,,,,,
deribit,ETH,option,ETH-26MAR27-1800-C,26MAR27,1800,C,0.1985,0.202,0.200191,369.898795,376.42094000000003,56.07,1897.56,3788.0,1.0,,,,,
deribit,ETH,option,ETH-28AUG26-2050-C,28AUG26,2050,C,0.0145,0.016,0.015309,27.020315,29.81552,46.1,1864.3,4317.0,40.0,,,,,
deribit,ETH,option,ETH-30OCT26-3000-P,30OCT26,3000,P,0.5445,0.6865,0.607867,1014.659415,1279.272155,54.68,1872.0,72.0,0.0,,,,,
deribit,ETH,option,ETH-28AUG26-1800-C,28AUG26,1800,C,0.066,0.072,0.068038,122.98902000000001,134.16984,47.96,1864.3,6080.0,18.0,,,,,
deribit,ETH,option,ETH-6AUG26-1880-C,6AUG26,1880,C,0.011,0.012,0.011358,20.49817,22.36164,44.88,1863.34,139.0,114.0,0.41904,0.62415,0.00545,-5.22376,
deribit,ETH,option,ETH-26MAR27-3700-C,26MAR27,3700,C,0.02,0.0215,0.02074,37.269400000000005,40.064605,57.45,1897.56,1469.0,2.0,,,,,
deribit,ETH,option,ETH-26MAR27-5000-C,26MAR27,5000,C,0.0065,0.0075,0.007,12.112555,13.976025,61.09,1897.56,1215.0,1.0,,,,,
deribit,ETH,option,ETH-14AUG26-2400-C,14AUG26,2400,C,0.0001,0.0002,0.000145,0.186347,0.372694,56.18,1863.97,1014.0,58.0,0.00492,0.04549,8e-05,-0.11963,
deribit,ETH,option,ETH-26MAR27-1200-C,26MAR27,1200,C,0.403,0.409,0.404994,750.97841,762.15923,61.96,1897.56,69.0,0.0,,,,,
deribit,ETH,option,ETH-25SEP26-2700-P,25SEP26,2700,P,0.4395,0.459,0.448904,818.9950650000001,855.3327300000001,53.12,1867.64,527.0,0.0,,,,,
deribit,ETH,option,ETH-26MAR27-2500-C,26MAR27,2500,C,0.0805,0.0825,0.081618,150.009335,153.736275,55.25,1897.56,9061.0,0.0,,,,,
deribit,ETH,option,ETH-21AUG26-1500-C,21AUG26,1500,C,0.193,0.205,0.198242,359.64971,382.01135,61.88,1864.2,0.0,0.0,0.952,0.40963,0.00039,-0.71677,
deribit,ETH,option,ETH-6AUG26-1700-C,6AUG26,1700,C,0.0825,0.097,0.088638,153.736275,180.75659000000002,63.3,1863.36,0.0,0.0,0.95776,0.14388,0.00089,-1.69846,
deribit,ETH,option,ETH-25SEP26-2300-C,25SEP26,2300,C,0.013,0.0145,0.01368,24.22511,27.020315,49.06,1867.64,12109.0,110.0,,,,,
deribit,ETH,option,ETH-25SEP26-1400-P,25SEP26,1400,P,0.009,0.0095,0.00915,16.77123,17.702965,59.15,1867.64,9733.0,23.0,,,,,
deribit,ETH,option,ETH-21AUG26-1950-P,21AUG26,1950,P,0.063,0.071,0.068154,117.39861,132.30637,45.81,1864.2,235.0,0.0,-0.65373,1.51385,0.00196,-1.96109,
deribit,ETH,option,ETH-26MAR27-1500-P,26MAR27,1500,P,0.079,0.0805,0.080025,147.21413,150.009335,58.03,1897.56,3977.0,0.0,,,,,
deribit,ETH,option,ETH-25JUN27-2700-P,25JUN27,2700,P,0.4275,0.5475,0.50729,796.633425,1020.249825,56.73,1916.64,0.0,0.0,,,,,
deribit,ETH,option,ETH-25JUN27-2900-C,25JUN27,2900,C,0.0805,0.083,0.081791,150.009335,154.66801,56.85,1916.64,61.0,0.0,,,,,
deribit,ETH,option,ETH-25JUN27-1700-P,25JUN27,1700,P,0.151,0.1535,0.152311,281.38397,286.042645,58.13,1916.64,2966.0,0.0,,,,,
deribit,ETH,option,ETH-30OCT26-1200-P,30OCT26,1200,P,0.008,0.009,0.008509,14.90776,16.77123,63.52,1872.02,509.0,3.0,,,,,
deribit,ETH,option,ETH-14AUG26-1600-P,14AUG26,1600,P,0.0027,0.0031,0.002879,5.031369000000001,5.776757,60.08,1863.97,3603.0,2095.0,-0.06199,0.38971,0.00064,-1.09605,
deribit,ETH,option,ETH-6AUG26-1800-P,6AUG26,1800,P,0.005,0.0055,0.005267,9.317350000000001,10.249085,51.1,1863.34,2.0,1.0,-0.20629,0.45561,0.00349,-4.34175,
deribit,ETH,option,ETH-26MAR27-1500-C,26MAR27,1500,C,0.2875,0.2925,0.289565,535.747625,545.064975,58.03,1897.56,244.0,0.0,,,,,
deribit,ETH,option,ETH-5AUG26-2100-P,5AUG26,2100,P,0.0845,0.1755,0.127044,157.46321500000002,327.03898499999997,64.9,1863.35,0.0,0.0,-0.99638,0.0137,0.00013,-0.26444,
deribit,ETH,option,ETH-4AUG26-1980-C,4AUG26,1980,C,,0.0002,0.000108,0.0,0.372694,61.69,1863.42,639.0,515.0,0.01214,0.0254,0.00063,-0.20062,
deribit,ETH,option,ETH-25SEP26-3800-C,25SEP26,3800,C,0.0003,0.0005,0.000331,0.559041,0.931735,68.02,1867.61,2029.0,14.0,,,,,
deribit,ETH,option,ETH-21AUG26-1950-C,21AUG26,1950,C,0.021,0.0225,0.022151,39.132870000000004,41.928075,45.81,1864.2,296.0,269.0,0.34627,1.51385,0.00196,-1.96109,
deribit,ETH,option,ETH-25SEP26-3300-C,25SEP26,3300,C,0.0006,0.001,0.000782,1.118082,1.86347,61.78,1867.61,17691.0,0.0,,,,,
deribit,ETH,option,ETH-30OCT26-1950-P,30OCT26,1950,P,0.1225,0.125,0.123312,228.275075,232.93375,50.8,1872.02,50.0,0.0,,,,,
deribit,ETH,option,ETH-5AUG26-1920-C,5AUG26,1920,C,0.0022,0.0027,0.002508,4.099634,5.031369000000001,43.98,1863.33,47.0,6.0,0.16473,0.31371,0.00446,-4.10289,
deribit,ETH,option,ETH-7AUG26-2200-P,7AUG26,2200,P,0.1345,0.2305,0.180764,250.636715,429.52983500000005,66.18,1863.37,11.0,0.0,-0.99312,0.03592,0.00015,-0.32286,
deribit,ETH,option,ETH-26MAR27-3300-C,26MAR27,3300,C,0.0305,0.032,0.031344,56.835835,59.63104,56.41,1897.56,1921.0,0.0,,,,,
deribit,ETH,option,ETH-4AUG26-1740-P,4AUG26,1740,P,,0.0002,0.000125,0.0,0.372694,70.53,1863.42,2731.0,3356.0,-0.01171,0.02463,0.00054,-0.23313,
deribit,ETH,option,ETH-25SEP26-2200-P,25SEP26,2200,P,0.1915,0.2065,0.198702,356.854505,384.806555,48.77,1867.64,5506.0,0.0,,,,,
deribit,ETH,option,ETH-25DEC26-1300-C,25DEC26,1300,C,0.332,0.3395,0.335155,618.67204,632.6480650000001,59.93,1879.78,50.0,0.0,,,,,
deribit,ETH,option,ETH-25SEP26-3200-P,25SEP26,3200,P,0.705,0.72,0.7143,1313.74635,1341.6984,60.03,1867.64,1323.0,30.0,,,,,
deribit,ETH,option,ETH-28AUG26-2600-C,28AUG26,2600,C,0.0005,0.0007,0.000595,0.931735,1.304429,55.27,1864.3,8500.0,13.0,,,,,
deribit,ETH,option,ETH-26MAR27-3000-C,26MAR27,3000,C,0.0435,0.045,0.04418,81.06094499999999,83.85615,55.84,1897.56,4695.0,0.0,,,,,
deribit,ETH,option,ETH-7AUG26-2100-P,7AUG26,2100,P,0.083,0.1755,0.127368,154.66801,327.03898499999997,57.16,1863.4,2.0,0.0,-0.97986,0.09117,0.00046,-0.70778,
deribit,ETH,option,ETH-25SEP26-1200-P,25SEP26,1200,P,0.0032,0.0036,0.003383,5.963104,6.708492,67.01,1867.64,13182.0,11.0,,,,,
deribit,ETH,option,ETH-30OCT26-1700-P,30OCT26,1700,P,0.058,0.059,0.05849,108.08126,109.94472999999999,52.52,1872.02,661.0,0.0,,,,,
deribit,ETH,option,ETH-5AUG26-1600-C,5AUG26,1600,C,0.136,0.149,0.141405,253.43192000000002,277.65703,85.02,1863.33,0.0,0.0,0.99626,0.01411,0.0001,-0.35678,
deribit,ETH,option,ETH-25DEC26-1900-P,25DEC26,1900,P,0.138,0.14,0.138958,257.15886,260.8858,53.31,1879.78,4212.0,500.0,,,,,
deribit,ETH,option,ETH-6AUG26-1980-C,6AUG26,1980,C,0.0011,0.0014,0.001241,2.049817,2.608858,47.39,1863.36,22.0,20.0,0.07111,0.21711,0.0018,-1.9185,
deribit,ETH,option,ETH-6AUG26-1920-P,6AUG26,1920,P,0.033,0.038,0.035308,61.494510000000005,70.81186,45.02,1863.36,80.0,80.0,-0.77277,0.48181,0.00419,-4.0455,
deribit,ETH,option,ETH-21AUG26-2000-P,21AUG26,2000,P,0.0805,0.092,0.087739,150.009335,171.43924,45.72,1864.2,0.0,0.0,-0.74151,1.32693,0.00172,-1.71549,
deribit,ETH,option,ETH-25SEP26-7200-C,25SEP26,7200,C,,0.0002,1.1e-05,0.0,0.372694,93.06,1867.61,1160.0,0.0,,,,,
deribit,ETH,option,ETH-28AUG26-1550-C,28AUG26,1550,C,0.1705,0.1815,0.175283,317.72163500000005,338.219805,56.52,1864.3,149.0,0.0,,,,,
deribit,ETH,option,ETH-25JUN27-3200-C,25JUN27,3200,C,0.0615,0.0635,0.062545,114.603405,118.33034500000001,57.17,1916.64,233.0,2.0,,,,,
deribit,ETH,option,ETH-28AUG26-3200-C,28AUG26,3200,C,0.0001,0.0002,0.000144,0.186347,0.372694,72.22,1864.3,1032.0,0.0,,,,,
deribit,ETH,option,ETH-14AUG26-1880-P,14AUG26,1880,P,0.035,0.0365,0.035726,65.22145,68.016655,45.61,1863.97,463.0,0.0,-0.52771,1.26913,0.00274,-2.7096,
deribit,ETH,option,ETH-6AUG26-2050-C,6AUG26,2050,C,0.0003,0.0004,0.000362,0.559041,0.745388,54.33,1863.36,2.0,1.0,0.02171,0.08293,0.0006,-0.68833,
deribit,ETH,option,ETH-25SEP26-6600-C,25SEP26,6600,C,,0.0002,2.9e-05,0.0,0.372694,93.06,1867.64,1414.0,0.0,,,,,
deribit,ETH,option,ETH-28AUG26-1000-C,28AUG26,1000,C,0.4605,0.4685,0.46376,858.1279350000001,873.035695,86.81,1864.27,50.0,0.0,,,,,
deribit,ETH,option,ETH-21AUG26-2200-P,21AUG26,2200,P,0.1665,0.2205,0.182775,310.267755,410.895135,47.25,1864.2,1.0,0.0,-0.93823,0.50004,0.00063,-0.66811,
deribit,ETH,option,ETH-4AUG26-1760-P,4AUG26,1760,P,0.0001,0.0004,0.000196,0.186347,0.745388,64.26,1863.45,60.0,27.0,-0.0192,0.03764,0.0009,-0.36614,
deribit,ETH,option,ETH-30OCT26-1600-C,30OCT26,1600,C,0.1835,0.191,0.186579,341.946745,355.92277,53.83,1872.0,50.0,0.0,,,,,
deribit,ETH,option,ETH-7AUG26-2100-C,7AUG26,2100,C,0.0003,0.0005,0.000414,0.559041,0.931735,57.16,1863.4,27791.0,164.0,0.02021,0.09142,0.00046,-0.7097,
deribit,ETH,option,ETH-5AUG26-1840-P,5AUG26,1840,P,0.0065,0.0075,0.007233,12.112555,13.976025,46.52,1863.35,233.0,71.0,-0.33549,0.46113,0.0062,-6.37832,
deribit,ETH,option,ETH-5AUG26-1720-P,5AUG26,1720,P,0.0004,0.0007,0.000539,0.745388,1.304429,64.11,1863.33,2015.0,6.0,-0.03085,0.08809,0.00086,-1.00624,
deribit,ETH,option,ETH-26MAR27-3100-C,26MAR27,3100,C,0.0385,0.04,0.039327,71.743595,74.53880000000001,56.02,1897.56,1656.0,0.0,,,,,
deribit,ETH,option,ETH-25SEP26-2400-P,25SEP26,2400,P,0.2865,0.304,0.294344,533.884155,566.49488,49.92,1867.61,2064.0,0.0,,,,,
deribit,ETH,option,ETH-25SEP26-2900-P,25SEP26,2900,P,0.494,0.6255,0.554588,920.55418,1165.600485,55.83,1867.64,49.0,0.0,,,,,
deribit,ETH,option,ETH-25SEP26-15000-C,25SEP26,15000,C,,0.0002,2e-06,0.0,0.372694,127.3,1867.64,878.0,1.0,,,,,
deribit,ETH,option,ETH-28AUG26-2150-P,28AUG26,2150,P,0.114,0.192,0.160906,212.43558000000002,357.78624,46.66,1864.3,66.0,4.0,,,,,
deribit,ETH,option,ETH-25SEP26-5600-C,25SEP26,5600,C,,0.0001,0.000158,0.0,0.186347,93.06,1867.64,7164.0,0.0,,,,,
deribit,ETH,option,ETH-7AUG26-2050-P,7AUG26,2050,P,0.0575,0.148,0.100925,107.14952500000001,275.79356,52.9,1863.37,52.0,0.0,-0.96123,0.15724,0.00085,-1.12983,
deribit,ETH,option,ETH-26MAR27-2700-C,26MAR27,2700,C,0.0625,0.0645,0.063519,116.466875,120.193815,55.42,1897.55,2840.0,0.0,,,,,
deribit,ETH,option,ETH-7AUG26-2000-P,7AUG26,2000,P,0.0705,0.0805,0.074989,131.37463499999998,150.009335,48.86,1863.37,396.0,0.0,-0.92131,0.27481,0.00161,-1.82346,
deribit,ETH,option,ETH-25SEP26-3000-P,25SEP26,3000,P,0.5975,0.613,0.607727,1113.423325,1142.30711,57.25,1867.64,7546.0,20.0,,,,,
deribit,ETH,option,ETH-21AUG26-2000-C,21AUG26,2000,C,0.014,0.015,0.014915,26.08858,27.95205,45.72,1864.2,256.0,58.0,0.25849,1.32693,0.00172,-1.71549,
deribit,ETH,option,ETH-25DEC26-3600-P,25DEC26,3600,P,0.8425,1.0155,0.922107,1569.973475,1892.3537850000002,57.5,1879.81,93.0,0.0,,,,,
deribit,ETH,option,ETH-25SEP26-5000-C,25SEP26,5000,C,0.0001,0.0003,0.000179,0.186347,0.559041,85.49,1867.61,4100.0,0.0,,,,,
deribit,ETH,option,ETH-28AUG26-2250-P,28AUG26,2250,P,0.193,0.251,0.210805,359.64971,467.73097,47.97,1864.3,14.0,0.0,,,,,
deribit,ETH,option,ETH-25JUN27-2200-C,25JUN27,2200,C,0.1585,0.162,0.160417,295.359995,301.88214,56.78,1916.67,1059.0,0.0,,,,,
deribit,ETH,option,ETH-5AUG26-1980-C,5AUG26,1980,C,0.0004,0.0006,0.000497,0.745388,1.118082,49.71,1863.33,2128.0,101.0,0.03827,0.10517,0.00132,-0.93115,
deribit,ETH,option,ETH-25DEC26-3600-C,25DEC26,3600,C,0.0065,0.0075,0.00702,12.112555,13.976025,57.5,1879.78,2229.0,0.0,,,,,
deribit,ETH,option,ETH-25DEC26-9000-C,25DEC26,9000,C,,0.0004,0.000211,0.0,0.745388,78.55,1879.78,1905.0,0.0,,,,,
deribit,ETH,option,ETH-25JUN27-900-C,25JUN27,900,C,0.549,0.583,0.55513,1023.0450300000001,1086.40301,67.74,1916.64,2.0,0.0,,,,,
deribit,ETH,option,ETH-25SEP26-2700-C,25SEP26,2700,C,0.003,0.0035,0.00323,5.59041,6.522145,53.12,1867.64,4384.0,0.0,,,,,
deribit,ETH,option,ETH-25SEP26-11000-C,25SEP26,11000,C,,0.0001,3e-06,0.0,0.186347,110.93,1867.61,2766.0,0.0,,,,,
deribit,ETH,option,ETH-5AUG26-1980-P,5AUG26,1980,P,0.0285,0.109,0.063094,53.108895000000004,203.11823,49.71,1863.33,0.0,0.0,-0.96173,0.10517,0.00132,-1.55485,
deribit,ETH,option,ETH-28AUG26-2100-P,28AUG26,2100,P,0.131,0.145,0.137243,244.11457000000001,270.20315,46.26,1864.27,1161.0,0.0,,,,,
deribit,ETH,option,ETH-25SEP26-10000-P,25SEP26,10000,P,4.145,4.5805,4.354354,7724.0831499999995,8535.624335,105.8,1867.64,0.0,0.0,,,,,
deribit,ETH,option,ETH-25DEC26-2200-C,25DEC26,2200,C,0.0725,0.074,0.073455,135.101575,137.89678,52.9,1879.78,52943.0,0.0,,,,,
deribit,ETH,option,ETH-26MAR27-2100-P,26MAR27,2100,P,0.2405,0.2455,0.243028,448.164535,457.481885,55.35,1897.56,486.0,0.0,,,,,
deribit,ETH,option,ETH-5AUG26-1900-C,5AUG26,1900,C,0.0042,0.0048,0.004622,7.826574,8.944656,43.79,1863.33,300.0,189.0,0.26529,0.41462,0.00592,-5.39996,
deribit,ETH,option,ETH-6AUG26-1780-P,6AUG26,1780,P,0.0034,0.0038,0.003618,6.335798,7.081186,52.86,1863.34,3.0,3.0,-0.14913,0.37105,0.00275,-3.6578,
deribit,ETH,option,ETH-25JUN27-2500-C,25JUN27,2500,C,0.118,0.121,0.119584,219.88945999999999,225.47987,56.71,1916.67,2980.0,0.0,,,,,
deribit,ETH,option,ETH-25DEC26-4000-P,25DEC26,4000,P,1.048,1.234,1.132089,1952.9165600000001,2299.52198,59.34,1879.78,223.0,0.0,,,,,
deribit,ETH,option,ETH-25JUN27-800-P,25JUN27,800,P,0.0175,0.019,0.018249,32.610725,35.40593,70.37,1916.64,666.0,0.0,,,,,
deribit,ETH,option,ETH-26MAR27-6000-P,26MAR27,6000,P,2.039,2.309,2.165755,3799.6153300000005,4302.75223,64.18,1897.56,1.0,0.0,,,,,
deribit,ETH,option,ETH-25SEP26-3100-P,25SEP26,3100,P,0.5955,0.7335,0.660998,1109.696385,1366.8552450000002,58.79,1867.64,0.0,0.0,,,,,
deribit,ETH,option,ETH-25DEC26-1600-C,25DEC26,1600,C,0.213,0.2185,0.214997,396.91911,407.168195,55.18,1879.78,621.0,0.0,,,,,
deribit,ETH,option,ETH-21AUG26-1800-C,21AUG26,1800,C,0.0585,0.0645,0.060673,109.012995,120.193815,47.74,1864.2,50.0,0.0,0.65045,1.51911,0.00189,-2.05069,
deribit,ETH,option,ETH-26MAR27-3100-P,26MAR27,3100,P,0.6155,0.7745,0.672944,1146.965785,1443.257515,56.02,1897.56,99.0,0.0,,,,,
deribit,ETH,option,ETH-4AUG26-2050-P,4AUG26,2050,P,0.059,0.147,0.100094,109.94472999999999,273.93009,63.86,1863.45,10.0,0.0,-0.99971,0.00086,2e-05,-0.02736,
deribit,ETH,option,ETH-25JUN27-3400-P,25JUN27,3400,P,0.759,0.943,0.826559,1414.37373,1757.2522099999999,57.4,1916.67,2.0,0.0,,,,,
deribit,ETH,option,ETH-5AUG26-1760-C,5AUG26,1760,C,0.0515,0.0645,0.056695,95.968705,120.193815,57.66,1863.33,0.0,0.0,0.93127,0.16746,0.00181,-2.87176,
deribit,ETH,option,ETH-7AUG26-1900-P,7AUG26,1900,P,0.026,0.0325,0.029988,48.45022,60.562775,45.85,1863.4,2330.0,84.0,-0.65323,0.69097,0.0043,-4.30297,
deribit,ETH,option,ETH-25SEP26-13000-P,25SEP26,13000,P,5.697,6.2545,5.960659,10616.18859,11655.073115000001,119.8,1867.64,0.0,0.0,,,,,
deribit,ETH,option,ETH-25DEC26-3800-P,25DEC26,3800,P,0.9465,1.125,1.026974,1763.774355,2096.40375,58.6,1879.78,26.0,0.0,,,,,
deribit,ETH,option,ETH-21AUG26-1650-P,21AUG26,1650,P,0.008,0.009,0.008488,14.90776,16.77123,53.28,1864.2,59.0,23.0,-0.13571,0.89407,0.001,-1.34719,
deribit,ETH,option,ETH-25JUN27-1200-P,25JUN27,1200,P,0.054,0.055,0.054709,100.62738,102.49085000000001,62.17,1916.67,360.0,0.0,,,,,
deribit,ETH,option,ETH-25SEP26-1300-P,25SEP26,1300,P,0.0055,0.006,0.005544,10.249085,11.18082,62.75,1867.61,2093.0,5.0,,,,,
deribit,ETH,option,ETH-4AUG26-2040-P,4AUG26,2040,P,0.052,0.1395,0.09473,96.90044,259.954065,63.48,1863.42,0.0,0.0,-0.99948,0.0015,4e-05,-0.0475,
deribit,ETH,option,ETH-25SEP26-1400-C,25SEP26,1400,C,0.2575,0.2635,0.259541,479.843525,491.02434500000004,59.15,1867.64,950.0,0.0,,,,,
deribit,ETH,option,ETH-28AUG26-1450-P,28AUG26,1450,P,0.0033,0.0037,0.003501,6.149451,6.894839,61.52,1864.3,10507.0,800.0,,,,,
deribit,ETH,option,ETH-28AUG26-3200-P,28AUG26,3200,P,0.6495,0.79,0.716569,1210.3237649999999,1472.1413,72.22,1864.3,5.0,0.0,,,,,
deribit,ETH,option,ETH-6AUG26-1720-C,6AUG26,1720,C,0.0725,0.086,0.078258,135.101575,160.25842,60.52,1863.36,0.0,0.0,0.94257,0.18388,0.00119,-2.07512,
deribit,ETH,option,ETH-5AUG26-2050-P,5AUG26,2050,P,0.059,0.1475,0.100306,109.94472999999999,274.861825,60.28,1863.33,0.0,0.0,-0.98936,0.03558,0.00037,-0.63785,
deribit,ETH,option,ETH-4AUG26-2100-P,4AUG26,2100,P,0.083,0.173,0.126924,154.66801,322.38031,72.47,1863.45,0.0,0.0,-0.99993,0.00024,1e-05,-0.00875,
deribit,ETH,option,ETH-26MAR27-5500-C,26MAR27,5500,C,0.005,0.0055,0.005241,9.317350000000001,10.249085,62.85,1897.59,1963.0,0.0,,,,,
deribit,ETH,option,ETH-25SEP26-3600-P,25SEP26,3600,P,0.9155,0.944,0.928033,1706.006785,1759.1156799999999,65.81,1867.64,692.0,0.0,,,,,
deribit,ETH,option,ETH-25SEP26-1300-C,25SEP26,1300,C,0.3055,0.315,0.309479,569.290085,586.99305,62.75,1867.61,69.0,0.0,,,,,
deribit,ETH,option,ETH-25DEC26-1600-P,25DEC26,1600,P,0.0655,0.067,0.066147,122.05728500000001,124.85249,55.18,1879.81,7409.0,0.0,,,,,
deribit,ETH,option,ETH-30OCT26-2050-P,30OCT26,2050,P,0.152,0.1615,0.157801,283.24744,300.950405,50.64,1872.0,0.0,0.0,,,,,
deribit,ETH,option,ETH-25DEC26-11000-C,25DEC26,11000,C,0.0001,0.0004,0.00021,0.186347,0.745388,87.11,1879.78,2163.0,560.0,,,,,
deribit,ETH,option,ETH-25JUN27-1000-C,25JUN27,1000,C,0.4985,0.5435,0.510978,928.939795,1012.795945,65.51,1916.64,57.0,0.0,,,,,
deribit,ETH,option,ETH-25JUN27-2300-P,25JUN27,2300,P,0.342,0.35,0.34531,637.3067400000001,652.2144999999999,56.72,1916.64,85.0,0.0,,,,,
deribit,ETH,option,ETH-30OCT26-2400-P,30OCT26,2400,P,0.2755,0.3675,0.305698,513.385985,684.825225,50.94,1872.0,10.0,0.0,,,,,
deribit,ETH,option,ETH-6AUG26-1900-C,6AUG26,1900,C,0.007,0.008,0.007626,13.04429,14.90776,44.94,1863.34,105.0,49.0,0.31606,0.56831,0.00496,-4.76279,
deribit,ETH,option,ETH-21AUG26-1800-P,21AUG26,1800,P,0.0255,0.027,0.026214,47.518485,50.31369,47.74,1864.2,44.0,14.0,-0.34955,1.51911,0.00189,-2.05069,
deribit,ETH,option,ETH-28AUG26-1500-P,28AUG26,1500,P,0.0047,0.005,0.004864,8.758309,9.317350000000001,59.05,1864.3,6532.0,4.0,,,,,
deribit,ETH,option,ETH-7AUG26-1900-C,7AUG26,1900,C,0.0095,0.0105,0.010363,17.702965,19.566435000000002,45.85,1863.37,2630.0,1480.0,0.34617,0.69047,0.0043,-4.29988,
deribit,ETH,option,ETH-5AUG26-1780-C,5AUG26,1780,C,0.042,0.053,0.04657,78.26574000000001,98.76391,54.15,1863.33,0.0,0.0,0.8983,0.22476,0.00259,-3.61916,
deribit,ETH,option,ETH-5AUG26-1750-P,5AUG26,1750,P,0.0008,0.0012,0.001008,1.490776,2.236164,59.45,1863.33,22.0,22.0,-0.05669,0.14413,0.00152,-1.88043,
deribit,ETH,option,ETH-28AUG26-2100-C,28AUG26,2100,C,0.0105,0.011,0.010839,19.566435000000002,20.49817,46.26,1864.27,8874.0,1180.0,,,,,
deribit,ETH,option,ETH-25JUN27-3200-P,25JUN27,3200,P,0.666,0.8385,0.732107,1241.07102,1562.519595,57.17,1916.64,0.0,0.0,,,,,
deribit,ETH,option,ETH-21AUG26-2400-P,21AUG26,2400,P,0.2385,0.343,0.287992,444.437595,639.1702100000001,51.81,1864.2,0.0,0.0,-0.98453,0.15954,0.00018,-0.23374,
deribit,ETH,option,ETH-25SEP26-9000-C,25SEP26,9000,C,,0.0003,3e-06,0.0,0.559041,100.09,1867.64,1519.0,0.0,,,,,
deribit,ETH,option,ETH-25JUN27-2100-C,25JUN27,2100,C,0.1755,0.179,0.177172,327.03898499999997,333.56113,56.87,1916.64,10.0,0.0,,,,,
deribit,ETH,option,ETH-30OCT26-1950-C,30OCT26,1950,C,0.0805,0.0825,0.081657,150.009335,153.736275,50.8,1872.02,0.0,0.0,,,,,
deribit,ETH,option,ETH-26MAR27-3200-C,26MAR27,3200,C,0.0345,0.036,0.035155,64.289715,67.08492,56.25,1897.56,1242.0,0.0,,,,,
deribit,ETH,option,ETH-25DEC26-3800-C,25DEC26,3800,C,0.005,0.006,0.005493,9.317350000000001,11.18082,58.6,1879.78,2892.0,0.0,,,,,
deribit,ETH,option,ETH-25SEP26-4800-C,25SEP26,4800,C,0.0001,0.0003,0.00018,0.186347,0.559041,82.41,1867.61,2195.0,1.0,,,,,
deribit,ETH,option,ETH-26MAR27-2400-C,26MAR27,2400,C,0.0915,0.094,0.092713,170.507505,175.16618,55.22,1897.56,1882.0,0.0,,,,,
deribit,ETH,option,ETH-26MAR27-4000-P,26MAR27,4000,P,1.064,1.2235,1.123424,1982.7320800000002,2279.9555450000003,58.21,1897.56,0.0,0.0,,,,,
deribit,ETH,option,ETH-21AUG26-2100-P,21AUG26,2100,P,0.0875,0.1635,0.132743,163.05362499999998,304.677345,45.9,1864.2,10.0,0.0,-0.87032,0.86655,0.00112,-1.12486,
deribit,ETH,option,ETH-28AUG26-1200-P,28AUG26,1200,P,0.0006,0.0008,0.000693,1.118082,1.490776,75.75,1864.27,7228.0,0.0,,,,,
deribit,ETH,option,ETH-25SEP26-4000-C,25SEP26,4000,C,0.0002,0.0005,0.000323,0.372694,0.931735,72.11,1867.64,12144.0,13.0,,,,,
deribit,ETH,option,ETH-25SEP26-2100-C,25SEP26,2100,C,0.03,0.0315,0.031316,55.9041,58.699305,48.76,1867.64,6370.0,303.0,,,,,
deribit,ETH,option,ETH-25DEC26-2500-P,25DEC26,2500,P,0.36,0.3815,0.371447,670.8492,710.913805,53.13,1879.78,1075.0,0.0,,,,,
deribit,ETH,option,ETH-4AUG26-1780-C,4AUG26,1780,C,0.0285,0.0835,0.045186,53.108895000000004,155.599745,59.9,1863.42,18.0,18.0,0.96291,0.06524,0.00168,-1.95402,
deribit,ETH,option,ETH-26MAR27-4600-P,26MAR27,4600,P,1.3325,1.556,1.433563,2483.0737750000003,2899.5593200000003,60.05,1897.56,0.0,0.0,,,,,
deribit,ETH,option,ETH-4AUG26-1900-P,4AUG26,1900,P,0.0055,0.033,0.020995,10.249085,61.494510000000005,42.63,1863.45,2.0,2.0,-0.85141,0.18653,0.00675,-3.97607,
deribit,ETH,option,ETH-4AUG26-1880-P,4AUG26,1880,P,0.0115,0.013,0.012401,21.429905,24.22511,41.05,1863.45,60.0,35.0,-0.68677,0.28531,0.01072,-5.8556,
deribit,ETH,option,ETH-4AUG26-1820-P,4AUG26,1820,P,0.0012,0.0015,0.001399,2.236164,2.795205,49.07,1863.42,78.0,64.0,-0.12793,0.16847,0.00529,-2.61543,
deribit,ETH,option,ETH-26MAR27-3700-P,26MAR27,3700,P,0.9115,1.0685,0.97054,1698.552905,1991.1176950000001,57.45,1897.56,0.0,0.0,,,,,
deribit,ETH,option,ETH-25DEC26-1700-C,25DEC26,1700,C,0.1805,0.184,0.182183,336.356335,342.87848,54.33,1879.78,368.0,0.0,,,,,
deribit,ETH,option,ETH-26MAR27-2200-P,26MAR27,2200,P,0.2765,0.282,0.279198,515.249455,525.4985399999999,55.25,1897.56,1707.0,0.0,,,,,
deribit,ETH,option,ETH-25SEP26-6000-C,25SEP26,6000,C,,0.0002,7.9e-05,0.0,0.372694,93.06,1867.61,3183.0,2.0,,,,,
deribit,ETH,option,ETH-6AUG26-1840-C,6AUG26,1840,C,0.021,0.0245,0.02308,39.132870000000004,45.655015000000006,47.2,1863.36,53.0,53.0,0.63362,0.60128,0.00499,-5.29286,
deribit,ETH,option,ETH-4AUG26-1720-C,4AUG26,1720,C,0.0395,0.114,0.077042,73.607065,212.43558000000002,71.86,1863.42,0.0,0.0,0.99528,0.01107,0.00024,-0.3976,
deribit,ETH,option,ETH-28AUG26-1650-P,28AUG26,1650,P,0.0125,0.0135,0.012922,23.293375,25.156845,52.37,1864.27,6869.0,311.0,,,,,
deribit,ETH,option,ETH-4AUG26-1950-C,4AUG26,1950,C,0.0001,0.0003,0.0002,0.186347,0.559041,52.64,1863.42,264.0,314.0,0.02424,0.04586,0.00134,-0.37106,
deribit,ETH,option,ETH-25DEC26-3200-P,25DEC26,3200,P,0.701,0.729,0.714742,1306.2924699999999,1358.46963,55.58,1879.81,251.0,0.0,,,,,
deribit,ETH,option,ETH-25SEP26-5400-C,25SEP26,5400,C,0.0001,0.0002,0.000177,0.186347,0.372694,91.23,1867.64,1177.0,10.0,,,,,
deribit,ETH,option,ETH-25DEC26-10000-C,25DEC26,10000,C,0.0001,0.0004,0.00021,0.186347,0.745388,83.06,1879.78,1663.0,0.0,,,,,
deribit,ETH,option,ETH-28AUG26-3000-C,28AUG26,3000,C,0.0001,0.0003,0.000164,0.186347,0.559041,65.34,1864.3,1529.0,0.0,,,,,
deribit,ETH,option,ETH-25SEP26-4800-P,25SEP26,4800,P,1.473,1.681,1.570269,2744.89131,3132.49307,82.41,1867.64,110.0,0.0,,,,,
deribit,ETH,option,ETH-25JUN27-2800-C,25JUN27,2800,C,0.0885,0.091,0.089787,164.917095,169.57577,56.8,1916.64,1081.0,60.0,,,,,
deribit,ETH,option,ETH-28AUG26-2150-C,28AUG26,2150,C,0.007,0.008,0.007683,13.04429,14.90776,46.66,1864.27,5159.0,593.0,,,,,
deribit,ETH,option,ETH-25DEC26-5500-P,25DEC26,5500,P,1.8155,2.057,1.926988,3383.1297849999996,3833.1577899999997,66.78,1879.78,0.0,0.0,,,,,
deribit,ETH,option,ETH-6AUG26-1860-P,6AUG26,1860,P,0.014,0.0155,0.014767,26.08858,28.883785,45.82,1863.34,38.0,13.0,-0.47048,0.6356,0.00543,-5.43097,
deribit,ETH,option,ETH-25SEP26-4200-C,25SEP26,4200,C,0.0001,0.0004,0.000212,0.186347,0.745388,73.17,1867.61,2498.0,13.0,,,,,
deribit,ETH,option,ETH-28AUG26-2500-P,28AUG26,2500,P,0.289,0.3995,0.341871,538.54283,744.456265,52.69,1864.27,4.0,0.0,,,,,
deribit,ETH,option,ETH-7AUG26-1820-C,7AUG26,1820,C,0.031,0.037,0.033304,57.76757,68.94839,49.18,1863.37,53.0,50.0,0.69332,0.65721,0.00381,-4.39031,
deribit,ETH,option,ETH-25JUN27-2800-P,25JUN27,2800,P,0.4685,0.598,0.550654,873.035695,1114.3550599999999,56.8,1916.64,0.0,0.0,,,,,
deribit,ETH,option,ETH-28AUG26-1850-P,28AUG26,1850,P,0.044,0.0455,0.044919,81.99268,84.787885,47.12,1864.3,2514.0,1.0,,,,,
deribit,ETH,option,ETH-25JUN27-2600-C,25JUN27,2600,C,0.107,0.11,0.108566,199.39129,204.98170000000002,56.72,1916.64,259.0,0.0,,,,,
deribit,ETH,option,ETH-4AUG26-1920-P,4AUG26,1920,P,0.02,0.0735,0.030937,37.269400000000005,136.965045,46.36,1863.42,1.0,0.0,-0.92914,0.10914,0.00363,-2.52968,
deribit,ETH,option,ETH-25JUN27-1300-P,25JUN27,1300,P,0.0685,0.07,0.069211,127.64769500000001,130.4429,60.98,1916.64,1591.0,0.0,,,,,
deribit,ETH,option,ETH-26MAR27-5500-P,26MAR27,5500,P,1.7865,2.038,1.903594,3329.089155,3797.75186,62.85,1897.56,0.0,0.0,,,,,
deribit,ETH,option,ETH-26MAR27-1400-C,26MAR27,1400,C,0.3235,0.3285,0.325264,602.832545,612.149895,59.05,1897.56,56.0,0.0,,,,,
deribit,ETH,option,ETH-25JUN27-2400-P,25JUN27,2400,P,0.3755,0.3905,0.383881,699.732985,727.6850350000001,56.69,1916.67,2.0,0.0,,,,,
deribit,ETH,option,ETH-14AUG26-1820-C,14AUG26,1820,C,0.043,0.049,0.045281,80.12921,91.31003000000001,47.62,1863.97,50.0,0.0,0.63125,1.20273,0.00248,-2.68091,
deribit,ETH,option,ETH-5AUG26-1960-C,5AUG26,1960,C,0.0007,0.0009,0.000804,1.304429,1.677123,47.21,1863.33,2056.0,12.0,0.06061,0.1519,0.00201,-1.50701,
deribit,ETH,option,ETH-25SEP26-1950-C,25SEP26,1950,C,0.0545,0.056,0.055426,101.559115,104.35432,48.77,1867.64,15.0,0.0,,,,,
deribit,ETH,option,ETH-26MAR27-1600-P,26MAR27,1600,P,0.099,0.101,0.099967,184.48353,188.21047000000002,57.21,1897.55,1538.0,0.0,,,,,
deribit,ETH,option,ETH-25JUN27-3800-C,25JUN27,3800,C,0.0375,0.039,0.038277,69.88012499999999,72.67533,58.08,1916.64,479.0,0.0,,,,,
deribit,ETH,option,ETH-14AUG26-1600-C,14AUG26,1600,C,0.139,0.1515,0.144514,259.02233,282.315705,60.08,1863.97,0.0,0.0,0.93801,0.38971,0.00064,-1.09605,
deribit,ETH,option,ETH-7AUG26-1840-C,7AUG26,1840,C,0.024,0.0295,0.025976,44.72328,54.972364999999996,47.81,1863.37,104.0,102.0,0.61439,0.71578,0.00427,-4.64807,
deribit,ETH,option,ETH-30OCT26-1500-C,30OCT26,1500,C,0.2235,0.2325,0.227187,416.485545,433.256775,55.57,1872.0,50.0,0.0,,,,,
deribit,ETH,option,ETH-25DEC26-2500-C,25DEC26,2500,C,0.0405,0.0425,0.041526,75.470535,79.19747500000001,53.13,1879.78,26977.0,0.0,,,,,
deribit,ETH,option,ETH-30OCT26-2800-C,30OCT26,2800,C,0.008,0.009,0.008385,14.90776,16.77123,53.19,1872.02,295.0,4.0,,,,,
deribit,ETH,option,ETH-21AUG26-1400-P,21AUG26,1400,P,0.0013,0.0016,0.001427,2.422511,2.981552,68.37,1864.2,6.0,1.0,-0.02394,0.23124,0.0002,-0.4471,
deribit,ETH,option,ETH-26MAR27-2400-P,26MAR27,2400,P,0.351,0.3635,0.357448,654.0779699999999,677.371345,55.22,1897.56,357.0,0.0,,,,,
deribit,ETH,option,ETH-28AUG26-2350-C,28AUG26,2350,C,0.0019,0.0022,0.002092,3.540593,4.099634,49.61,1864.27,5426.0,4.0,,,,,
deribit,ETH,option,ETH-28AUG26-1550-P,28AUG26,1550,P,0.0065,0.007,0.006677,12.112555,13.04429,56.52,1864.3,5565.0,501.0,,,,,
deribit,ETH,option,ETH-25DEC26-6000-P,25DEC26,6000,P,2.071,2.3335,2.192694,3859.2463700000003,4348.407245,69.22,1879.78,0.0,0.0,,,,,
deribit,ETH,option,ETH-26MAR27-1700-C,26MAR27,1700,C,0.225,0.229,0.227051,419.28075,426.73463000000004,56.58,1897.56,1337.0,0.0,,,,,
deribit,ETH,option,ETH-6AUG26-1980-P,6AUG26,1980,P,0.023,0.109,0.063837,42.85981,203.11823,47.39,1863.34,0.0,0.0,-0.92874,0.21746,0.0018,-1.92156,
deribit,ETH,option,ETH-25JUN27-1000-P,25JUN27,1000,P,0.0325,0.033,0.032717,60.562775,61.494510000000005,65.51,1916.64,4482.0,32.0,,,,,
deribit,ETH,option,ETH-7AUG26-1400-P,7AUG26,1400,P,,0.0001,2e-05,0.0,0.186347,91.36,1863.37,3393.0,108.0,-0.00078,0.00499,2e-05,-0.03676,
deribit,ETH,option,ETH-21AUG26-1850-P,21AUG26,1850,P,0.0365,0.0375,0.036941,68.016655,69.88012499999999,46.49,1864.2,186.0,59.0,-0.44972,1.62393,0.00207,-2.13491,
deribit,ETH,option,ETH-4AUG26-1960-P,4AUG26,1960,P,0.042,0.0555,0.051954,78.26574000000001,103.422585,55.62,1863.42,1.0,1.0,-0.98121,0.03698,0.00103,-1.02842,
deribit,ETH,option,ETH-5AUG26-2050-C,5AUG26,2050,C,0.0001,0.0002,0.000142,0.186347,0.372694,60.28,1863.35,1573.0,1551.0,0.01064,0.03558,0.00037,-0.26694,
deribit,ETH,option,ETH-25SEP26-2000-P,25SEP26,2000,P,0.112,0.1195,0.116994,208.70864,222.684665,48.76,1867.64,12959.0,6.0,,,,,
deribit,ETH,option,ETH-28AUG26-3800-P,28AUG26,3800,P,0.9605,1.125,1.038286,1789.862935,2096.40375,81.7,1864.3,0.0,0.0,,,,,
deribit,ETH,option,ETH-14AUG26-1800-P,14AUG26,1800,P,0.0175,0.0185,0.018037,32.610725,34.474195,48.25,1863.97,1907.0,518.0,-0.3207,1.14145,0.00233,-2.57799,
deribit,ETH,option,ETH-6AUG26-2050-P,6AUG26,2050,P,0.0575,0.147,0.100526,107.14952500000001,273.93009,54.33,1863.36,0.0,0.0,-0.97829,0.08293,0.0006,-0.84016,
deribit,ETH,option,ETH-25DEC26-1400-P,25DEC26,1400,P,0.036,0.0375,0.036634,67.08492,69.88012499999999,57.93,1879.78,14005.0,6.0,,,,,
deribit,ETH,option,ETH-30OCT26-2000-C,30OCT26,2000,C,0.0705,0.0725,0.071536,131.37463499999998,135.101575,50.64,1872.0,222.0,0.0,,,,,
deribit,ETH,option,ETH-28AUG26-1900-C,28AUG26,1900,C,0.039,0.0405,0.039802,72.67533,75.470535,46.6,1864.3,7105.0,127.0,,,,,
deribit,ETH,option,ETH-6AUG26-1820-P,6AUG26,1820,P,0.007,0.0075,0.007426,13.04429,13.976025,48.89,1863.34,113.0,114.0,-0.27733,0.53528,0.00429,-4.87998,
deribit,ETH,option,ETH-4AUG26-1860-P,4AUG26,1860,P,0.006,0.007,0.006401,11.18082,13.04429,42.38,1863.42,201.0,35.0,-0.45025,0.31875,0.0116,-6.75413,
deribit,ETH,option,ETH-28AUG26-2300-C,28AUG26,2300,C,0.0026,0.003,0.002849,4.845022,5.59041,48.72,1864.27,6568.0,5.0,,,,,
deribit,ETH,option,ETH-25SEP26-1800-P,25SEP26,1800,P,0.057,0.0585,0.057443,106.21779000000001,109.012995,49.9,1867.61,4596.0,237.0,,,,,
deribit,ETH,option,ETH-4AUG26-1900-C,4AUG26,1900,C,0.0012,0.0015,0.001397,2.236164,2.795205,42.63,1863.42,2390.0,352.0,0.1513,0.18884,0.00683,-2.59544,
deribit,ETH,option,ETH-25DEC26-9000-P,25DEC26,9000,P,3.6065,3.993,3.787929,6720.604555,7440.83571,78.55,1879.78,0.0,0.0,,,,,
deribit,ETH,option,ETH-25JUN27-3600-C,25JUN27,3600,C,0.044,0.0455,0.044773,81.99268,84.787885,57.74,1916.64,2.0,0.0,,,,,
deribit,ETH,option,ETH-25JUN27-4000-P,25JUN27,4000,P,1.0485,1.235,1.119784,1953.848295,2301.38545,58.38,1916.64,0.0,0.0,,,,,
deribit,ETH,option,ETH-21AUG26-2050-P,21AUG26,2050,P,0.066,0.1415,0.109421,122.98902000000001,263.68100499999997,45.74,1864.2,0.0,0.0,-0.81403,1.09884,0.00143,-1.42143,
deribit,ETH,option,ETH-25DEC26-4600-C,25DEC26,4600,C,0.002,0.0025,0.002279,3.72694,4.658675000000001,62.32,1879.78,10279.0,0.0,,,,,
deribit,ETH,option,ETH-25DEC26-10000-P,25DEC26,10000,P,4.1185,4.5475,4.319897,7674.701195000001,8474.129825,83.06,1879.78,0.0,0.0,,,,,
deribit,ETH,option,ETH-4AUG26-1880-C,4AUG26,1880,C,0.0032,0.0037,0.003536,5.963104,6.894839,41.05,1863.42,528.0,405.0,0.31753,0.28704,0.01078,-5.89103,
deribit,ETH,option,ETH-26MAR27-3200-P,26MAR27,3200,P,0.6405,0.824,0.721469,1193.552535,1535.49928,56.25,1897.55,20.0,0.0,,,,,
deribit,ETH,option,ETH-26MAR27-2600-C,26MAR27,2600,C,0.071,0.073,0.071922,132.30637,136.03331,55.31,1897.55,2941.0,60.0,,,,,
deribit,ETH,option,ETH-25SEP26-2500-C,25SEP26,2500,C,0.006,0.0065,0.006472,11.18082,12.112555,51.0,1867.61,24242.0,42.0,,,,,
deribit,ETH,option,ETH-25JUN27-1700-C,25JUN27,1700,C,0.261,0.2675,0.265356,486.36567,498.478225,58.13,1916.67,659.0,0.0,,,,,
deribit,ETH,option,ETH-25SEP26-2600-P,25SEP26,2600,P,0.388,0.4075,0.396614,723.0263600000001,759.364025,51.92,1867.64,8390.0,0.0,,,,,
deribit,ETH,option,ETH-5AUG26-1900-P,5AUG26,1900,P,0.0205,0.027,0.024286,38.201135,50.31369,43.79,1863.33,3.0,4.0,-0.73471,0.41462,0.00592,-5.40002,
deribit,ETH,option,ETH-28AUG26-2300-P,28AUG26,2300,P,0.231,0.2445,0.236529,430.46157000000005,455.61841499999997,48.72,1864.3,1003.0,0.0,,,,,
deribit,ETH,option,ETH-6AUG26-1740-P,6AUG26,1740,P,0.0016,0.002,0.001809,2.981552,3.72694,57.69,1863.34,15.0,13.0,-0.07827,0.23361,0.00159,-2.51317,
deribit,ETH,option,ETH-25DEC26-8000-C,25DEC26,8000,C,0.0002,0.0005,0.000324,0.372694,0.931735,76.05,1879.81,2428.0,1.0,,,,,
deribit,ETH,option,ETH-25JUN27-1600-P,25JUN27,1600,P,0.1265,0.129,0.127698,235.728955,240.38763,58.61,1916.64,1271.0,0.0,,,,,
deribit,ETH,option,ETH-7AUG26-1860-P,7AUG26,1860,P,0.017,0.0185,0.017822,31.678990000000002,34.474195,46.79,1863.37,52.0,20.0,-0.47368,0.74507,0.00455,-4.73505,
deribit,ETH,option,ETH-30OCT26-1900-C,30OCT26,1900,C,0.092,0.0935,0.092872,171.43924,174.234445,50.98,1872.02,100.0,0.0,,,,,
deribit,ETH,option,ETH-6AUG26-2020-C,6AUG26,2020,C,0.0005,0.0007,0.000585,0.931735,1.304429,51.12,1863.34,8.0,8.0,0.03486,0.12302,0.00094,-1.11131,
deribit,ETH,option,ETH-25DEC26-3100-P,25DEC26,3100,P,0.624,0.7395,0.663616,1162.80528,1378.036065,55.1,1879.81,0.0,0.0,,,,,
deribit,ETH,option,ETH-25DEC26-6500-C,25DEC26,6500,C,0.0005,0.0009,0.000677,0.931735,1.677123,71.29,1879.81,1765.0,0.0,,,,,
deribit,ETH,option,ETH-28AUG26-1000-P,28AUG26,1000,P,0.0001,0.0002,0.000143,0.186347,0.372694,86.81,1864.3,3034.0,40.0,,,,,
deribit,ETH,option,ETH-26MAR27-3800-C,26MAR27,3800,C,0.018,0.0195,0.018799,33.54246,36.337665,57.71,1897.56,1233.0,0.0,,,,,
deribit,ETH,option,ETH-25SEP26-1500-P,25SEP26,1500,P,0.0145,0.0155,0.014904,27.020315,28.883785,55.96,1867.64,12643.0,45.0,,,,,
deribit,ETH,option,ETH-25DEC26-2400-P,25DEC26,2400,P,0.315,0.3365,0.326862,586.99305,627.0576550000001,52.97,1879.81,1716.0,0.0,,,,,
deribit,ETH,option,ETH-25SEP26-1950-P,25SEP26,1950,P,0.098,0.1005,0.099524,182.62006000000002,187.278735,48.77,1867.61,0.0,0.0,,,,,
deribit,ETH,option,ETH-14AUG26-1900-C,14AUG26,1900,C,0.022,0.023,0.022249,40.99634,42.85981,44.93,1863.97,862.0,295.0,0.41707,1.24461,0.00272,-2.61781,
deribit,ETH,option,ETH-30OCT26-3200-P,30OCT26,3200,P,0.646,0.7945,0.713065,1203.80162,1480.526915,56.67,1872.0,0.0,0.0,,,,,
deribit,ETH,option,ETH-30OCT26-1400-P,30OCT26,1400,P,0.019,0.0195,0.019323,35.40593,36.337665,57.81,1872.0,1542.0,33.0,,,,,
deribit,ETH,option,ETH-26MAR27-2300-P,26MAR27,2300,P,0.31,0.323,0.317391,577.6757,601.90081,55.2,1897.56,1583.0,0.0,,,,,
deribit,ETH,option,ETH-6AUG26-1960-P,6AUG26,1960,P,0.0145,0.0755,0.053765,27.020315,140.691985,45.94,1863.34,0.0,0.0,-0.89564,0.28921,0.00247,-2.47772,
deribit,ETH,option,ETH-6AUG26-1940-P,6AUG26,1940,P,0.008,0.0655,0.044156,14.90776,122.05728500000001,45.1,1863.34,0.0,0.0,-0.84492,0.38082,0.00331,-3.20263,
deribit,ETH,option,ETH-26MAR27-1700-P,26MAR27,1700,P,0.1215,0.124,0.122905,226.411605,231.07028,56.58,1897.56,1510.0,0.0,,,,,
deribit,ETH,option,ETH-5AUG26-1740-P,5AUG26,1740,P,0.0006,0.001,0.000814,1.118082,1.86347,60.97,1863.33,7.0,2.0,-0.04617,0.1224,0.00125,-1.51947,
deribit,ETH,option,ETH-25SEP26-12000-C,25SEP26,12000,C,,0.0002,3e-06,0.0,0.372694,115.57,1867.64,1341.0,0.0,,,,,
deribit,ETH,option,ETH-25JUN27-2900-P,25JUN27,2900,P,0.511,0.6375,0.594832,952.2331700000001,1187.962125,56.85,1916.67,3.0,0.0,,,,,
deribit,ETH,option,ETH-30OCT26-2150-C,30OCT26,2150,C,0.0465,0.048,0.047824,86.651355,89.44656,50.64,1872.02,816.0,20.0,,,,,
deribit,ETH,option,ETH-28AUG26-1400-C,28AUG26,1400,C,0.247,0.258,0.251603,460.27709,480.77526,64.2,1864.26,100.0,0.0,,,,,
deribit,ETH,option,ETH-4AUG26-1980-P,4AUG26,1980,P,0.0285,0.1085,0.062636,53.108895000000004,202.186495,61.69,1863.42,0.0,0.0,-0.98786,0.0254,0.00063,-0.7834,
deribit,ETH,option,ETH-28AUG26-2800-C,28AUG26,2800,C,0.0002,0.0004,0.000289,0.372694,0.745388,60.35,1864.3,5412.0,2.0,,,,,
deribit,ETH,option,ETH-26MAR27-4200-P,26MAR27,4200,P,1.165,1.3275,1.226312,2170.94255,2473.756425,58.8,1897.56,1.0,5.0,,,,,
deribit,ETH,option,ETH-25SEP26-5800-C,25SEP26,5800,C,,0.0002,0.000104,0.0,0.372694,92.54,1867.64,4885.0,0.0,,,,,
deribit,ETH,option,ETH-25DEC26-1900-C,25DEC26,1900,C,0.127,0.1295,0.128218,236.66069000000002,241.319365,53.31,1879.78,3856.0,2160.0,,,,,
deribit,ETH,option,ETH-6AUG26-1760-C,6AUG26,1760,C,0.0535,0.0625,0.058006,99.695645,116.466875,55.13,1863.36,88.0,88.0,0.89239,0.2957,0.0021,-3.04019,
deribit,ETH,option,ETH-6AUG26-1860-C,6AUG26,1860,C,0.016,0.017,0.01657,29.81552,31.678990000000002,45.82,1863.34,14.0,14.0,0.52952,0.6356,0.00543,-5.43097,
deribit,ETH,option,ETH-26MAR27-1000-P,26MAR27,1000,P,0.0205,0.0215,0.020977,38.201135,40.064605,66.35,1897.56,7532.0,1.0,,,,,
deribit,ETH,option,ETH-6AUG26-1720-P,6AUG26,1720,P,0.0011,0.0014,0.001321,2.049817,2.608858,60.52,1863.34,26.0,24.0,-0.05753,0.18414,0.00119,-2.07806,
deribit,ETH,option,ETH-25JUN27-3500-P,25JUN27,3500,P,0.853,0.893,0.874567,1589.53991,1664.07871,57.56,1916.64,302.0,0.0,,,,,
deribit,ETH,option,ETH-7AUG26-1750-C,7AUG26,1750,C,0.0595,0.0715,0.064408,110.876465,133.238105,55.61,1863.37,62.0,55.0,0.87601,0.38312,0.00197,-2.89379,
deribit,ETH,option,ETH-28AUG26-1750-C,28AUG26,1750,C,0.084,0.09,0.085923,156.53148000000002,167.7123,49.09,1864.3,4221.0,0.0,,,,,
deribit,ETH,option,ETH-30OCT26-1750-C,30OCT26,1750,C,0.1325,0.1355,0.134125,246.90977500000002,252.50018500000002,52.03,1872.02,52.0,0.0,,,,,
deribit,ETH,option,ETH-30OCT26-1750-P,30OCT26,1750,P,0.0685,0.0695,0.068944,127.64769500000001,129.511165,52.03,1872.0,28.0,0.0,,,,,
deribit,ETH,option,ETH-5AUG26-1700-C,5AUG26,1700,C,0.0825,0.0965,0.088053,153.736275,179.824855,67.92,1863.33,0.0,0.0,0.97832,0.06559,0.0006,-1.32462,
deribit,ETH,option,ETH-25JUN27-3400-C,25JUN27,3400,C,0.052,0.0535,0.052649,96.90044,99.695645,57.4,1916.64,204.0,62.0,,,,,
deribit,ETH,option,ETH-5AUG26-1800-C,5AUG26,1800,C,0.033,0.0425,0.036868,61.494510000000005,79.19747500000001,51.17,1863.35,50.0,50.0,0.84659,0.29938,0.00366,-4.55633,
deribit,ETH,option,ETH-26MAR27-2800-P,26MAR27,2800,P,0.4755,0.622,0.531636,886.079985,1159.07834,55.52,1897.59,12.0,0.0,,,,,
deribit,ETH,option,ETH-25DEC26-2400-C,25DEC26,2400,C,0.0495,0.051,0.050137,92.241765,95.03697,52.97,1879.78,12091.0,0.0,,,,,
deribit,ETH,option,ETH-21AUG26-2200-C,21AUG26,2200,C,0.0025,0.0029,0.00267,4.658675000000001,5.404063,47.25,1864.2,1709.0,359.0,0.06177,0.5,0.00063,-0.66806,
deribit,ETH,option,ETH-25DEC26-1700-P,25DEC26,1700,P,0.0855,0.0875,0.08653,159.32668500000003,163.05362499999998,54.33,1879.81,14162.0,0.0,,,,,
deribit,ETH,option,ETH-25SEP26-8500-P,25SEP26,8500,P,3.379,3.7435,3.551202,6296.66513,6975.899945,97.73,1867.64,0.0,0.0,,,,,
deribit,ETH,option,ETH-30OCT26-1500-P,30OCT26,1500,P,0.028,0.029,0.02846,52.17716,54.04063,55.57,1872.0,540.0,419.0,,,,,
deribit,ETH,option,ETH-5AUG26-1700-P,5AUG26,1700,P,0.0002,0.0005,0.000383,0.372694,0.931735,67.92,1863.35,2023.0,1.0,-0.02168,0.06559,0.0006,-0.71476,
deribit,ETH,option,ETH-25SEP26-2400-C,25SEP26,2400,C,0.009,0.01,0.0093,16.77123,18.634700000000002,49.92,1867.64,11973.0,101.0,,,,,
deribit,ETH,option,ETH-26MAR27-2900-C,26MAR27,2900,C,0.049,0.0505,0.049728,91.31003000000001,94.10523500000001,55.67,1897.59,1948.0,0.0,,,,,
deribit,ETH,option,ETH-25DEC26-6000-C,25DEC26,6000,C,0.0007,0.0011,0.000882,1.304429,2.049817,69.22,1879.81,10385.0,11.0,,,,,
deribit,ETH,option,ETH-30OCT26-2800-P,30OCT26,2800,P,0.4765,0.565,0.504095,887.943455,1052.8605499999999,53.19,1872.0,0.0,0.0,,,,,
deribit,ETH,option,ETH-25JUN27-2200-P,25JUN27,2200,P,0.3035,0.3135,0.308241,565.563145,584.197845,56.78,1916.64,110.0,44.0,,,,,
deribit,ETH,option,ETH-28AUG26-1650-C,28AUG26,1650,C,0.1255,0.132,0.12789,233.865485,245.97804000000002,52.37,1864.3,1609.0,0.0,,,,,
deribit,ETH,option,ETH-7AUG26-1880-P,7AUG26,1880,P,0.0225,0.024,0.023231,41.928075,44.72328,45.84,1863.37,129.0,3.0,-0.56589,0.73649,0.00459,-4.5854,
deribit,ETH,option,ETH-28AUG26-1100-C,28AUG26,1100,C,0.4065,0.415,0.410325,757.500555,773.34005,81.8,1864.26,50.0,0.0,,,,,
deribit,ETH,option,ETH-25JUN27-800-C,25JUN27,800,C,0.5745,0.6365,0.600858,1070.563515,1186.098655,70.37,1916.64,117.0,3.0,,,,,
deribit,ETH,option,ETH-21AUG26-1600-P,21AUG26,1600,P,0.0055,0.006,0.005785,10.249085,11.18082,55.72,1864.2,72.0,3.0,-0.09546,0.696,0.00074,-1.09673,
deribit,ETH,future,ETH-30OCT26,30OCT26,,,1871.5,1874.5,1871.99,1871.5,1874.5,,1863.47,1751096,319.612992,,,,,
deribit,ETH,future,ETH-4AUG26,4AUG26,,,1856.0,1868.0,1863.42,1856.0,1868.0,,1863.47,86795,1.295533,,,,,
deribit,ETH,future,ETH-25DEC26,25DEC26,,,1879.5,1880.0,1879.77,1879.5,1880.0,,1863.47,53975198,249.361516,,,,,
deribit,ETH,future,ETH-5AUG26,5AUG26,,,1855.5,1871.5,1863.33,1855.5,1871.5,,1863.47,184224,0.016607,,,,,
deribit,ETH,future,ETH-21AUG26,21AUG26,,,1863.5,1865.5,1864.18,1863.5,1865.5,,1863.47,4741178,142.066425,,,,,
deribit,ETH,future,ETH-28AUG26,28AUG26,,,1864.0,1864.75,1864.25,1864.0,1864.75,,1863.47,38006941,808.747372,,,,,
deribit,ETH,future,ETH-25JUN27,25JUN27,,,1913.5,1920.0,1916.64,1913.5,1920.0,,1863.47,4437495,37.85044,,,,,
deribit,ETH,future,ETH-PERPETUAL,PERPETUAL,,,1864.1,1864.15,1863.93,1864.1,1864.15,,1863.47,275326727,19588.886906,,,,,6e-06
deribit,ETH,future,ETH-26MAR27,26MAR27,,,1897.5,1898.5,1897.53,1897.5,1898.5,,1863.47,19547436,478.253215,,,,,
deribit,ETH,future,ETH-7AUG26,7AUG26,,,1862.75,1863.75,1863.35,1862.75,1863.75,,1863.47,6844030,370.43233,,,,,
deribit,ETH,future,ETH-14AUG26,14AUG26,,,1863.5,1864.25,1863.95,1863.5,1864.25,,1863.47,4453566,213.987526,,,,,
deribit,ETH,future,ETH-6AUG26,6AUG26,,,1856.0,1870.75,1863.34,1856.0,1870.75,,1863.47,0,0.0,,,,,
deribit,ETH,future,ETH-25SEP26,25SEP26,,,1867.25,1867.75,1867.59,1867.25,1867.75,,1863.47,76526607,454.146145,,,,,
