venue,asset,ladder,event,ticker,contract,settle_utc,strike_type,floor,cap,yes_bid,yes_ask,no_bid,no_ask,last,volume,open_interest,bid_depth,ask_depth
kalshi,BTC,range,KXBTC-26AUG0312,KXBTC-26AUG0312-T53700,"$53,699.99 or below",2026-08-03T16:00:00Z,less,,53700.0,0.0,0.01,0.99,1.0,0.0,0.0,0.0,0,0
kalshi,BTC,range,KXBTC-26AUG0312,KXBTC-26AUG0312-B53750,"$53,700 to 53,799.99",2026-08-03T16:00:00Z,between,53700.0,53799.99,0.0,0.01,0.99,1.0,0.01,93.51,93.51,0,0
kalshi,BTC,range,KXBTC-26AUG0312,KXBTC-26AUG0312-B53850,"$53,800 to 53,899.99",2026-08-03T16:00:00Z,between,53800.0,53899.99,0.0,0.01,0.99,1.0,0.01,93.51,93.51,0,0
kalshi,BTC,range,KXBTC-26AUG0312,KXBTC-26AUG0312-B53950,"$53,900 to 53,999.99",2026-08-03T16:00:00Z,between,53900.0,53999.99,0.0,0.01,0.99,1.0,0.0,0.0,0.0,0,0
kalshi,BTC,range,KXBTC-26AUG0312,KXBTC-26AUG0312-B54050,"$54,000 to 54,099.99",2026-08-03T16:00:00Z,between,54000.0,54099.99,0.0,0.01,0.99,1.0,0.0,0.0,0.0,0,0
kalshi,BTC,range,KXBTC-26AUG0312,KXBTC-26AUG0312-B54150,"$54,100 to 54,199.99",2026-08-03T16:00:00Z,between,54100.0,54199.99,0.0,0.01,0.99,1.0,0.0,0.0,0.0,0,0
kalshi,BTC,range,KXBTC-26AUG0312,KXBTC-26AUG0312-B54250,"$54,200 to 54,299.99",2026-08-03T16:00:00Z,between,54200.0,54299.99,0.0,0.01,0.99,1.0,0.0,0.0,0.0,0,0
kalshi,BTC,range,KXBTC-26AUG0312,KXBTC-26AUG0312-B54350,"$54,300 to 54,399.99",2026-08-03T16:00:00Z,between,54300.0,54399.99,0.0,0.01,0.99,1.0,0.0,0.0,0.0,0,0
kalshi,BTC,range,KXBTC-26AUG0312,KXBTC-26AUG0312-B54450,"$54,400 to 54,499.99",2026-08-03T16:00:00Z,between,54400.0,54499.99,0.0,0.01,0.99,1.0,0.0,0.0,0.0,0,0
kalshi,BTC,range,KXBTC-26AUG0312,KXBTC-26AUG0312-B54550,"$54,500 to 54,599.99",2026-08-03T16:00:00Z,between,54500.0,54599.99,0.0,0.01,0.99,1.0,0.0,0.0,0.0,0,0
kalshi,BTC,range,KXBTC-26AUG0312,KXBTC-26AUG0312-B54650,"$54,600 to 54,699.99",2026-08-03T16:00:00Z,between,54600.0,54699.99,0.0,0.01,0.99,1.0,0.0,0.0,0.0,0,0
kalshi,BTC,range,KXBTC-26AUG0312,KXBTC-26AUG0312-B54750,"$54,700 to 54,799.99",2026-08-03T16:00:00Z,between,54700.0,54799.99,0.0,0.01,0.99,1.0,0.0,0.0,0.0,0,0
kalshi,BTC,range,KXBTC-26AUG0312,KXBTC-26AUG0312-B54850,"$54,800 to 54,899.99",2026-08-03T16:00:00Z,between,54800.0,54899.99,0.0,0.01,0.99,1.0,0.0,0.0,0.0,0,0
kalshi,BTC,range,KXBTC-26AUG0312,KXBTC-26AUG0312-B54950,"$54,900 to 54,999.99",2026-08-03T16:00:00Z,between,54900.0,54999.99,0.0,0.01,0.99,1.0,0.0,0.0,0.0,0,0
kalshi,BTC,range,KXBTC-26AUG0312,KXBTC-26AUG0312-B55050,"$55,000 to 55,099.99",2026-08-03T16:00:00Z,between,55000.0,55099.99,0.0,0.01,0.99,1.0,0.0,0.0,0.0,0,0
kalshi,BTC,range,KXBTC-26AUG0312,KXBTC-26AUG0312-B55150,"$55,100 to 55,199.99",2026-08-03T16:00:00Z,between,55100.0,55199.99,0.0,0.01,0.99,1.0,0.0,0.0,0.0,0,0
kalshi,BTC,range,KXBTC-26AUG0312,KXBTC-26AUG0312-B55250,"$55,200 to 55,299.99",2026-08-03T16:00:00Z,between,55200.0,55299.99,0.0,0.01,0.99,1.0,0.0,0.0,0.0,0,0
kalshi,BTC,range,KXBTC-26AUG0312,KXBTC-26AUG0312-B55350,"$55,300 to 55,399.99",2026-08-03T16:00:00Z,between,55300.0,55399.99,0.0,0.01,0.99,1.0,0.0,0.0,0.0,0,0
kalshi,BTC,range,KXBTC-26AUG0312,KXBTC-26AUG0312-B55450,"$55,400 to 55,499.99",2026-08-03T16:00:00Z,between,55400.0,55499.99,0.0,0.01,0.99,1.0,0.0,0.0,0.0,0,0
kalshi,BTC,range,KXBTC-26AUG0312,KXBTC-26AUG0312-B55550,"$55,500 to 55,599.99",2026-08-03T16:00:00Z,between,55500.0,55599.99,0.0,0.01,0.99,1.0,0.0,0.0,0.0,0,0
kalshi,BTC,range,KXBTC-26AUG0312,KXBTC-26AUG0312-B55650,"$55,600 to 55,699.99",2026-08-03T16:00:00Z,between,55600.0,55699.99,0.0,0.01,0.99,1.0,0.0,0.0,0.0,0,0
kalshi,BTC,range,KXBTC-26AUG0312,KXBTC-26AUG0312-B55750,"$55,700 to 55,799.99",2026-08-03T16:00:00Z,between,55700.0,55799.99,0.0,0.01,0.99,1.0,0.0,0.0,0.0,0,0
kalshi,BTC,range,KXBTC-26AUG0312,KXBTC-26AUG0312-B55850,"$55,800 to 55,899.99",2026-08-03T16:00:00Z,between,55800.0,55899.99,0.0,0.01,0.99,1.0,0.0,0.0,0.0,0,0
kalshi,BTC,range,KXBTC-26AUG0312,KXBTC-26AUG0312-B55950,"$55,900 to 55,999.99",2026-08-03T16:00:00Z,between,55900.0,55999.99,0.0,0.01,0.99,1.0,0.0,0.0,0.0,0,0
kalshi,BTC,range,KXBTC-26AUG0312,KXBTC-26AUG0312-B56050,"$56,000 to 56,099.99",2026-08-03T16:00:00Z,between,56000.0,56099.99,0.0,0.01,0.99,1.0,0.0,0.0,0.0,0,0
kalshi,BTC,range,KXBTC-26AUG0312,KXBTC-26AUG0312-B56150,"$56,100 to 56,199.99",2026-08-03T16:00:00Z,between,56100.0,56199.99,0.0,0.01,0.99,1.0,0.0,0.0,0.0,0,0
kalshi,BTC,range,KXBTC-26AUG0312,KXBTC-26AUG0312-B56250,"$56,200 to 56,299.99",2026-08-03T16:00:00Z,between,56200.0,56299.99,0.0,0.01,0.99,1.0,0.0,0.0,0.0,0,0
kalshi,BTC,range,KXBTC-26AUG0312,KXBTC-26AUG0312-B56350,"$56,300 to 56,399.99",2026-08-03T16:00:00Z,between,56300.0,56399.99,0.0,0.01,0.99,1.0,0.0,0.0,0.0,0,0
kalshi,BTC,range,KXBTC-26AUG0312,KXBTC-26AUG0312-B56450,"$56,400 to 56,499.99",2026-08-03T16:00:00Z,between,56400.0,56499.99,0.0,0.01,0.99,1.0,0.0,0.0,0.0,0,0
kalshi,BTC,range,KXBTC-26AUG0312,KXBTC-26AUG0312-B56550,"$56,500 to 56,599.99",2026-08-03T16:00:00Z,between,56500.0,56599.99,0.0,0.01,0.99,1.0,0.0,0.0,0.0,0,0
kalshi,BTC,range,KXBTC-26AUG0312,KXBTC-26AUG0312-B56650,"$56,600 to 56,699.99",2026-08-03T16:00:00Z,between,56600.0,56699.99,0.0,0.01,0.99,1.0,0.0,0.0,0.0,0,0
kalshi,BTC,range,KXBTC-26AUG0312,KXBTC-26AUG0312-B56750,"$56,700 to 56,799.99",2026-08-03T16:00:00Z,between,56700.0,56799.99,0.0,0.01,0.99,1.0,0.0,0.0,0.0,0,0
kalshi,BTC,range,KXBTC-26AUG0312,KXBTC-26AUG0312-B56850,"$56,800 to 56,899.99",2026-08-03T16:00:00Z,between,56800.0,56899.99,0.0,0.01,0.99,1.0,0.0,0.0,0.0,0,0
kalshi,BTC,range,KXBTC-26AUG0312,KXBTC-26AUG0312-B56950,"$56,900 to 56,999.99",2026-08-03T16:00:00Z,between,56900.0,56999.99,0.0,0.01,0.99,1.0,0.0,0.0,0.0,0,0
kalshi,BTC,range,KXBTC-26AUG0312,KXBTC-26AUG0312-B57050,"$57,000 to 57,099.99",2026-08-03T16:00:00Z,between,57000.0,57099.99,0.0,0.01,0.99,1.0,0.0,0.0,0.0,0,0
kalshi,BTC,range,KXBTC-26AUG0312,KXBTC-26AUG0312-B57150,"$57,100 to 57,199.99",2026-08-03T16:00:00Z,between,57100.0,57199.99,0.0,0.01,0.99,1.0,0.0,0.0,0.0,0,0
kalshi,BTC,range,KXBTC-26AUG0312,KXBTC-26AUG0312-B57250,"$57,200 to 57,299.99",2026-08-03T16:00:00Z,between,57200.0,57299.99,0.0,0.01,0.99,1.0,0.0,0.0,0.0,0,0
kalshi,BTC,range,KXBTC-26AUG0312,KXBTC-26AUG0312-B57350,"$57,300 to 57,399.99",2026-08-03T16:00:00Z,between,57300.0,57399.99,0.0,0.01,0.99,1.0,0.0,0.0,0.0,0,0
kalshi,BTC,range,KXBTC-26AUG0312,KXBTC-26AUG0312-B57450,"$57,400 to 57,499.99",2026-08-03T16:00:00Z,between,57400.0,57499.99,0.0,0.01,0.99,1.0,0.0,0.0,0.0,0,0
kalshi,BTC,range,KXBTC-26AUG0312,KXBTC-26AUG0312-B57550,"$57,500 to 57,599.99",2026-08-03T16:00:00Z,between,57500.0,57599.99,0.0,0.01,0.99,1.0,0.0,0.0,0.0,0,0
kalshi,BTC,range,KXBTC-26AUG0312,KXBTC-26AUG0312-B57650,"$57,600 to 57,699.99",2026-08-03T16:00:00Z,between,57600.0,57699.99,0.0,0.01,0.99,1.0,0.0,0.0,0.0,0,0
kalshi,BTC,range,KXBTC-26AUG0312,KXBTC-26AUG0312-B57750,"$57,700 to 57,799.99",2026-08-03T16:00:00Z,between,57700.0,57799.99,0.0,0.01,0.99,1.0,0.0,0.0,0.0,0,0
kalshi,BTC,range,KXBTC-26AUG0312,KXBTC-26AUG0312-B57850,"$57,800 to 57,899.99",2026-08-03T16:00:00Z,between,57800.0,57899.99,0.0,0.01,0.99,1.0,0.0,0.0,0.0,0,0
kalshi,BTC,range,KXBTC-26AUG0312,KXBTC-26AUG0312-B57950,"$57,900 to 57,999.99",2026-08-03T16:00:00Z,between,57900.0,57999.99,0.0,0.01,0.99,1.0,0.0,0.0,0.0,0,0
kalshi,BTC,range,KXBTC-26AUG0312,KXBTC-26AUG0312-B58050,"$58,000 to 58,099.99",2026-08-03T16:00:00Z,between,58000.0,58099.99,0.0,0.01,0.99,1.0,0.0,0.0,0.0,0,0
kalshi,BTC,range,KXBTC-26AUG0312,KXBTC-26AUG0312-B58150,"$58,100 to 58,199.99",2026-08-03T16:00:00Z,between,58100.0,58199.99,0.0,0.01,0.99,1.0,0.0,0.0,0.0,0,0
kalshi,BTC,range,KXBTC-26AUG0312,KXBTC-26AUG0312-B58250,"$58,200 to 58,299.99",2026-08-03T16:00:00Z,between,58200.0,58299.99,0.0,0.01,0.99,1.0,0.0,0.0,0.0,0,0
kalshi,BTC,range,KXBTC-26AUG0312,KXBTC-26AUG0312-B58350,"$58,300 to 58,399.99",2026-08-03T16:00:00Z,between,58300.0,58399.99,0.0,0.01,0.99,1.0,0.0,0.0,0.0,0,0
kalshi,BTC,range,KXBTC-26AUG0312,KXBTC-26AUG0312-B58450,"$58,400 to 58,499.99",2026-08-03T16:00:00Z,between,58400.0,58499.99,0.0,0.01,0.99,1.0,0.0,0.0,0.0,0,0
kalshi,BTC,range,KXBTC-26AUG0312,KXBTC-26AUG0312-B58550,"$58,500 to 58,599.99",2026-08-03T16:00:00Z,between,58500.0,58599.99,0.0,0.01,0.99,1.0,0.0,0.0,0.0,0,0
kalshi,BTC,range,KXBTC-26AUG0312,KXBTC-26AUG0312-B58650,"$58,600 to 58,699.99",2026-08-03T16:00:00Z,between,58600.0,58699.99,0.0,0.01,0.99,1.0,0.0,0.0,0.0,0,0
kalshi,BTC,range,KXBTC-26AUG0312,KXBTC-26AUG0312-B58750,"$58,700 to 58,799.99",2026-08-03T16:00:00Z,between,58700.0,58799.99,0.0,0.01,0.99,1.0,0.0,0.0,0.0,0,0
kalshi,BTC,range,KXBTC-26AUG0312,KXBTC-26AUG0312-B58850,"$58,800 to 58,899.99",2026-08-03T16:00:00Z,between,58800.0,58899.99,0.0,0.01,0.99,1.0,0.0,0.0,0.0,0,0
kalshi,BTC,range,KXBTC-26AUG0312,KXBTC-26AUG0312-B58950,"$58,900 to 58,999.99",2026-08-03T16:00:00Z,between,58900.0,58999.99,0.0,0.01,0.99,1.0,0.0,0.0,0.0,0,0
kalshi,BTC,range,KXBTC-26AUG0312,KXBTC-26AUG0312-B59050,"$59,000 to 59,099.99",2026-08-03T16:00:00Z,between,59000.0,59099.99,0.0,0.01,0.99,1.0,0.0,0.0,0.0,0,0
kalshi,BTC,range,KXBTC-26AUG0312,KXBTC-26AUG0312-B59150,"$59,100 to 59,199.99",2026-08-03T16:00:00Z,between,59100.0,59199.99,0.0,0.01,0.99,1.0,0.0,0.0,0.0,0,0
kalshi,BTC,range,KXBTC-26AUG0312,KXBTC-26AUG0312-B59250,"$59,200 to 59,299.99",2026-08-03T16:00:00Z,between,59200.0,59299.99,0.0,0.01,0.99,1.0,0.0,0.0,0.0,0,0
kalshi,BTC,range,KXBTC-26AUG0312,KXBTC-26AUG0312-B59350,"$59,300 to 59,399.99",2026-08-03T16:00:00Z,between,59300.0,59399.99,0.0,0.01,0.99,1.0,0.0,0.0,0.0,0,0
kalshi,BTC,range,KXBTC-26AUG0312,KXBTC-26AUG0312-B59450,"$59,400 to 59,499.99",2026-08-03T16:00:00Z,between,59400.0,59499.99,0.0,0.01,0.99,1.0,0.0,0.0,0.0,0,0
kalshi,BTC,range,KXBTC-26AUG0312,KXBTC-26AUG0312-B59550,"$59,500 to 59,599.99",2026-08-03T16:00:00Z,between,59500.0,59599.99,0.0,0.01,0.99,1.0,0.0,0.0,0.0,0,0
kalshi,BTC,range,KXBTC-26AUG0312,KXBTC-26AUG0312-B59650,"$59,600 to 59,699.99",2026-08-03T16:00:00Z,between,59600.0,59699.99,0.0,0.01,0.99,1.0,0.0,0.0,0.0,0,0
kalshi,BTC,range,KXBTC-26AUG0312,KXBTC-26AUG0312-B59750,"$59,700 to 59,799.99",2026-08-03T16:00:00Z,between,59700.0,59799.99,0.0,0.01,0.99,1.0,0.0,0.0,0.0,0,0
kalshi,BTC,range,KXBTC-26AUG0312,KXBTC-26AUG0312-B59850,"$59,800 to 59,899.99",2026-08-03T16:00:00Z,between,59800.0,59899.99,0.0,0.01,0.99,1.0,0.0,0.0,0.0,0,0
kalshi,BTC,range,KXBTC-26AUG0312,KXBTC-26AUG0312-B59950,"$59,900 to 59,999.99",2026-08-03T16:00:00Z,between,59900.0,59999.99,0.0,0.01,0.99,1.0,0.0,0.0,0.0,0,0
kalshi,BTC,range,KXBTC-26AUG0312,KXBTC-26AUG0312-B60050,"$60,000 to 60,099.99",2026-08-03T16:00:00Z,between,60000.0,60099.99,0.0,0.01,0.99,1.0,0.0,0.0,0.0,0,0
kalshi,BTC,range,KXBTC-26AUG0312,KXBTC-26AUG0312-B60150,"$60,100 to 60,199.99",2026-08-03T16:00:00Z,between,60100.0,60199.99,0.0,0.01,0.99,1.0,0.0,0.0,0.0,0,0
kalshi,BTC,range,KXBTC-26AUG0312,KXBTC-26AUG0312-B60250,"$60,200 to 60,299.99",2026-08-03T16:00:00Z,between,60200.0,60299.99,0.0,0.01,0.99,1.0,0.0,0.0,0.0,0,0
kalshi,BTC,range,KXBTC-26AUG0312,KXBTC-26AUG0312-B60350,"$60,300 to 60,399.99",2026-08-03T16:00:00Z,between,60300.0,60399.99,0.0,0.01,0.99,1.0,0.0,0.0,0.0,0,0
kalshi,BTC,range,KXBTC-26AUG0312,KXBTC-26AUG0312-B60450,"$60,400 to 60,499.99",2026-08-03T16:00:00Z,between,60400.0,60499.99,0.0,0.01,0.99,1.0,0.0,0.0,0.0,0,0
kalshi,BTC,range,KXBTC-26AUG0312,KXBTC-26AUG0312-B60550,"$60,500 to 60,599.99",2026-08-03T16:00:00Z,between,60500.0,60599.99,0.0,0.01,0.99,1.0,0.0,0.0,0.0,0,0
kalshi,BTC,range,KXBTC-26AUG0312,KXBTC-26AUG0312-B60650,"$60,600 to 60,699.99",2026-08-03T16:00:00Z,between,60600.0,60699.99,0.0,0.01,0.99,1.0,0.0,0.0,0.0,0,0
kalshi,BTC,range,KXBTC-26AUG0312,KXBTC-26AUG0312-B60750,"$60,700 to 60,799.99",2026-08-03T16:00:00Z,between,60700.0,60799.99,0.0,0.01,0.99,1.0,0.0,0.0,0.0,0,0
kalshi,BTC,range,KXBTC-26AUG0312,KXBTC-26AUG0312-B60850,"$60,800 to 60,899.99",2026-08-03T16:00:00Z,between,60800.0,60899.99,0.0,0.01,0.99,1.0,0.0,0.0,0.0,0,0
kalshi,BTC,range,KXBTC-26AUG0312,KXBTC-26AUG0312-B60950,"$60,900 to 60,999.99",2026-08-03T16:00:00Z,between,60900.0,60999.99,0.0,0.01,0.99,1.0,0.0,0.0,0.0,0,0
kalshi,BTC,range,KXBTC-26AUG0312,KXBTC-26AUG0312-B61050,"$61,000 to 61,099.99",2026-08-03T16:00:00Z,between,61000.0,61099.99,0.0,0.01,0.99,1.0,0.0,0.0,0.0,0,0
kalshi,BTC,range,KXBTC-26AUG0312,KXBTC-26AUG0312-B61150,"$61,100 to 61,199.99",2026-08-03T16:00:00Z,between,61100.0,61199.99,0.0,0.01,0.99,1.0,0.0,0.0,0.0,0,0
kalshi,BTC,range,KXBTC-26AUG0312,KXBTC-26AUG0312-B61250,"$61,200 to 61,299.99",2026-08-03T16:00:00Z,between,61200.0,61299.99,0.0,0.01,0.99,1.0,0.0,0.0,0.0,0,0
kalshi,BTC,range,KXBTC-26AUG0312,KXBTC-26AUG0312-B61350,"$61,300 to 61,399.99",2026-08-03T16:00:00Z,between,61300.0,61399.99,0.0,0.01,0.99,1.0,0.0,0.0,0.0,0,0
kalshi,BTC,range,KXBTC-26AUG0312,KXBTC-26AUG0312-B61450,"$61,400 to 61,499.99",2026-08-03T16:00:00Z,between,61400.0,61499.99,0.0,0.01,0.99,1.0,0.0,0.0,0.0,0,0
kalshi,BTC,range,KXBTC-26AUG0312,KXBTC-26AUG0312-B61550,"$61,500 to 61,599.99",2026-08-03T16:00:00Z,between,61500.0,61599.99,0.0,0.01,0.99,1.0,0.0,0.0,0.0,0,0
kalshi,BTC,range,KXBTC-26AUG0312,KXBTC-26AUG0312-B61650,"$61,600 to 61,699.99",2026-08-03T16:00:00Z,between,61600.0,61699.99,0.0,0.01,0.99,1.0,0.0,0.0,0.0,0,0
kalshi,BTC,range,KXBTC-26AUG0312,KXBTC-26AUG0312-B61750,"$61,700 to 61,799.99",2026-08-03T16:00:00Z,between,61700.0,61799.99,0.0,0.01,0.99,1.0,0.0,0.0,0.0,0,0
kalshi,BTC,range,KXBTC-26AUG0312,KXBTC-26AUG0312-B61850,"$61,800 to 61,899.99",2026-08-03T16:00:00Z,between,61800.0,61899.99,0.0,0.01,0.99,1.0,0.0,0.0,0.0,0,0
kalshi,BTC,range,KXBTC-26AUG0312,KXBTC-26AUG0312-B61950,"$61,900 to 61,999.99",2026-08-03T16:00:00Z,between,61900.0,61999.99,0.0,0.01,0.99,1.0,0.0,0.0,0.0,0,0
kalshi,BTC,range,KXBTC-26AUG0312,KXBTC-26AUG0312-B62050,"$62,000 to 62,099.99",2026-08-03T16:00:00Z,between,62000.0,62099.99,0.0,0.01,0.99,1.0,0.0,0.0,0.0,0,0
kalshi,BTC,range,KXBTC-26AUG0312,KXBTC-26AUG0312-B62150,"$62,100 to 62,199.99",2026-08-03T16:00:00Z,between,62100.0,62199.99,0.0,0.01,0.99,1.0,0.0,0.0,0.0,0,0
kalshi,BTC,range,KXBTC-26AUG0312,KXBTC-26AUG0312-B62250,"$62,200 to 62,299.99",2026-08-03T16:00:00Z,between,62200.0,62299.99,0.0,0.01,0.99,1.0,0.0,0.0,0.0,0,0
kalshi,BTC,range,KXBTC-26AUG0312,KXBTC-26AUG0312-B62350,"$62,300 to 62,399.99",2026-08-03T16:00:00Z,between,62300.0,62399.99,0.0,0.01,0.99,1.0,0.0,0.0,0.0,0,0
kalshi,BTC,range,KXBTC-26AUG0312,KXBTC-26AUG0312-B62450,"$62,400 to 62,499.99",2026-08-03T16:00:00Z,between,62400.0,62499.99,0.0,0.01,0.99,1.0,0.0,0.0,0.0,0,0
kalshi,BTC,range,KXBTC-26AUG0312,KXBTC-26AUG0312-B62550,"$62,500 to 62,599.99",2026-08-03T16:00:00Z,between,62500.0,62599.99,0.0,0.01,0.99,1.0,0.0,0.0,0.0,0,0
kalshi,BTC,range,KXBTC-26AUG0312,KXBTC-26AUG0312-B62650,"$62,600 to 62,699.99",2026-08-03T16:00:00Z,between,62600.0,62699.99,0.0,0.01,0.99,1.0,0.0,0.0,0.0,0,0
kalshi,BTC,range,KXBTC-26AUG0312,KXBTC-26AUG0312-B62750,"$62,700 to 62,799.99",2026-08-03T16:00:00Z,between,62700.0,62799.99,0.0,0.01,0.99,1.0,0.0,0.0,0.0,0,0
kalshi,BTC,range,KXBTC-26AUG0312,KXBTC-26AUG0312-B62850,"$62,800 to 62,899.99",2026-08-03T16:00:00Z,between,62800.0,62899.99,0.0,0.01,0.99,1.0,0.0,0.0,0.0,0,0
kalshi,BTC,range,KXBTC-26AUG0312,KXBTC-26AUG0312-B62950,"$62,900 to 62,999.99",2026-08-03T16:00:00Z,between,62900.0,62999.99,0.0,0.01,0.99,1.0,0.0,0.0,0.0,0,0
kalshi,BTC,range,KXBTC-26AUG0312,KXBTC-26AUG0312-B63050,"$63,000 to 63,099.99",2026-08-03T16:00:00Z,between,63000.0,63099.99,0.0,0.01,0.99,1.0,0.0,0.0,0.0,0,0
kalshi,BTC,range,KXBTC-26AUG0312,KXBTC-26AUG0312-B63150,"$63,100 to 63,199.99",2026-08-03T16:00:00Z,between,63100.0,63199.99,0.0,0.14,0.86,1.0,0.0,0.0,0.0,0,0
kalshi,BTC,range,KXBTC-26AUG0312,KXBTC-26AUG0312-B63250,"$63,200 to 63,299.99",2026-08-03T16:00:00Z,between,63200.0,63299.99,0.0,0.14,0.86,1.0,0.0,0.0,0.0,0,0
kalshi,BTC,range,KXBTC-26AUG0312,KXBTC-26AUG0312-B63350,"$63,300 to 63,399.99",2026-08-03T16:00:00Z,between,63300.0,63399.99,0.02,0.05,0.95,0.98,0.08,181.0,181.0,100.0,5700.0
kalshi,BTC,range,KXBTC-26AUG0312,KXBTC-26AUG0312-B63450,"$63,400 to 63,499.99",2026-08-03T16:00:00Z,between,63400.0,63499.99,0.04,0.1,0.9,0.96,0.0,0.0,0.0,412.0,5966.0
kalshi,BTC,range,KXBTC-26AUG0312,KXBTC-26AUG0312-B63550,"$63,500 to 63,599.99",2026-08-03T16:00:00Z,between,63500.0,63599.99,0.15,0.19,0.81,0.85,0.19,283.72,283.72,2369.0,8194.0
kalshi,BTC,range,KXBTC-26AUG0312,KXBTC-26AUG0312-B63650,"$63,600 to 63,699.99",2026-08-03T16:00:00Z,between,63600.0,63699.99,0.23,0.29,0.71,0.77,0.28,1633.58,1519.74,2479.0,7741.0
kalshi,BTC,range,KXBTC-26AUG0312,KXBTC-26AUG0312-B63750,"$63,700 to 63,799.99",2026-08-03T16:00:00Z,between,63700.0,63799.99,0.21,0.26,0.74,0.79,0.26,1628.62,1608.68,2375.0,8351.75
kalshi,BTC,range,KXBTC-26AUG0312,KXBTC-26AUG0312-B63850,"$63,800 to 63,899.99",2026-08-03T16:00:00Z,between,63800.0,63899.99,0.14,0.15,0.85,0.86,0.12,4067.06,3472.07,955.0,6736.38
kalshi,BTC,range,KXBTC-26AUG0312,KXBTC-26AUG0312-B63950,"$63,900 to 63,999.99",2026-08-03T16:00:00Z,between,63900.0,63999.99,0.07,0.08,0.92,0.93,0.1,274.71,274.69,2424.0,8259.0
kalshi,BTC,range,KXBTC-26AUG0312,KXBTC-26AUG0312-B64050,"$64,000 to 64,099.99",2026-08-03T16:00:00Z,between,64000.0,64099.99,0.02,0.03,0.97,0.98,0.02,100.79,100.79,0.15,8203.0
kalshi,BTC,range,KXBTC-26AUG0312,KXBTC-26AUG0312-B64150,"$64,100 to 64,199.99",2026-08-03T16:00:00Z,between,64100.0,64199.99,0.0,0.02,0.98,1.0,0.02,100.0,100.0,0,0
kalshi,BTC,range,KXBTC-26AUG0312,KXBTC-26AUG0312-B64250,"$64,200 to 64,299.99",2026-08-03T16:00:00Z,between,64200.0,64299.99,0.0,0.02,0.98,1.0,0.02,103.12,103.12,0,0
kalshi,BTC,range,KXBTC-26AUG0312,KXBTC-26AUG0312-B64350,"$64,300 to 64,399.99",2026-08-03T16:00:00Z,between,64300.0,64399.99,0.0,0.03,0.97,1.0,0.02,104.67,104.67,0,0
kalshi,BTC,range,KXBTC-26AUG0312,KXBTC-26AUG0312-B64450,"$64,400 to 64,499.99",2026-08-03T16:00:00Z,between,64400.0,64499.99,0.0,0.03,0.97,1.0,0.0,0.0,0.0,0,0
kalshi,BTC,range,KXBTC-26AUG0312,KXBTC-26AUG0312-B64550,"$64,500 to 64,599.99",2026-08-03T16:00:00Z,between,64500.0,64599.99,0.0,0.14,0.86,1.0,0.0,0.0,0.0,0,0
kalshi,BTC,range,KXBTC-26AUG0312,KXBTC-26AUG0312-B64650,"$64,600 to 64,699.99",2026-08-03T16:00:00Z,between,64600.0,64699.99,0.0,0.01,0.99,1.0,0.0,0.0,0.0,0,0
kalshi,BTC,range,KXBTC-26AUG0312,KXBTC-26AUG0312-B64750,"$64,700 to 64,799.99",2026-08-03T16:00:00Z,between,64700.0,64799.99,0.0,0.01,0.99,1.0,0.0,0.0,0.0,0,0
kalshi,BTC,range,KXBTC-26AUG0312,KXBTC-26AUG0312-B64850,"$64,800 to 64,899.99",2026-08-03T16:00:00Z,between,64800.0,64899.99,0.0,0.01,0.99,1.0,0.0,0.0,0.0,0,0
kalshi,BTC,range,KXBTC-26AUG0312,KXBTC-26AUG0312-B64950,"$64,900 to 64,999.99",2026-08-03T16:00:00Z,between,64900.0,64999.99,0.0,0.01,0.99,1.0,0.0,0.0,0.0,0,0
kalshi,BTC,range,KXBTC-26AUG0312,KXBTC-26AUG0312-B65050,"$65,000 to 65,099.99",2026-08-03T16:00:00Z,between,65000.0,65099.99,0.0,0.01,0.99,1.0,0.0,0.0,0.0,0,0
kalshi,BTC,range,KXBTC-26AUG0312,KXBTC-26AUG0312-B65150,"$65,100 to 65,199.99",2026-08-03T16:00:00Z,between,65100.0,65199.99,0.0,0.01,0.99,1.0,0.0,0.0,0.0,0,0
kalshi,BTC,range,KXBTC-26AUG0312,KXBTC-26AUG0312-B65250,"$65,200 to 65,299.99",2026-08-03T16:00:00Z,between,65200.0,65299.99,0.0,0.01,0.99,1.0,0.0,0.0,0.0,0,0
kalshi,BTC,range,KXBTC-26AUG0312,KXBTC-26AUG0312-B65350,"$65,300 to 65,399.99",2026-08-03T16:00:00Z,between,65300.0,65399.99,0.0,0.01,0.99,1.0,0.0,0.0,0.0,0,0
kalshi,BTC,range,KXBTC-26AUG0312,KXBTC-26AUG0312-B65450,"$65,400 to 65,499.99",2026-08-03T16:00:00Z,between,65400.0,65499.99,0.0,0.01,0.99,1.0,0.0,0.0,0.0,0,0
kalshi,BTC,range,KXBTC-26AUG0312,KXBTC-26AUG0312-B65550,"$65,500 to 65,599.99",2026-08-03T16:00:00Z,between,65500.0,65599.99,0.0,0.01,0.99,1.0,0.0,0.0,0.0,0,0
kalshi,BTC,range,KXBTC-26AUG0312,KXBTC-26AUG0312-B65650,"$65,600 to 65,699.99",2026-08-03T16:00:00Z,between,65600.0,65699.99,0.0,0.01,0.99,1.0,0.0,0.0,0.0,0,0
kalshi,BTC,range,KXBTC-26AUG0312,KXBTC-26AUG0312-B65750,"$65,700 to 65,799.99",2026-08-03T16:00:00Z,between,65700.0,65799.99,0.0,0.01,0.99,1.0,0.0,0.0,0.0,0,0
kalshi,BTC,range,KXBTC-26AUG0312,KXBTC-26AUG0312-B65850,"$65,800 to 65,899.99",2026-08-03T16:00:00Z,between,65800.0,65899.99,0.0,0.01,0.99,1.0,0.0,0.0,0.0,0,0
kalshi,BTC,range,KXBTC-26AUG0312,KXBTC-26AUG0312-B65950,"$65,900 to 65,999.99",2026-08-03T16:00:00Z,between,65900.0,65999.99,0.0,0.01,0.99,1.0,0.0,0.0,0.0,0,0
kalshi,BTC,range,KXBTC-26AUG0312,KXBTC-26AUG0312-B66050,"$66,000 to 66,099.99",2026-08-03T16:00:00Z,between,66000.0,66099.99,0.0,0.01,0.99,1.0,0.0,0.0,0.0,0,0
kalshi,BTC,range,KXBTC-26AUG0312,KXBTC-26AUG0312-B66150,"$66,100 to 66,199.99",2026-08-03T16:00:00Z,between,66100.0,66199.99,0.0,0.01,0.99,1.0,0.0,0.0,0.0,0,0
kalshi,BTC,range,KXBTC-26AUG0312,KXBTC-26AUG0312-B66250,"$66,200 to 66,299.99",2026-08-03T16:00:00Z,between,66200.0,66299.99,0.0,0.01,0.99,1.0,0.0,0.0,0.0,0,0
kalshi,BTC,range,KXBTC-26AUG0312,KXBTC-26AUG0312-B66350,"$66,300 to 66,399.99",2026-08-03T16:00:00Z,between,66300.0,66399.99,0.0,0.01,0.99,1.0,0.0,0.0,0.0,0,0
kalshi,BTC,range,KXBTC-26AUG0312,KXBTC-26AUG0312-B66450,"$66,400 to 66,499.99",2026-08-03T16:00:00Z,between,66400.0,66499.99,0.0,0.01,0.99,1.0,0.0,0.0,0.0,0,0
kalshi,BTC,range,KXBTC-26AUG0312,KXBTC-26AUG0312-B66550,"$66,500 to 66,599.99",2026-08-03T16:00:00Z,between,66500.0,66599.99,0.0,0.01,0.99,1.0,0.0,0.0,0.0,0,0
kalshi,BTC,range,KXBTC-26AUG0312,KXBTC-26AUG0312-B66650,"$66,600 to 66,699.99",2026-08-03T16:00:00Z,between,66600.0,66699.99,0.0,0.01,0.99,1.0,0.0,0.0,0.0,0,0
kalshi,BTC,range,KXBTC-26AUG0312,KXBTC-26AUG0312-B66750,"$66,700 to 66,799.99",2026-08-03T16:00:00Z,between,66700.0,66799.99,0.0,0.01,0.99,1.0,0.0,0.0,0.0,0,0
kalshi,BTC,range,KXBTC-26AUG0312,KXBTC-26AUG0312-B66850,"$66,800 to 66,899.99",2026-08-03T16:00:00Z,between,66800.0,66899.99,0.0,0.01,0.99,1.0,0.0,0.0,0.0,0,0
kalshi,BTC,range,KXBTC-26AUG0312,KXBTC-26AUG0312-B66950,"$66,900 to 66,999.99",2026-08-03T16:00:00Z,between,66900.0,66999.99,0.0,0.01,0.99,1.0,0.0,0.0,0.0,0,0
kalshi,BTC,range,KXBTC-26AUG0312,KXBTC-26AUG0312-B67050,"$67,000 to 67,099.99",2026-08-03T16:00:00Z,between,67000.0,67099.99,0.0,0.01,0.99,1.0,0.0,0.0,0.0,0,0
kalshi,BTC,range,KXBTC-26AUG0312,KXBTC-26AUG0312-B67150,"$67,100 to 67,199.99",2026-08-03T16:00:00Z,between,67100.0,67199.99,0.0,0.01,0.99,1.0,0.0,0.0,0.0,0,0
kalshi,BTC,range,KXBTC-26AUG0312,KXBTC-26AUG0312-B67250,"$67,200 to 67,299.99",2026-08-03T16:00:00Z,between,67200.0,67299.99,0.0,0.01,0.99,1.0,0.0,0.0,0.0,0,0
kalshi,BTC,range,KXBTC-26AUG0312,KXBTC-26AUG0312-B67350,"$67,300 to 67,399.99",2026-08-03T16:00:00Z,between,67300.0,67399.99,0.0,0.01,0.99,1.0,0.0,0.0,0.0,0,0
kalshi,BTC,range,KXBTC-26AUG0312,KXBTC-26AUG0312-B67450,"$67,400 to 67,499.99",2026-08-03T16:00:00Z,between,67400.0,67499.99,0.0,0.01,0.99,1.0,0.0,0.0,0.0,0,0
kalshi,BTC,range,KXBTC-26AUG0312,KXBTC-26AUG0312-B67550,"$67,500 to 67,599.99",2026-08-03T16:00:00Z,between,67500.0,67599.99,0.0,0.01,0.99,1.0,0.0,0.0,0.0,0,0
kalshi,BTC,range,KXBTC-26AUG0312,KXBTC-26AUG0312-B67650,"$67,600 to 67,699.99",2026-08-03T16:00:00Z,between,67600.0,67699.99,0.0,0.01,0.99,1.0,0.0,0.0,0.0,0,0
kalshi,BTC,range,KXBTC-26AUG0312,KXBTC-26AUG0312-B67750,"$67,700 to 67,799.99",2026-08-03T16:00:00Z,between,67700.0,67799.99,0.0,0.01,0.99,1.0,0.0,0.0,0.0,0,0
kalshi,BTC,range,KXBTC-26AUG0312,KXBTC-26AUG0312-B67850,"$67,800 to 67,899.99",2026-08-03T16:00:00Z,between,67800.0,67899.99,0.0,0.01,0.99,1.0,0.0,0.0,0.0,0,0
kalshi,BTC,range,KXBTC-26AUG0312,KXBTC-26AUG0312-B67950,"$67,900 to 67,999.99",2026-08-03T16:00:00Z,between,67900.0,67999.99,0.0,0.01,0.99,1.0,0.0,0.0,0.0,0,0
kalshi,BTC,range,KXBTC-26AUG0312,KXBTC-26AUG0312-B68050,"$68,000 to 68,099.99",2026-08-03T16:00:00Z,between,68000.0,68099.99,0.0,0.01,0.99,1.0,0.0,0.0,0.0,0,0
kalshi,BTC,range,KXBTC-26AUG0312,KXBTC-26AUG0312-B68150,"$68,100 to 68,199.99",2026-08-03T16:00:00Z,between,68100.0,68199.99,0.0,0.01,0.99,1.0,0.0,0.0,0.0,0,0
kalshi,BTC,range,KXBTC-26AUG0312,KXBTC-26AUG0312-B68250,"$68,200 to 68,299.99",2026-08-03T16:00:00Z,between,68200.0,68299.99,0.0,0.01,0.99,1.0,0.0,0.0,0.0,0,0
kalshi,BTC,range,KXBTC-26AUG0312,KXBTC-26AUG0312-B68350,"$68,300 to 68,399.99",2026-08-03T16:00:00Z,between,68300.0,68399.99,0.0,0.01,0.99,1.0,0.0,0.0,0.0,0,0
kalshi,BTC,range,KXBTC-26AUG0312,KXBTC-26AUG0312-B68450,"$68,400 to 68,499.99",2026-08-03T16:00:00Z,between,68400.0,68499.99,0.0,0.01,0.99,1.0,0.0,0.0,0.0,0,0
kalshi,BTC,range,KXBTC-26AUG0312,KXBTC-26AUG0312-B68550,"$68,500 to 68,599.99",2026-08-03T16:00:00Z,between,68500.0,68599.99,0.0,0.01,0.99,1.0,0.0,0.0,0.0,0,0
kalshi,BTC,range,KXBTC-26AUG0312,KXBTC-26AUG0312-B68650,"$68,600 to 68,699.99",2026-08-03T16:00:00Z,between,68600.0,68699.99,0.0,0.01,0.99,1.0,0.0,0.0,0.0,0,0
kalshi,BTC,range,KXBTC-26AUG0312,KXBTC-26AUG0312-B68750,"$68,700 to 68,799.99",2026-08-03T16:00:00Z,between,68700.0,68799.99,0.0,0.01,0.99,1.0,0.0,0.0,0.0,0,0
kalshi,BTC,range,KXBTC-26AUG0312,KXBTC-26AUG0312-B68850,"$68,800 to 68,899.99",2026-08-03T16:00:00Z,between,68800.0,68899.99,0.0,0.01,0.99,1.0,0.0,0.0,0.0,0,0
kalshi,BTC,range,KXBTC-26AUG0312,KXBTC-26AUG0312-B68950,"$68,900 to 68,999.99",2026-08-03T16:00:00Z,between,68900.0,68999.99,0.0,0.01,0.99,1.0,0.0,0.0,0.0,0,0
kalshi,BTC,range,KXBTC-26AUG0312,KXBTC-26AUG0312-B69050,"$69,000 to 69,099.99",2026-08-03T16:00:00Z,between,69000.0,69099.99,0.0,0.01,0.99,1.0,0.0,0.0,0.0,0,0
kalshi,BTC,range,KXBTC-26AUG0312,KXBTC-26AUG0312-B69150,"$69,100 to 69,199.99",2026-08-03T16:00:00Z,between,69100.0,69199.99,0.0,0.01,0.99,1.0,0.0,0.0,0.0,0,0
kalshi,BTC,range,KXBTC-26AUG0312,KXBTC-26AUG0312-B69250,"$69,200 to 69,299.99",2026-08-03T16:00:00Z,between,69200.0,69299.99,0.0,0.01,0.99,1.0,0.0,0.0,0.0,0,0
kalshi,BTC,range,KXBTC-26AUG0312,KXBTC-26AUG0312-B69350,"$69,300 to 69,399.99",2026-08-03T16:00:00Z,between,69300.0,69399.99,0.0,0.01,0.99,1.0,0.0,0.0,0.0,0,0
kalshi,BTC,range,KXBTC-26AUG0312,KXBTC-26AUG0312-B69450,"$69,400 to 69,499.99",2026-08-03T16:00:00Z,between,69400.0,69499.99,0.0,0.01,0.99,1.0,0.0,0.0,0.0,0,0
kalshi,BTC,range,KXBTC-26AUG0312,KXBTC-26AUG0312-B69550,"$69,500 to 69,599.99",2026-08-03T16:00:00Z,between,69500.0,69599.99,0.0,0.01,0.99,1.0,0.0,0.0,0.0,0,0
kalshi,BTC,range,KXBTC-26AUG0312,KXBTC-26AUG0312-B69650,"$69,600 to 69,699.99",2026-08-03T16:00:00Z,between,69600.0,69699.99,0.0,0.01,0.99,1.0,0.0,0.0,0.0,0,0
kalshi,BTC,range,KXBTC-26AUG0312,KXBTC-26AUG0312-B69750,"$69,700 to 69,799.99",2026-08-03T16:00:00Z,between,69700.0,69799.99,0.0,0.01,0.99,1.0,0.0,0.0,0.0,0,0
kalshi,BTC,range,KXBTC-26AUG0312,KXBTC-26AUG0312-B69850,"$69,800 to 69,899.99",2026-08-03T16:00:00Z,between,69800.0,69899.99,0.0,0.01,0.99,1.0,0.0,0.0,0.0,0,0
kalshi,BTC,range,KXBTC-26AUG0312,KXBTC-26AUG0312-B69950,"$69,900 to 69,999.99",2026-08-03T16:00:00Z,between,69900.0,69999.99,0.0,0.01,0.99,1.0,0.0,0.0,0.0,0,0
kalshi,BTC,range,KXBTC-26AUG0312,KXBTC-26AUG0312-B70050,"$70,000 to 70,099.99",2026-08-03T16:00:00Z,between,70000.0,70099.99,0.0,0.01,0.99,1.0,0.0,0.0,0.0,0,0
kalshi,BTC,range,KXBTC-26AUG0312,KXBTC-26AUG0312-B70150,"$70,100 to 70,199.99",2026-08-03T16:00:00Z,between,70100.0,70199.99,0.0,0.01,0.99,1.0,0.0,0.0,0.0,0,0
kalshi,BTC,range,KXBTC-26AUG0312,KXBTC-26AUG0312-B70250,"$70,200 to 70,299.99",2026-08-03T16:00:00Z,between,70200.0,70299.99,0.0,0.01,0.99,1.0,0.0,0.0,0.0,0,0
kalshi,BTC,range,KXBTC-26AUG0312,KXBTC-26AUG0312-B70350,"$70,300 to 70,399.99",2026-08-03T16:00:00Z,between,70300.0,70399.99,0.0,0.01,0.99,1.0,0.0,0.0,0.0,0,0
kalshi,BTC,range,KXBTC-26AUG0312,KXBTC-26AUG0312-B70450,"$70,400 to 70,499.99",2026-08-03T16:00:00Z,between,70400.0,70499.99,0.0,0.01,0.99,1.0,0.0,0.0,0.0,0,0
kalshi,BTC,range,KXBTC-26AUG0312,KXBTC-26AUG0312-B70550,"$70,500 to 70,599.99",2026-08-03T16:00:00Z,between,70500.0,70599.99,0.0,0.01,0.99,1.0,0.0,0.0,0.0,0,0
kalshi,BTC,range,KXBTC-26AUG0312,KXBTC-26AUG0312-B70650,"$70,600 to 70,699.99",2026-08-03T16:00:00Z,between,70600.0,70699.99,0.0,0.01,0.99,1.0,0.0,0.0,0.0,0,0
kalshi,BTC,range,KXBTC-26AUG0312,KXBTC-26AUG0312-B70750,"$70,700 to 70,799.99",2026-08-03T16:00:00Z,between,70700.0,70799.99,0.0,0.01,0.99,1.0,0.0,0.0,0.0,0,0
kalshi,BTC,range,KXBTC-26AUG0312,KXBTC-26AUG0312-B70850,"$70,800 to 70,899.99",2026-08-03T16:00:00Z,between,70800.0,70899.99,0.0,0.01,0.99,1.0,0.0,0.0,0.0,0,0
kalshi,BTC,range,KXBTC-26AUG0312,KXBTC-26AUG0312-B70950,"$70,900 to 70,999.99",2026-08-03T16:00:00Z,between,70900.0,70999.99,0.0,0.01,0.99,1.0,0.0,0.0,0.0,0,0
kalshi,BTC,range,KXBTC-26AUG0312,KXBTC-26AUG0312-B71050,"$71,000 to 71,099.99",2026-08-03T16:00:00Z,between,71000.0,71099.99,0.0,0.01,0.99,1.0,0.0,0.0,0.0,0,0
kalshi,BTC,range,KXBTC-26AUG0312,KXBTC-26AUG0312-B71150,"$71,100 to 71,199.99",2026-08-03T16:00:00Z,between,71100.0,71199.99,0.0,0.01,0.99,1.0,0.0,0.0,0.0,0,0
kalshi,BTC,range,KXBTC-26AUG0312,KXBTC-26AUG0312-B71250,"$71,200 to 71,299.99",2026-08-03T16:00:00Z,between,71200.0,71299.99,0.0,0.01,0.99,1.0,0.0,0.0,0.0,0,0
kalshi,BTC,range,KXBTC-26AUG0312,KXBTC-26AUG0312-B71350,"$71,300 to 71,399.99",2026-08-03T16:00:00Z,between,71300.0,71399.99,0.0,0.01,0.99,1.0,0.0,0.0,0.0,0,0
kalshi,BTC,range,KXBTC-26AUG0312,KXBTC-26AUG0312-B71450,"$71,400 to 71,499.99",2026-08-03T16:00:00Z,between,71400.0,71499.99,0.0,0.01,0.99,1.0,0.0,0.0,0.0,0,0
kalshi,BTC,range,KXBTC-26AUG0312,KXBTC-26AUG0312-B71550,"$71,500 to 71,599.99",2026-08-03T16:00:00Z,between,71500.0,71599.99,0.0,0.01,0.99,1.0,0.0,0.0,0.0,0,0
kalshi,BTC,range,KXBTC-26AUG0312,KXBTC-26AUG0312-B71650,"$71,600 to 71,699.99",2026-08-03T16:00:00Z,between,71600.0,71699.99,0.0,0.01,0.99,1.0,0.0,0.0,0.0,0,0
kalshi,BTC,range,KXBTC-26AUG0312,KXBTC-26AUG0312-B71750,"$71,700 to 71,799.99",2026-08-03T16:00:00Z,between,71700.0,71799.99,0.0,0.01,0.99,1.0,0.0,0.0,0.0,0,0
kalshi,BTC,range,KXBTC-26AUG0312,KXBTC-26AUG0312-B71850,"$71,800 to 71,899.99",2026-08-03T16:00:00Z,between,71800.0,71899.99,0.0,0.01,0.99,1.0,0.0,0.0,0.0,0,0
kalshi,BTC,range,KXBTC-26AUG0312,KXBTC-26AUG0312-B71950,"$71,900 to 71,999.99",2026-08-03T16:00:00Z,between,71900.0,71999.99,0.0,0.01,0.99,1.0,0.0,0.0,0.0,0,0
kalshi,BTC,range,KXBTC-26AUG0312,KXBTC-26AUG0312-B72050,"$72,000 to 72,099.99",2026-08-03T16:00:00Z,between,72000.0,72099.99,0.0,0.01,0.99,1.0,0.0,0.0,0.0,0,0
kalshi,BTC,range,KXBTC-26AUG0312,KXBTC-26AUG0312-B72150,"$72,100 to 72,199.99",2026-08-03T16:00:00Z,between,72100.0,72199.99,0.0,0.01,0.99,1.0,0.0,0.0,0.0,0,0
kalshi,BTC,range,KXBTC-26AUG0312,KXBTC-26AUG0312-B72250,"$72,200 to 72,299.99",2026-08-03T16:00:00Z,between,72200.0,72299.99,0.0,0.01,0.99,1.0,0.0,0.0,0.0,0,0
kalshi,BTC,range,KXBTC-26AUG0312,KXBTC-26AUG0312-T72299.99,"$72,300 or above",2026-08-03T16:00:00Z,greater,72299.99,,0.0,0.01,0.99,1.0,0.0,0.0,0.0,0,0
kalshi,BTC,range,KXBTC-26AUG0317,KXBTC-26AUG0317-T53250,"$53,249.99 or below",2026-08-03T21:00:00Z,less,,53250.0,0.0,0.01,0.99,1.0,0.01,93.51,93.51,0,0
kalshi,BTC,range,KXBTC-26AUG0317,KXBTC-26AUG0317-B53375,"$53,250 to 53,499.99",2026-08-03T21:00:00Z,between,53250.0,53499.99,0.0,0.01,0.99,1.0,0.0,0.0,0.0,0,0
kalshi,BTC,range,KXBTC-26AUG0317,KXBTC-26AUG0317-B53625,"$53,500 to 53,749.99",2026-08-03T21:00:00Z,between,53500.0,53749.99,0.0,0.01,0.99,1.0,0.0,0.0,0.0,0,0
kalshi,BTC,range,KXBTC-26AUG0317,KXBTC-26AUG0317-B53875,"$53,750 to 53,999.99",2026-08-03T21:00:00Z,between,53750.0,53999.99,0.0,0.01,0.99,1.0,0.0,0.0,0.0,0,0
kalshi,BTC,range,KXBTC-26AUG0317,KXBTC-26AUG0317-B54125,"$54,000 to 54,249.99",2026-08-03T21:00:00Z,between,54000.0,54249.99,0.0,0.01,0.99,1.0,0.0,0.0,0.0,0,0
kalshi,BTC,range,KXBTC-26AUG0317,KXBTC-26AUG0317-B54375,"$54,250 to 54,499.99",2026-08-03T21:00:00Z,between,54250.0,54499.99,0.0,0.01,0.99,1.0,0.0,0.0,0.0,0,0
kalshi,BTC,range,KXBTC-26AUG0317,KXBTC-26AUG0317-B54625,"$54,500 to 54,749.99",2026-08-03T21:00:00Z,between,54500.0,54749.99,0.0,0.01,0.99,1.0,0.0,0.0,0.0,0,0
kalshi,BTC,range,KXBTC-26AUG0317,KXBTC-26AUG0317-B54875,"$54,750 to 54,999.99",2026-08-03T21:00:00Z,between,54750.0,54999.99,0.0,0.01,0.99,1.0,0.0,0.0,0.0,0,0
kalshi,BTC,range,KXBTC-26AUG0317,KXBTC-26AUG0317-B55125,"$55,000 to 55,249.99",2026-08-03T21:00:00Z,between,55000.0,55249.99,0.0,0.01,0.99,1.0,0.0,0.0,0.0,0,0
kalshi,BTC,range,KXBTC-26AUG0317,KXBTC-26AUG0317-B55375,"$55,250 to 55,499.99",2026-08-03T21:00:00Z,between,55250.0,55499.99,0.0,0.01,0.99,1.0,0.0,0.0,0.0,0,0
kalshi,BTC,range,KXBTC-26AUG0317,KXBTC-26AUG0317-B55625,"$55,500 to 55,749.99",2026-08-03T21:00:00Z,between,55500.0,55749.99,0.0,0.01,0.99,1.0,0.0,0.0,0.0,0,0
kalshi,BTC,range,KXBTC-26AUG0317,KXBTC-26AUG0317-B55875,"$55,750 to 55,999.99",2026-08-03T21:00:00Z,between,55750.0,55999.99,0.0,0.01,0.99,1.0,0.0,0.0,0.0,0,0
kalshi,BTC,range,KXBTC-26AUG0317,KXBTC-26AUG0317-B56125,"$56,000 to 56,249.99",2026-08-03T21:00:00Z,between,56000.0,56249.99,0.0,0.01,0.99,1.0,0.0,0.0,0.0,0,0
kalshi,BTC,range,KXBTC-26AUG0317,KXBTC-26AUG0317-B56375,"$56,250 to 56,499.99",2026-08-03T21:00:00Z,between,56250.0,56499.99,0.0,0.01,0.99,1.0,0.0,0.0,0.0,0,0
kalshi,BTC,range,KXBTC-26AUG0317,KXBTC-26AUG0317-B56625,"$56,500 to 56,749.99",2026-08-03T21:00:00Z,between,56500.0,56749.99,0.0,0.01,0.99,1.0,0.0,0.0,0.0,0,0
kalshi,BTC,range,KXBTC-26AUG0317,KXBTC-26AUG0317-B56875,"$56,750 to 56,999.99",2026-08-03T21:00:00Z,between,56750.0,56999.99,0.0,0.01,0.99,1.0,0.0,0.0,0.0,0,0
kalshi,BTC,range,KXBTC-26AUG0317,KXBTC-26AUG0317-B57125,"$57,000 to 57,249.99",2026-08-03T21:00:00Z,between,57000.0,57249.99,0.0,0.01,0.99,1.0,0.0,0.0,0.0,0,0
kalshi,BTC,range,KXBTC-26AUG0317,KXBTC-26AUG0317-B57375,"$57,250 to 57,499.99",2026-08-03T21:00:00Z,between,57250.0,57499.99,0.0,0.01,0.99,1.0,0.0,0.0,0.0,0,0
kalshi,BTC,range,KXBTC-26AUG0317,KXBTC-26AUG0317-B57625,"$57,500 to 57,749.99",2026-08-03T21:00:00Z,between,57500.0,57749.99,0.0,0.01,0.99,1.0,0.0,0.0,0.0,0,0
kalshi,BTC,range,KXBTC-26AUG0317,KXBTC-26AUG0317-B57875,"$57,750 to 57,999.99",2026-08-03T21:00:00Z,between,57750.0,57999.99,0.0,0.01,0.99,1.0,0.0,0.0,0.0,0,0
kalshi,BTC,range,KXBTC-26AUG0317,KXBTC-26AUG0317-B58125,"$58,000 to 58,249.99",2026-08-03T21:00:00Z,between,58000.0,58249.99,0.0,0.01,0.99,1.0,0.0,0.0,0.0,0,0
kalshi,BTC,range,KXBTC-26AUG0317,KXBTC-26AUG0317-B58375,"$58,250 to 58,499.99",2026-08-03T21:00:00Z,between,58250.0,58499.99,0.0,0.01,0.99,1.0,0.0,0.0,0.0,0,0
kalshi,BTC,range,KXBTC-26AUG0317,KXBTC-26AUG0317-B58625,"$58,500 to 58,749.99",2026-08-03T21:00:00Z,between,58500.0,58749.99,0.0,0.01,0.99,1.0,0.0,0.0,0.0,0,0
kalshi,BTC,range,KXBTC-26AUG0317,KXBTC-26AUG0317-B58875,"$58,750 to 58,999.99",2026-08-03T21:00:00Z,between,58750.0,58999.99,0.0,0.01,0.99,1.0,0.0,0.0,0.0,0,0
kalshi,BTC,range,KXBTC-26AUG0317,KXBTC-26AUG0317-B59125,"$59,000 to 59,249.99",2026-08-03T21:00:00Z,between,59000.0,59249.99,0.0,0.01,0.99,1.0,0.0,0.0,0.0,0,0
kalshi,BTC,range,KXBTC-26AUG0317,KXBTC-26AUG0317-B59375,"$59,250 to 59,499.99",2026-08-03T21:00:00Z,between,59250.0,59499.99,0.0,0.01,0.99,1.0,0.0,0.0,0.0,0,0
kalshi,BTC,range,KXBTC-26AUG0317,KXBTC-26AUG0317-B59625,"$59,500 to 59,749.99",2026-08-03T21:00:00Z,between,59500.0,59749.99,0.0,0.01,0.99,1.0,0.0,0.0,0.0,0,0
kalshi,BTC,range,KXBTC-26AUG0317,KXBTC-26AUG0317-B59875,"$59,750 to 59,999.99",2026-08-03T21:00:00Z,between,59750.0,59999.99,0.0,0.01,0.99,1.0,0.0,0.0,0.0,0,0
kalshi,BTC,range,KXBTC-26AUG0317,KXBTC-26AUG0317-B60125,"$60,000 to 60,249.99",2026-08-03T21:00:00Z,between,60000.0,60249.99,0.0,0.01,0.99,1.0,0.0,0.0,0.0,0,0
kalshi,BTC,range,KXBTC-26AUG0317,KXBTC-26AUG0317-B60375,"$60,250 to 60,499.99",2026-08-03T21:00:00Z,between,60250.0,60499.99,0.0,0.01,0.99,1.0,0.0,0.0,0.0,0,0
kalshi,BTC,range,KXBTC-26AUG0317,KXBTC-26AUG0317-B60625,"$60,500 to 60,749.99",2026-08-03T21:00:00Z,between,60500.0,60749.99,0.0,0.01,0.99,1.0,0.02,13.95,13.95,0,0
kalshi,BTC,range,KXBTC-26AUG0317,KXBTC-26AUG0317-B60875,"$60,750 to 60,999.99",2026-08-03T21:00:00Z,between,60750.0,60999.99,0.0,0.01,0.99,1.0,0.0,0.0,0.0,0,0
kalshi,BTC,range,KXBTC-26AUG0317,KXBTC-26AUG0317-B61125,"$61,000 to 61,249.99",2026-08-03T21:00:00Z,between,61000.0,61249.99,0.0,0.01,0.99,1.0,0.05,18.6,18.6,0,0
kalshi,BTC,range,KXBTC-26AUG0317,KXBTC-26AUG0317-B61375,"$61,250 to 61,499.99",2026-08-03T21:00:00Z,between,61250.0,61499.99,0.0,0.02,0.98,1.0,0.06,15.5,15.5,0,0
kalshi,BTC,range,KXBTC-26AUG0317,KXBTC-26AUG0317-B61625,"$61,500 to 61,749.99",2026-08-03T21:00:00Z,between,61500.0,61749.99,0.0,0.02,0.98,1.0,0.07,13.28,13.28,0,0
kalshi,BTC,range,KXBTC-26AUG0317,KXBTC-26AUG0317-B61875,"$61,750 to 61,999.99",2026-08-03T21:00:00Z,between,61750.0,61999.99,0.0,0.01,0.99,1.0,0.01,8931.42,7941.42,0,0
kalshi,BTC,range,KXBTC-26AUG0317,KXBTC-26AUG0317-B62125,"$62,000 to 62,249.99",2026-08-03T21:00:00Z,between,62000.0,62249.99,0.0,0.03,0.97,1.0,0.02,4458.05,3244.44,0,0
kalshi,BTC,range,KXBTC-26AUG0317,KXBTC-26AUG0317-B62375,"$62,250 to 62,499.99",2026-08-03T21:00:00Z,between,62250.0,62499.99,0.0,0.01,0.99,1.0,0.01,1403.9,986.24,0,0
kalshi,BTC,range,KXBTC-26AUG0317,KXBTC-26AUG0317-B62625,"$62,500 to 62,749.99",2026-08-03T21:00:00Z,between,62500.0,62749.99,0.01,0.03,0.97,0.99,0.06,9425.1,5546.69,0,21332.76
kalshi,BTC,range,KXBTC-26AUG0317,KXBTC-26AUG0317-B62875,"$62,750 to 62,999.99",2026-08-03T21:00:00Z,between,62750.0,62999.99,0.05,0.08,0.92,0.95,0.06,3020.79,1390.55,6139.01,20567.510000000002
kalshi,BTC,range,KXBTC-26AUG0317,KXBTC-26AUG0317-B63125,"$63,000 to 63,249.99",2026-08-03T21:00:00Z,between,63000.0,63249.99,0.1,0.11,0.89,0.9,0.1,7693.75,3290.61,17071.01,15875.4
kalshi,BTC,range,KXBTC-26AUG0317,KXBTC-26AUG0317-B63375,"$63,250 to 63,499.99",2026-08-03T21:00:00Z,between,63250.0,63499.99,0.13,0.15,0.85,0.87,0.14,13796.13,3626.8,14729.01,14293.49
kalshi,BTC,range,KXBTC-26AUG0317,KXBTC-26AUG0317-B63625,"$63,500 to 63,749.99",2026-08-03T21:00:00Z,between,63500.0,63749.99,0.2,0.23,0.77,0.8,0.18,8859.28,5342.73,16193.01,13830.26
kalshi,BTC,range,KXBTC-26AUG0317,KXBTC-26AUG0317-B63875,"$63,750 to 63,999.99",2026-08-03T21:00:00Z,between,63750.0,63999.99,0.17,0.2,0.8,0.83,0.21,7585.2,7107.26,13328.0,12674.34
kalshi,BTC,range,KXBTC-26AUG0317,KXBTC-26AUG0317-B64125,"$64,000 to 64,249.99",2026-08-03T21:00:00Z,between,64000.0,64249.99,0.12,0.14,0.86,0.88,0.12,2154.04,1987.41,17653.0,14721.0
kalshi,BTC,range,KXBTC-26AUG0317,KXBTC-26AUG0317-B64375,"$64,250 to 64,499.99",2026-08-03T21:00:00Z,between,64250.0,64499.99,0.09,0.1,0.9,0.91,0.08,4676.01,4676.0,16591.01,15400.01
kalshi,BTC,range,KXBTC-26AUG0317,KXBTC-26AUG0317-B64625,"$64,500 to 64,749.99",2026-08-03T21:00:00Z,between,64500.0,64749.99,0.03,0.05,0.95,0.97,0.0,0.0,0.0,7429.0,12862.0
kalshi,BTC,range,KXBTC-26AUG0317,KXBTC-26AUG0317-B64875,"$64,750 to 64,999.99",2026-08-03T21:00:00Z,between,64750.0,64999.99,0.0,0.03,0.97,1.0,0.01,450.0,200.0,0,0
kalshi,BTC,range,KXBTC-26AUG0317,KXBTC-26AUG0317-B65125,"$65,000 to 65,249.99",2026-08-03T21:00:00Z,between,65000.0,65249.99,0.0,0.03,0.97,1.0,0.01,6.0,6.0,0,0
kalshi,BTC,range,KXBTC-26AUG0317,KXBTC-26AUG0317-B65375,"$65,250 to 65,499.99",2026-08-03T21:00:00Z,between,65250.0,65499.99,0.0,0.03,0.97,1.0,0.01,111.64,111.64,0,0
kalshi,BTC,range,KXBTC-26AUG0317,KXBTC-26AUG0317-B65625,"$65,500 to 65,749.99",2026-08-03T21:00:00Z,between,65500.0,65749.99,0.0,0.01,0.99,1.0,0.0,0.0,0.0,0,0
kalshi,BTC,range,KXBTC-26AUG0317,KXBTC-26AUG0317-B65875,"$65,750 to 65,999.99",2026-08-03T21:00:00Z,between,65750.0,65999.99,0.0,0.01,0.99,1.0,0.0,0.0,0.0,0,0
kalshi,BTC,range,KXBTC-26AUG0317,KXBTC-26AUG0317-B66125,"$66,000 to 66,249.99",2026-08-03T21:00:00Z,between,66000.0,66249.99,0.0,0.01,0.99,1.0,0.0,0.0,0.0,0,0
kalshi,BTC,range,KXBTC-26AUG0317,KXBTC-26AUG0317-B66375,"$66,250 to 66,499.99",2026-08-03T21:00:00Z,between,66250.0,66499.99,0.0,0.01,0.99,1.0,0.0,0.0,0.0,0,0
kalshi,BTC,range,KXBTC-26AUG0317,KXBTC-26AUG0317-B66625,"$66,500 to 66,749.99",2026-08-03T21:00:00Z,between,66500.0,66749.99,0.0,0.01,0.99,1.0,0.0,0.0,0.0,0,0
kalshi,BTC,range,KXBTC-26AUG0317,KXBTC-26AUG0317-B66875,"$66,750 to 66,999.99",2026-08-03T21:00:00Z,between,66750.0,66999.99,0.0,0.01,0.99,1.0,0.0,0.0,0.0,0,0
kalshi,BTC,range,KXBTC-26AUG0317,KXBTC-26AUG0317-B67125,"$67,000 to 67,249.99",2026-08-03T21:00:00Z,between,67000.0,67249.99,0.0,0.01,0.99,1.0,0.0,0.0,0.0,0,0
kalshi,BTC,range,KXBTC-26AUG0317,KXBTC-26AUG0317-B67375,"$67,250 to 67,499.99",2026-08-03T21:00:00Z,between,67250.0,67499.99,0.0,0.01,0.99,1.0,0.0,0.0,0.0,0,0
kalshi,BTC,range,KXBTC-26AUG0317,KXBTC-26AUG0317-B67625,"$67,500 to 67,749.99",2026-08-03T21:00:00Z,between,67500.0,67749.99,0.0,0.01,0.99,1.0,0.0,0.0,0.0,0,0
kalshi,BTC,range,KXBTC-26AUG0317,KXBTC-26AUG0317-B67875,"$67,750 to 67,999.99",2026-08-03T21:00:00Z,between,67750.0,67999.99,0.0,0.01,0.99,1.0,0.0,0.0,0.0,0,0
kalshi,BTC,range,KXBTC-26AUG0317,KXBTC-26AUG0317-B68125,"$68,000 to 68,249.99",2026-08-03T21:00:00Z,between,68000.0,68249.99,0.0,0.01,0.99,1.0,0.0,0.0,0.0,0,0
kalshi,BTC,range,KXBTC-26AUG0317,KXBTC-26AUG0317-B68375,"$68,250 to 68,499.99",2026-08-03T21:00:00Z,between,68250.0,68499.99,0.0,0.01,0.99,1.0,0.0,0.0,0.0,0,0
kalshi,BTC,range,KXBTC-26AUG0317,KXBTC-26AUG0317-B68625,"$68,500 to 68,749.99",2026-08-03T21:00:00Z,between,68500.0,68749.99,0.0,0.01,0.99,1.0,0.0,0.0,0.0,0,0
kalshi,BTC,range,KXBTC-26AUG0317,KXBTC-26AUG0317-B68875,"$68,750 to 68,999.99",2026-08-03T21:00:00Z,between,68750.0,68999.99,0.0,0.01,0.99,1.0,0.0,0.0,0.0,0,0
kalshi,BTC,range,KXBTC-26AUG0317,KXBTC-26AUG0317-B69125,"$69,000 to 69,249.99",2026-08-03T21:00:00Z,between,69000.0,69249.99,0.0,0.01,0.99,1.0,0.0,0.0,0.0,0,0
kalshi,BTC,range,KXBTC-26AUG0317,KXBTC-26AUG0317-B69375,"$69,250 to 69,499.99",2026-08-03T21:00:00Z,between,69250.0,69499.99,0.0,0.01,0.99,1.0,0.0,0.0,0.0,0,0
kalshi,BTC,range,KXBTC-26AUG0317,KXBTC-26AUG0317-B69625,"$69,500 to 69,749.99",2026-08-03T21:00:00Z,between,69500.0,69749.99,0.0,0.01,0.99,1.0,0.0,0.0,0.0,0,0
kalshi,BTC,range,KXBTC-26AUG0317,KXBTC-26AUG0317-B69875,"$69,750 to 69,999.99",2026-08-03T21:00:00Z,between,69750.0,69999.99,0.0,0.01,0.99,1.0,0.0,0.0,0.0,0,0
kalshi,BTC,range,KXBTC-26AUG0317,KXBTC-26AUG0317-B70125,"$70,000 to 70,249.99",2026-08-03T21:00:00Z,between,70000.0,70249.99,0.0,0.01,0.99,1.0,0.0,0.0,0.0,0,0
kalshi,BTC,range,KXBTC-26AUG0317,KXBTC-26AUG0317-B70375,"$70,250 to 70,499.99",2026-08-03T21:00:00Z,between,70250.0,70499.99,0.0,0.01,0.99,1.0,0.0,0.0,0.0,0,0
kalshi,BTC,range,KXBTC-26AUG0317,KXBTC-26AUG0317-B70625,"$70,500 to 70,749.99",2026-08-03T21:00:00Z,between,70500.0,70749.99,0.0,0.01,0.99,1.0,0.0,0.0,0.0,0,0
kalshi,BTC,range,KXBTC-26AUG0317,KXBTC-26AUG0317-B70875,"$70,750 to 70,999.99",2026-08-03T21:00:00Z,between,70750.0,70999.99,0.0,0.01,0.99,1.0,0.0,0.0,0.0,0,0
kalshi,BTC,range,KXBTC-26AUG0317,KXBTC-26AUG0317-B71125,"$71,000 to 71,249.99",2026-08-03T21:00:00Z,between,71000.0,71249.99,0.0,0.01,0.99,1.0,0.0,0.0,0.0,0,0
kalshi,BTC,range,KXBTC-26AUG0317,KXBTC-26AUG0317-B71375,"$71,250 to 71,499.99",2026-08-03T21:00:00Z,between,71250.0,71499.99,0.0,0.01,0.99,1.0,0.0,0.0,0.0,0,0
kalshi,BTC,range,KXBTC-26AUG0317,KXBTC-26AUG0317-B71625,"$71,500 to 71,749.99",2026-08-03T21:00:00Z,between,71500.0,71749.99,0.0,0.01,0.99,1.0,0.01,9.0,9.0,0,0
kalshi,BTC,range,KXBTC-26AUG0317,KXBTC-26AUG0317-B71875,"$71,750 to 71,999.99",2026-08-03T21:00:00Z,between,71750.0,71999.99,0.0,0.01,0.99,1.0,0.0,0.0,0.0,0,0
kalshi,BTC,range,KXBTC-26AUG0317,KXBTC-26AUG0317-B72125,"$72,000 to 72,249.99",2026-08-03T21:00:00Z,between,72000.0,72249.99,0.0,0.01,0.99,1.0,0.01,9.0,9.0,0,0
kalshi,BTC,range,KXBTC-26AUG0317,KXBTC-26AUG0317-B72375,"$72,250 to 72,499.99",2026-08-03T21:00:00Z,between,72250.0,72499.99,0.0,0.01,0.99,1.0,0.01,4.0,4.0,0,0
kalshi,BTC,range,KXBTC-26AUG0317,KXBTC-26AUG0317-B72625,"$72,500 to 72,749.99",2026-08-03T21:00:00Z,between,72500.0,72749.99,0.0,0.01,0.99,1.0,0.01,5.0,5.0,0,0
kalshi,BTC,range,KXBTC-26AUG0317,KXBTC-26AUG0317-T72749.99,"$72,750 or above",2026-08-03T21:00:00Z,greater,72749.99,,0.0,0.01,0.99,1.0,0.0,0.0,0.0,0,0
kalshi,BTC,range,KXBTC-26AUG0717,KXBTC-26AUG0717-T51500,"$51,499.99 or below",2026-08-07T21:00:00Z,less,,51500.0,0.0,0.01,0.99,1.0,0.0,0.0,0.0,0,0
kalshi,BTC,range,KXBTC-26AUG0717,KXBTC-26AUG0717-B51750,"$51,500 to 51,999.99",2026-08-07T21:00:00Z,between,51500.0,51999.99,0.0,0.01,0.99,1.0,0.0,0.0,0.0,0,0
kalshi,BTC,range,KXBTC-26AUG0717,KXBTC-26AUG0717-B52250,"$52,000 to 52,499.99",2026-08-07T21:00:00Z,between,52000.0,52499.99,0.0,0.01,0.99,1.0,0.0,0.0,0.0,0,0
kalshi,BTC,range,KXBTC-26AUG0717,KXBTC-26AUG0717-B52750,"$52,500 to 52,999.99",2026-08-07T21:00:00Z,between,52500.0,52999.99,0.0,0.01,0.99,1.0,0.0,0.0,0.0,0,0
kalshi,BTC,range,KXBTC-26AUG0717,KXBTC-26AUG0717-B53250,"$53,000 to 53,499.99",2026-08-07T21:00:00Z,between,53000.0,53499.99,0.0,0.01,0.99,1.0,0.0,0.0,0.0,0,0
kalshi,BTC,range,KXBTC-26AUG0717,KXBTC-26AUG0717-B53750,"$53,500 to 53,999.99",2026-08-07T21:00:00Z,between,53500.0,53999.99,0.0,0.01,0.99,1.0,0.0,0.0,0.0,0,0
kalshi,BTC,range,KXBTC-26AUG0717,KXBTC-26AUG0717-B54250,"$54,000 to 54,499.99",2026-08-07T21:00:00Z,between,54000.0,54499.99,0.0,0.01,0.99,1.0,0.0,0.0,0.0,0,0
kalshi,BTC,range,KXBTC-26AUG0717,KXBTC-26AUG0717-B54750,"$54,500 to 54,999.99",2026-08-07T21:00:00Z,between,54500.0,54999.99,0.01,0.02,0.98,0.99,0.01,0.01,0.01,0.48,54743.0
kalshi,BTC,range,KXBTC-26AUG0717,KXBTC-26AUG0717-B55250,"$55,000 to 55,499.99",2026-08-07T21:00:00Z,between,55000.0,55499.99,0.01,0.02,0.98,0.99,0.01,0.01,0.01,0.48,54743.0
kalshi,BTC,range,KXBTC-26AUG0717,KXBTC-26AUG0717-B55750,"$55,500 to 55,999.99",2026-08-07T21:00:00Z,between,55500.0,55999.99,0.01,0.02,0.98,0.99,0.01,0.01,0.01,0.48,54745.0
kalshi,BTC,range,KXBTC-26AUG0717,KXBTC-26AUG0717-B56250,"$56,000 to 56,499.99",2026-08-07T21:00:00Z,between,56000.0,56499.99,0.0,0.01,0.99,1.0,0.02,0.24,0.24,0,0
kalshi,BTC,range,KXBTC-26AUG0717,KXBTC-26AUG0717-B56750,"$56,500 to 56,999.99",2026-08-07T21:00:00Z,between,56500.0,56999.99,0.0,0.02,0.98,1.0,0.02,0.24,0.24,0,0
kalshi,BTC,range,KXBTC-26AUG0717,KXBTC-26AUG0717-B57250,"$57,000 to 57,499.99",2026-08-07T21:00:00Z,between,57000.0,57499.99,0.0,0.02,0.98,1.0,0.02,0.24,0.24,0,0
kalshi,BTC,range,KXBTC-26AUG0717,KXBTC-26AUG0717-B57750,"$57,500 to 57,999.99",2026-08-07T21:00:00Z,between,57500.0,57999.99,0.02,0.03,0.97,0.98,0.02,0.01,0.01,0.23,54744.0
kalshi,BTC,range,KXBTC-26AUG0717,KXBTC-26AUG0717-B58250,"$58,000 to 58,499.99",2026-08-07T21:00:00Z,between,58000.0,58499.99,0.02,0.03,0.97,0.98,0.03,0.17,0.17,0.72,10367.0
kalshi,BTC,range,KXBTC-26AUG0717,KXBTC-26AUG0717-B58750,"$58,500 to 58,999.99",2026-08-07T21:00:00Z,between,58500.0,58999.99,0.02,0.03,0.97,0.98,0.02,0.01,0.01,0.72,9935.0
kalshi,BTC,range,KXBTC-26AUG0717,KXBTC-26AUG0717-B59250,"$59,000 to 59,499.99",2026-08-07T21:00:00Z,between,59000.0,59499.99,0.0,0.03,0.97,1.0,0.02,100.9,100.17,0,0
kalshi,BTC,range,KXBTC-26AUG0717,KXBTC-26AUG0717-B59750,"$59,500 to 59,999.99",2026-08-07T21:00:00Z,between,59500.0,59999.99,0.03,0.04,0.96,0.97,0.04,44.42,44.42,0.16,10213.630000000001
kalshi,BTC,range,KXBTC-26AUG0717,KXBTC-26AUG0717-B60250,"$60,000 to 60,499.99",2026-08-07T21:00:00Z,between,60000.0,60499.99,0.01,0.03,0.97,0.99,0.04,4044.76,4044.76,5375.0,40075.0
kalshi,BTC,range,KXBTC-26AUG0717,KXBTC-26AUG0717-B60750,"$60,500 to 60,999.99",2026-08-07T21:00:00Z,between,60500.0,60999.99,0.04,0.05,0.95,0.96,0.05,4318.1,4318.1,6500.01,40526.39000000001
kalshi,BTC,range,KXBTC-26AUG0717,KXBTC-26AUG0717-B61250,"$61,000 to 61,499.99",2026-08-07T21:00:00Z,between,61000.0,61499.99,0.05,0.06,0.94,0.95,0.06,691.63,691.62,5307.09,10254.630000000001
kalshi,BTC,range,KXBTC-26AUG0717,KXBTC-26AUG0717-B61750,"$61,500 to 61,999.99",2026-08-07T21:00:00Z,between,61500.0,61999.99,0.06,0.07,0.93,0.94,0.05,3269.69,1876.01,15219.02,37435.0
kalshi,BTC,range,KXBTC-26AUG0717,KXBTC-26AUG0717-B62250,"$62,000 to 62,499.99",2026-08-07T21:00:00Z,between,62000.0,62499.99,0.07,0.08,0.92,0.93,0.07,5213.99,3531.87,13041.01,40032.780000000006
kalshi,BTC,range,KXBTC-26AUG0717,KXBTC-26AUG0717-B62750,"$62,500 to 62,999.99",2026-08-07T21:00:00Z,between,62500.0,62999.99,0.08,0.1,0.9,0.92,0.09,10022.19,6212.73,13216.699999999999,35058.979999999996
kalshi,BTC,range,KXBTC-26AUG0717,KXBTC-26AUG0717-B63250,"$63,000 to 63,499.99",2026-08-07T21:00:00Z,between,63000.0,63499.99,0.1,0.12,0.88,0.9,0.12,24630.97,14388.2,14651.379999999997,41530.33
kalshi,BTC,range,KXBTC-26AUG0717,KXBTC-26AUG0717-B63750,"$63,500 to 63,999.99",2026-08-07T21:00:00Z,between,63500.0,63999.99,0.1,0.11,0.89,0.9,0.11,7747.45,5915.6,13443.26,32685.929999999997
kalshi,BTC,range,KXBTC-26AUG0717,KXBTC-26AUG0717-B64250,"$64,000 to 64,499.99",2026-08-07T21:00:00Z,between,64000.0,64499.99,0.08,0.1,0.9,0.92,0.08,6247.36,4865.23,13574.81,35686.96
kalshi,BTC,range,KXBTC-26AUG0717,KXBTC-26AUG0717-B64750,"$64,500 to 64,999.99",2026-08-07T21:00:00Z,between,64500.0,64999.99,0.08,0.09,0.91,0.92,0.08,3045.1,2897.04,17446.28,32433.379999999997
kalshi,BTC,range,KXBTC-26AUG0717,KXBTC-26AUG0717-B65250,"$65,000 to 65,499.99",2026-08-07T21:00:00Z,between,65000.0,65499.99,0.06,0.09,0.91,0.94,0.06,2192.48,1653.44,16075.01,31649.789999999997
kalshi,BTC,range,KXBTC-26AUG0717,KXBTC-26AUG0717-B65750,"$65,500 to 65,999.99",2026-08-07T21:00:00Z,between,65500.0,65999.99,0.05,0.07,0.93,0.95,0.06,737.54,342.41,14966.0,35265.75
kalshi,BTC,range,KXBTC-26AUG0717,KXBTC-26AUG0717-B66250,"$66,000 to 66,499.99",2026-08-07T21:00:00Z,between,66000.0,66499.99,0.03,0.05,0.95,0.97,0.04,687.66,461.54,12357.47,36837.369999999995
kalshi,BTC,range,KXBTC-26AUG0717,KXBTC-26AUG0717-B66750,"$66,500 to 66,999.99",2026-08-07T21:00:00Z,between,66500.0,66999.99,0.01,0.05,0.95,0.99,0.02,601.87,317.62,5000.0,10175.0
kalshi,BTC,range,KXBTC-26AUG0717,KXBTC-26AUG0717-B67250,"$67,000 to 67,499.99",2026-08-07T21:00:00Z,between,67000.0,67499.99,0.01,0.02,0.98,0.99,0.02,1167.33,1098.09,0.01,32986.01
kalshi,BTC,range,KXBTC-26AUG0717,KXBTC-26AUG0717-B67750,"$67,500 to 67,999.99",2026-08-07T21:00:00Z,between,67500.0,67999.99,0.01,0.02,0.98,0.99,0.01,979.82,979.82,0.48,38245.01
kalshi,BTC,range,KXBTC-26AUG0717,KXBTC-26AUG0717-B68250,"$68,000 to 68,499.99",2026-08-07T21:00:00Z,between,68000.0,68499.99,0.01,0.03,0.97,0.99,0.01,0.01,0.01,0.48,10198.0
kalshi,BTC,range,KXBTC-26AUG0717,KXBTC-26AUG0717-B68750,"$68,500 to 68,999.99",2026-08-07T21:00:00Z,between,68500.0,68999.99,0.01,0.02,0.98,0.99,0.01,0.01,0.01,0.48,10240.0
kalshi,BTC,range,KXBTC-26AUG0717,KXBTC-26AUG0717-B69250,"$69,000 to 69,499.99",2026-08-07T21:00:00Z,between,69000.0,69499.99,0.01,0.02,0.98,0.99,0.01,0.01,0.01,0.48,9980.0
kalshi,BTC,range,KXBTC-26AUG0717,KXBTC-26AUG0717-B69750,"$69,500 to 69,999.99",2026-08-07T21:00:00Z,between,69500.0,69999.99,0.01,0.02,0.98,0.99,0.01,0.01,0.01,0.48,9758.0
kalshi,BTC,range,KXBTC-26AUG0717,KXBTC-26AUG0717-B70250,"$70,000 to 70,499.99",2026-08-07T21:00:00Z,between,70000.0,70499.99,0.01,0.02,0.98,0.99,0.01,0.01,0.01,0.48,9962.0
kalshi,BTC,range,KXBTC-26AUG0717,KXBTC-26AUG0717-B70750,"$70,500 to 70,999.99",2026-08-07T21:00:00Z,between,70500.0,70999.99,0.01,0.02,0.98,0.99,0.01,0.01,0.01,0.48,54845.0
kalshi,BTC,range,KXBTC-26AUG0717,KXBTC-26AUG0717-B71250,"$71,000 to 71,499.99",2026-08-07T21:00:00Z,between,71000.0,71499.99,0.0,0.01,0.99,1.0,0.0,0.0,0.0,0,0
kalshi,BTC,range,KXBTC-26AUG0717,KXBTC-26AUG0717-B71750,"$71,500 to 71,999.99",2026-08-07T21:00:00Z,between,71500.0,71999.99,0.0,0.01,0.99,1.0,0.0,0.0,0.0,0,0
kalshi,BTC,range,KXBTC-26AUG0717,KXBTC-26AUG0717-B72250,"$72,000 to 72,499.99",2026-08-07T21:00:00Z,between,72000.0,72499.99,0.0,0.01,0.99,1.0,0.0,0.0,0.0,0,0
kalshi,BTC,range,KXBTC-26AUG0717,KXBTC-26AUG0717-B72750,"$72,500 to 72,999.99",2026-08-07T21:00:00Z,between,72500.0,72999.99,0.0,0.01,0.99,1.0,0.0,0.0,0.0,0,0
kalshi,BTC,range,KXBTC-26AUG0717,KXBTC-26AUG0717-B73250,"$73,000 to 73,499.99",2026-08-07T21:00:00Z,between,73000.0,73499.99,0.0,0.01,0.99,1.0,0.0,0.0,0.0,0,0
kalshi,BTC,range,KXBTC-26AUG0717,KXBTC-26AUG0717-B73750,"$73,500 to 73,999.99",2026-08-07T21:00:00Z,between,73500.0,73999.99,0.0,0.01,0.99,1.0,0.0,0.0,0.0,0,0
kalshi,BTC,range,KXBTC-26AUG0717,KXBTC-26AUG0717-B74250,"$74,000 to 74,499.99",2026-08-07T21:00:00Z,between,74000.0,74499.99,0.0,0.01,0.99,1.0,0.0,0.0,0.0,0,0
kalshi,BTC,range,KXBTC-26AUG0717,KXBTC-26AUG0717-B74750,"$74,500 to 74,999.99",2026-08-07T21:00:00Z,between,74500.0,74999.99,0.0,0.01,0.99,1.0,0.0,0.0,0.0,0,0
kalshi,BTC,range,KXBTC-26AUG0717,KXBTC-26AUG0717-B75250,"$75,000 to 75,499.99",2026-08-07T21:00:00Z,between,75000.0,75499.99,0.0,0.01,0.99,1.0,0.0,0.0,0.0,0,0
kalshi,BTC,range,KXBTC-26AUG0717,KXBTC-26AUG0717-T75499.99,"$75,500 or above",2026-08-07T21:00:00Z,greater,75499.99,,0.0,0.01,0.99,1.0,0.0,0.0,0.0,0,0
kalshi,BTC,above,KXBTCD-26AUG0312,KXBTCD-26AUG0312-T53599.99,"$53,600 or above",2026-08-03T16:00:00Z,greater,53599.99,,0.99,1.0,0.0,0.01,0.99,1029.7,1029.7,0,0
kalshi,BTC,above,KXBTCD-26AUG0312,KXBTCD-26AUG0312-T53699.99,"$53,700 or above",2026-08-03T16:00:00Z,greater,53699.99,,0.99,1.0,0.0,0.01,0.0,0.0,0.0,0,0
kalshi,BTC,above,KXBTCD-26AUG0312,KXBTCD-26AUG0312-T53799.99,"$53,800 or above",2026-08-03T16:00:00Z,greater,53799.99,,0.99,1.0,0.0,0.01,0.99,281.55,281.55,0,0
kalshi,BTC,above,KXBTCD-26AUG0312,KXBTCD-26AUG0312-T53899.99,"$53,900 or above",2026-08-03T16:00:00Z,greater,53899.99,,0.99,1.0,0.0,0.01,0.0,0.0,0.0,0,0
kalshi,BTC,above,KXBTCD-26AUG0312,KXBTCD-26AUG0312-T53999.99,"$54,000 or above",2026-08-03T16:00:00Z,greater,53999.99,,0.99,1.0,0.0,0.01,0.0,0.0,0.0,0,0
kalshi,BTC,above,KXBTCD-26AUG0312,KXBTCD-26AUG0312-T54099.99,"$54,100 or above",2026-08-03T16:00:00Z,greater,54099.99,,0.99,1.0,0.0,0.01,0.0,0.0,0.0,0,0
kalshi,BTC,above,KXBTCD-26AUG0312,KXBTCD-26AUG0312-T54199.99,"$54,200 or above",2026-08-03T16:00:00Z,greater,54199.99,,0.99,1.0,0.0,0.01,0.0,0.0,0.0,0,0
kalshi,BTC,above,KXBTCD-26AUG0312,KXBTCD-26AUG0312-T54299.99,"$54,300 or above",2026-08-03T16:00:00Z,greater,54299.99,,0.99,1.0,0.0,0.01,0.0,0.0,0.0,0,0
kalshi,BTC,above,KXBTCD-26AUG0312,KXBTCD-26AUG0312-T54399.99,"$54,400 or above",2026-08-03T16:00:00Z,greater,54399.99,,0.99,1.0,0.0,0.01,0.0,0.0,0.0,0,0
kalshi,BTC,above,KXBTCD-26AUG0312,KXBTCD-26AUG0312-T54499.99,"$54,500 or above",2026-08-03T16:00:00Z,greater,54499.99,,0.99,1.0,0.0,0.01,0.0,0.0,0.0,0,0
kalshi,BTC,above,KXBTCD-26AUG0312,KXBTCD-26AUG0312-T54599.99,"$54,600 or above",2026-08-03T16:00:00Z,greater,54599.99,,0.99,1.0,0.0,0.01,0.0,0.0,0.0,0,0
kalshi,BTC,above,KXBTCD-26AUG0312,KXBTCD-26AUG0312-T54699.99,"$54,700 or above",2026-08-03T16:00:00Z,greater,54699.99,,0.99,1.0,0.0,0.01,0.0,0.0,0.0,0,0
kalshi,BTC,above,KXBTCD-26AUG0312,KXBTCD-26AUG0312-T54799.99,"$54,800 or above",2026-08-03T16:00:00Z,greater,54799.99,,0.99,1.0,0.0,0.01,0.0,0.0,0.0,0,0
kalshi,BTC,above,KXBTCD-26AUG0312,KXBTCD-26AUG0312-T54899.99,"$54,900 or above",2026-08-03T16:00:00Z,greater,54899.99,,0.99,1.0,0.0,0.01,0.0,0.0,0.0,0,0
kalshi,BTC,above,KXBTCD-26AUG0312,KXBTCD-26AUG0312-T54999.99,"$55,000 or above",2026-08-03T16:00:00Z,greater,54999.99,,0.99,1.0,0.0,0.01,0.0,0.0,0.0,0,0
kalshi,BTC,above,KXBTCD-26AUG0312,KXBTCD-26AUG0312-T55099.99,"$55,100 or above",2026-08-03T16:00:00Z,greater,55099.99,,0.99,1.0,0.0,0.01,0.0,0.0,0.0,0,0
kalshi,BTC,above,KXBTCD-26AUG0312,KXBTCD-26AUG0312-T55199.99,"$55,200 or above",2026-08-03T16:00:00Z,greater,55199.99,,0.99,1.0,0.0,0.01,0.0,0.0,0.0,0,0
kalshi,BTC,above,KXBTCD-26AUG0312,KXBTCD-26AUG0312-T55299.99,"$55,300 or above",2026-08-03T16:00:00Z,greater,55299.99,,0.99,1.0,0.0,0.01,0.0,0.0,0.0,0,0
kalshi,BTC,above,KXBTCD-26AUG0312,KXBTCD-26AUG0312-T55399.99,"$55,400 or above",2026-08-03T16:00:00Z,greater,55399.99,,0.99,1.0,0.0,0.01,0.0,0.0,0.0,0,0
kalshi,BTC,above,KXBTCD-26AUG0312,KXBTCD-26AUG0312-T55499.99,"$55,500 or above",2026-08-03T16:00:00Z,greater,55499.99,,0.99,1.0,0.0,0.01,0.0,0.0,0.0,0,0
kalshi,BTC,above,KXBTCD-26AUG0312,KXBTCD-26AUG0312-T55599.99,"$55,600 or above",2026-08-03T16:00:00Z,greater,55599.99,,0.99,1.0,0.0,0.01,0.0,0.0,0.0,0,0
kalshi,BTC,above,KXBTCD-26AUG0312,KXBTCD-26AUG0312-T55699.99,"$55,700 or above",2026-08-03T16:00:00Z,greater,55699.99,,0.99,1.0,0.0,0.01,0.0,0.0,0.0,0,0
kalshi,BTC,above,KXBTCD-26AUG0312,KXBTCD-26AUG0312-T55799.99,"$55,800 or above",2026-08-03T16:00:00Z,greater,55799.99,,0.99,1.0,0.0,0.01,0.0,0.0,0.0,0,0
kalshi,BTC,above,KXBTCD-26AUG0312,KXBTCD-26AUG0312-T55899.99,"$55,900 or above",2026-08-03T16:00:00Z,greater,55899.99,,0.99,1.0,0.0,0.01,0.0,0.0,0.0,0,0
kalshi,BTC,above,KXBTCD-26AUG0312,KXBTCD-26AUG0312-T55999.99,"$56,000 or above",2026-08-03T16:00:00Z,greater,55999.99,,0.99,1.0,0.0,0.01,0.0,0.0,0.0,0,0
kalshi,BTC,above,KXBTCD-26AUG0312,KXBTCD-26AUG0312-T56099.99,"$56,100 or above",2026-08-03T16:00:00Z,greater,56099.99,,0.99,1.0,0.0,0.01,0.0,0.0,0.0,0,0
kalshi,BTC,above,KXBTCD-26AUG0312,KXBTCD-26AUG0312-T56199.99,"$56,200 or above",2026-08-03T16:00:00Z,greater,56199.99,,0.99,1.0,0.0,0.01,0.0,0.0,0.0,0,0
kalshi,BTC,above,KXBTCD-26AUG0312,KXBTCD-26AUG0312-T56299.99,"$56,300 or above",2026-08-03T16:00:00Z,greater,56299.99,,0.99,1.0,0.0,0.01,0.0,0.0,0.0,0,0
kalshi,BTC,above,KXBTCD-26AUG0312,KXBTCD-26AUG0312-T56399.99,"$56,400 or above",2026-08-03T16:00:00Z,greater,56399.99,,0.99,1.0,0.0,0.01,0.0,0.0,0.0,0,0
kalshi,BTC,above,KXBTCD-26AUG0312,KXBTCD-26AUG0312-T56499.99,"$56,500 or above",2026-08-03T16:00:00Z,greater,56499.99,,0.99,1.0,0.0,0.01,0.0,0.0,0.0,0,0
kalshi,BTC,above,KXBTCD-26AUG0312,KXBTCD-26AUG0312-T56599.99,"$56,600 or above",2026-08-03T16:00:00Z,greater,56599.99,,0.99,1.0,0.0,0.01,0.0,0.0,0.0,0,0
kalshi,BTC,above,KXBTCD-26AUG0312,KXBTCD-26AUG0312-T56699.99,"$56,700 or above",2026-08-03T16:00:00Z,greater,56699.99,,0.99,1.0,0.0,0.01,0.0,0.0,0.0,0,0
kalshi,BTC,above,KXBTCD-26AUG0312,KXBTCD-26AUG0312-T56799.99,"$56,800 or above",2026-08-03T16:00:00Z,greater,56799.99,,0.99,1.0,0.0,0.01,0.0,0.0,0.0,0,0
kalshi,BTC,above,KXBTCD-26AUG0312,KXBTCD-26AUG0312-T56899.99,"$56,900 or above",2026-08-03T16:00:00Z,greater,56899.99,,0.99,1.0,0.0,0.01,0.0,0.0,0.0,0,0
kalshi,BTC,above,KXBTCD-26AUG0312,KXBTCD-26AUG0312-T56999.99,"$57,000 or above",2026-08-03T16:00:00Z,greater,56999.99,,0.99,1.0,0.0,0.01,0.0,0.0,0.0,0,0
kalshi,BTC,above,KXBTCD-26AUG0312,KXBTCD-26AUG0312-T57099.99,"$57,100 or above",2026-08-03T16:00:00Z,greater,57099.99,,0.99,1.0,0.0,0.01,0.0,0.0,0.0,0,0
kalshi,BTC,above,KXBTCD-26AUG0312,KXBTCD-26AUG0312-T57199.99,"$57,200 or above",2026-08-03T16:00:00Z,greater,57199.99,,0.99,1.0,0.0,0.01,0.0,0.0,0.0,0,0
kalshi,BTC,above,KXBTCD-26AUG0312,KXBTCD-26AUG0312-T57299.99,"$57,300 or above",2026-08-03T16:00:00Z,greater,57299.99,,0.99,1.0,0.0,0.01,0.0,0.0,0.0,0,0
kalshi,BTC,above,KXBTCD-26AUG0312,KXBTCD-26AUG0312-T57399.99,"$57,400 or above",2026-08-03T16:00:00Z,greater,57399.99,,0.99,1.0,0.0,0.01,0.0,0.0,0.0,0,0
kalshi,BTC,above,KXBTCD-26AUG0312,KXBTCD-26AUG0312-T57499.99,"$57,500 or above",2026-08-03T16:00:00Z,greater,57499.99,,0.99,1.0,0.0,0.01,0.0,0.0,0.0,0,0
kalshi,BTC,above,KXBTCD-26AUG0312,KXBTCD-26AUG0312-T57599.99,"$57,600 or above",2026-08-03T16:00:00Z,greater,57599.99,,0.99,1.0,0.0,0.01,0.0,0.0,0.0,0,0
kalshi,BTC,above,KXBTCD-26AUG0312,KXBTCD-26AUG0312-T57699.99,"$57,700 or above",2026-08-03T16:00:00Z,greater,57699.99,,0.99,1.0,0.0,0.01,0.0,0.0,0.0,0,0
kalshi,BTC,above,KXBTCD-26AUG0312,KXBTCD-26AUG0312-T57799.99,"$57,800 or above",2026-08-03T16:00:00Z,greater,57799.99,,0.99,1.0,0.0,0.01,0.0,0.0,0.0,0,0
kalshi,BTC,above,KXBTCD-26AUG0312,KXBTCD-26AUG0312-T57899.99,"$57,900 or above",2026-08-03T16:00:00Z,greater,57899.99,,0.99,1.0,0.0,0.01,0.0,0.0,0.0,0,0
kalshi,BTC,above,KXBTCD-26AUG0312,KXBTCD-26AUG0312-T57999.99,"$58,000 or above",2026-08-03T16:00:00Z,greater,57999.99,,0.99,1.0,0.0,0.01,0.0,0.0,0.0,0,0
kalshi,BTC,above,KXBTCD-26AUG0312,KXBTCD-26AUG0312-T58099.99,"$58,100 or above",2026-08-03T16:00:00Z,greater,58099.99,,0.99,1.0,0.0,0.01,0.0,0.0,0.0,0,0
kalshi,BTC,above,KXBTCD-26AUG0312,KXBTCD-26AUG0312-T58199.99,"$58,200 or above",2026-08-03T16:00:00Z,greater,58199.99,,0.99,1.0,0.0,0.01,0.0,0.0,0.0,0,0
kalshi,BTC,above,KXBTCD-26AUG0312,KXBTCD-26AUG0312-T58299.99,"$58,300 or above",2026-08-03T16:00:00Z,greater,58299.99,,0.99,1.0,0.0,0.01,0.0,0.0,0.0,0,0
kalshi,BTC,above,KXBTCD-26AUG0312,KXBTCD-26AUG0312-T58399.99,"$58,400 or above",2026-08-03T16:00:00Z,greater,58399.99,,0.99,1.0,0.0,0.01,0.0,0.0,0.0,0,0
kalshi,BTC,above,KXBTCD-26AUG0312,KXBTCD-26AUG0312-T58499.99,"$58,500 or above",2026-08-03T16:00:00Z,greater,58499.99,,0.99,1.0,0.0,0.01,0.0,0.0,0.0,0,0
kalshi,BTC,above,KXBTCD-26AUG0312,KXBTCD-26AUG0312-T58599.99,"$58,600 or above",2026-08-03T16:00:00Z,greater,58599.99,,0.99,1.0,0.0,0.01,0.0,0.0,0.0,0,0
kalshi,BTC,above,KXBTCD-26AUG0312,KXBTCD-26AUG0312-T58699.99,"$58,700 or above",2026-08-03T16:00:00Z,greater,58699.99,,0.99,1.0,0.0,0.01,0.0,0.0,0.0,0,0
kalshi,BTC,above,KXBTCD-26AUG0312,KXBTCD-26AUG0312-T58799.99,"$58,800 or above",2026-08-03T16:00:00Z,greater,58799.99,,0.99,1.0,0.0,0.01,0.0,0.0,0.0,0,0
kalshi,BTC,above,KXBTCD-26AUG0312,KXBTCD-26AUG0312-T58899.99,"$58,900 or above",2026-08-03T16:00:00Z,greater,58899.99,,0.99,1.0,0.0,0.01,0.0,0.0,0.0,0,0
kalshi,BTC,above,KXBTCD-26AUG0312,KXBTCD-26AUG0312-T58999.99,"$59,000 or above",2026-08-03T16:00:00Z,greater,58999.99,,0.99,1.0,0.0,0.01,0.0,0.0,0.0,0,0
kalshi,BTC,above,KXBTCD-26AUG0312,KXBTCD-26AUG0312-T59099.99,"$59,100 or above",2026-08-03T16:00:00Z,greater,59099.99,,0.99,1.0,0.0,0.01,0.0,0.0,0.0,0,0
kalshi,BTC,above,KXBTCD-26AUG0312,KXBTCD-26AUG0312-T59199.99,"$59,200 or above",2026-08-03T16:00:00Z,greater,59199.99,,0.99,1.0,0.0,0.01,0.0,0.0,0.0,0,0
kalshi,BTC,above,KXBTCD-26AUG0312,KXBTCD-26AUG0312-T59299.99,"$59,300 or above",2026-08-03T16:00:00Z,greater,59299.99,,0.99,1.0,0.0,0.01,0.0,0.0,0.0,0,0
kalshi,BTC,above,KXBTCD-26AUG0312,KXBTCD-26AUG0312-T59399.99,"$59,400 or above",2026-08-03T16:00:00Z,greater,59399.99,,0.99,1.0,0.0,0.01,0.0,0.0,0.0,0,0
kalshi,BTC,above,KXBTCD-26AUG0312,KXBTCD-26AUG0312-T59499.99,"$59,500 or above",2026-08-03T16:00:00Z,greater,59499.99,,0.99,1.0,0.0,0.01,0.0,0.0,0.0,0,0
kalshi,BTC,above,KXBTCD-26AUG0312,KXBTCD-26AUG0312-T59599.99,"$59,600 or above",2026-08-03T16:00:00Z,greater,59599.99,,0.99,1.0,0.0,0.01,0.0,0.0,0.0,0,0
kalshi,BTC,above,KXBTCD-26AUG0312,KXBTCD-26AUG0312-T59699.99,"$59,700 or above",2026-08-03T16:00:00Z,greater,59699.99,,0.99,1.0,0.0,0.01,0.0,0.0,0.0,0,0
kalshi,BTC,above,KXBTCD-26AUG0312,KXBTCD-26AUG0312-T59799.99,"$59,800 or above",2026-08-03T16:00:00Z,greater,59799.99,,0.99,1.0,0.0,0.01,0.0,0.0,0.0,0,0
kalshi,BTC,above,KXBTCD-26AUG0312,KXBTCD-26AUG0312-T59899.99,"$59,900 or above",2026-08-03T16:00:00Z,greater,59899.99,,0.99,1.0,0.0,0.01,0.0,0.0,0.0,0,0
kalshi,BTC,above,KXBTCD-26AUG0312,KXBTCD-26AUG0312-T59999.99,"$60,000 or above",2026-08-03T16:00:00Z,greater,59999.99,,0.99,1.0,0.0,0.01,0.0,0.0,0.0,0,0
kalshi,BTC,above,KXBTCD-26AUG0312,KXBTCD-26AUG0312-T60099.99,"$60,100 or above",2026-08-03T16:00:00Z,greater,60099.99,,0.99,1.0,0.0,0.01,0.0,0.0,0.0,0,0
kalshi,BTC,above,KXBTCD-26AUG0312,KXBTCD-26AUG0312-T60199.99,"$60,200 or above",2026-08-03T16:00:00Z,greater,60199.99,,0.99,1.0,0.0,0.01,0.0,0.0,0.0,0,0
kalshi,BTC,above,KXBTCD-26AUG0312,KXBTCD-26AUG0312-T60299.99,"$60,300 or above",2026-08-03T16:00:00Z,greater,60299.99,,0.99,1.0,0.0,0.01,0.0,0.0,0.0,0,0
kalshi,BTC,above,KXBTCD-26AUG0312,KXBTCD-26AUG0312-T60399.99,"$60,400 or above",2026-08-03T16:00:00Z,greater,60399.99,,0.99,1.0,0.0,0.01,0.0,0.0,0.0,0,0
kalshi,BTC,above,KXBTCD-26AUG0312,KXBTCD-26AUG0312-T60499.99,"$60,500 or above",2026-08-03T16:00:00Z,greater,60499.99,,0.99,1.0,0.0,0.01,0.0,0.0,0.0,0,0
kalshi,BTC,above,KXBTCD-26AUG0312,KXBTCD-26AUG0312-T60599.99,"$60,600 or above",2026-08-03T16:00:00Z,greater,60599.99,,0.99,1.0,0.0,0.01,0.0,0.0,0.0,0,0
kalshi,BTC,above,KXBTCD-26AUG0312,KXBTCD-26AUG0312-T60699.99,"$60,700 or above",2026-08-03T16:00:00Z,greater,60699.99,,0.99,1.0,0.0,0.01,0.0,0.0,0.0,0,0
kalshi,BTC,above,KXBTCD-26AUG0312,KXBTCD-26AUG0312-T60799.99,"$60,800 or above",2026-08-03T16:00:00Z,greater,60799.99,,0.99,1.0,0.0,0.01,0.0,0.0,0.0,0,0
kalshi,BTC,above,KXBTCD-26AUG0312,KXBTCD-26AUG0312-T60899.99,"$60,900 or above",2026-08-03T16:00:00Z,greater,60899.99,,0.99,1.0,0.0,0.01,0.0,0.0,0.0,0,0
kalshi,BTC,above,KXBTCD-26AUG0312,KXBTCD-26AUG0312-T60999.99,"$61,000 or above",2026-08-03T16:00:00Z,greater,60999.99,,0.99,1.0,0.0,0.01,0.0,0.0,0.0,0,0
kalshi,BTC,above,KXBTCD-26AUG0312,KXBTCD-26AUG0312-T61099.99,"$61,100 or above",2026-08-03T16:00:00Z,greater,61099.99,,0.99,1.0,0.0,0.01,0.0,0.0,0.0,0,0
kalshi,BTC,above,KXBTCD-26AUG0312,KXBTCD-26AUG0312-T61199.99,"$61,200 or above",2026-08-03T16:00:00Z,greater,61199.99,,0.99,1.0,0.0,0.01,0.0,0.0,0.0,0,0
kalshi,BTC,above,KXBTCD-26AUG0312,KXBTCD-26AUG0312-T61299.99,"$61,300 or above",2026-08-03T16:00:00Z,greater,61299.99,,0.99,1.0,0.0,0.01,0.0,0.0,0.0,0,0
kalshi,BTC,above,KXBTCD-26AUG0312,KXBTCD-26AUG0312-T61399.99,"$61,400 or above",2026-08-03T16:00:00Z,greater,61399.99,,0.99,1.0,0.0,0.01,0.0,0.0,0.0,0,0
kalshi,BTC,above,KXBTCD-26AUG0312,KXBTCD-26AUG0312-T61499.99,"$61,500 or above",2026-08-03T16:00:00Z,greater,61499.99,,0.99,1.0,0.0,0.01,0.0,0.0,0.0,0,0
kalshi,BTC,above,KXBTCD-26AUG0312,KXBTCD-26AUG0312-T61599.99,"$61,600 or above",2026-08-03T16:00:00Z,greater,61599.99,,0.99,1.0,0.0,0.01,0.0,0.0,0.0,0,0
kalshi,BTC,above,KXBTCD-26AUG0312,KXBTCD-26AUG0312-T61699.99,"$61,700 or above",2026-08-03T16:00:00Z,greater,61699.99,,0.99,1.0,0.0,0.01,0.0,0.0,0.0,0,0
kalshi,BTC,above,KXBTCD-26AUG0312,KXBTCD-26AUG0312-T61799.99,"$61,800 or above",2026-08-03T16:00:00Z,greater,61799.99,,0.99,1.0,0.0,0.01,0.0,0.0,0.0,0,0
kalshi,BTC,above,KXBTCD-26AUG0312,KXBTCD-26AUG0312-T61899.99,"$61,900 or above",2026-08-03T16:00:00Z,greater,61899.99,,0.99,1.0,0.0,0.01,0.0,0.0,0.0,0,0
kalshi,BTC,above,KXBTCD-26AUG0312,KXBTCD-26AUG0312-T61999.99,"$62,000 or above",2026-08-03T16:00:00Z,greater,61999.99,,0.99,1.0,0.0,0.01,0.0,0.0,0.0,0,0
kalshi,BTC,above,KXBTCD-26AUG0312,KXBTCD-26AUG0312-T62099.99,"$62,100 or above",2026-08-03T16:00:00Z,greater,62099.99,,0.99,1.0,0.0,0.01,0.0,0.0,0.0,0,0
kalshi,BTC,above,KXBTCD-26AUG0312,KXBTCD-26AUG0312-T62199.99,"$62,200 or above",2026-08-03T16:00:00Z,greater,62199.99,,0.99,1.0,0.0,0.01,0.0,0.0,0.0,0,0
kalshi,BTC,above,KXBTCD-26AUG0312,KXBTCD-26AUG0312-T62299.99,"$62,300 or above",2026-08-03T16:00:00Z,greater,62299.99,,0.99,1.0,0.0,0.01,0.0,0.0,0.0,0,0
kalshi,BTC,above,KXBTCD-26AUG0312,KXBTCD-26AUG0312-T62399.99,"$62,400 or above",2026-08-03T16:00:00Z,greater,62399.99,,0.99,1.0,0.0,0.01,0.0,0.0,0.0,0,0
kalshi,BTC,above,KXBTCD-26AUG0312,KXBTCD-26AUG0312-T62499.99,"$62,500 or above",2026-08-03T16:00:00Z,greater,62499.99,,0.99,1.0,0.0,0.01,0.99,340.15,340.15,0,0
kalshi,BTC,above,KXBTCD-26AUG0312,KXBTCD-26AUG0312-T62599.99,"$62,600 or above",2026-08-03T16:00:00Z,greater,62599.99,,0.99,1.0,0.0,0.01,0.99,346.17,346.17,0,0
kalshi,BTC,above,KXBTCD-26AUG0312,KXBTCD-26AUG0312-T62699.99,"$62,700 or above",2026-08-03T16:00:00Z,greater,62699.99,,0.99,1.0,0.0,0.01,0.99,94.51,94.51,0,0
kalshi,BTC,above,KXBTCD-26AUG0312,KXBTCD-26AUG0312-T62799.99,"$62,800 or above",2026-08-03T16:00:00Z,greater,62799.99,,0.99,1.0,0.0,0.01,0.99,94.51,94.51,0,0
kalshi,BTC,above,KXBTCD-26AUG0312,KXBTCD-26AUG0312-T62899.99,"$62,900 or above",2026-08-03T16:00:00Z,greater,62899.99,,0.99,1.0,0.0,0.01,0.99,147.79,147.79,0,0
kalshi,BTC,above,KXBTCD-26AUG0312,KXBTCD-26AUG0312-T62999.99,"$63,000 or above",2026-08-03T16:00:00Z,greater,62999.99,,0.99,1.0,0.0,0.01,0.98,2428.52,1686.05,0,0
kalshi,BTC,above,KXBTCD-26AUG0312,KXBTCD-26AUG0312-T63099.99,"$63,100 or above",2026-08-03T16:00:00Z,greater,63099.99,,0.99,1.0,0.0,0.01,0.97,12193.49,8148.69,0,0
kalshi,BTC,above,KXBTCD-26AUG0312,KXBTCD-26AUG0312-T63199.99,"$63,200 or above",2026-08-03T16:00:00Z,greater,63199.99,,0.99,1.0,0.0,0.01,0.98,24006.65,17200.46,0,0
kalshi,BTC,above,KXBTCD-26AUG0312,KXBTCD-26AUG0312-T63299.99,"$63,300 or above",2026-08-03T16:00:00Z,greater,63299.99,,0.97,0.98,0.02,0.03,0.98,42472.8,34239.8,308147.92,3996.88
kalshi,BTC,above,KXBTCD-26AUG0312,KXBTCD-26AUG0312-T63399.99,"$63,400 or above",2026-08-03T16:00:00Z,greater,63399.99,,0.94,0.96,0.04,0.06,0.95,68746.27,54319.45,307707.91000000003,6701.139999999999
kalshi,BTC,above,KXBTCD-26AUG0312,KXBTCD-26AUG0312-T63499.99,"$63,500 or above",2026-08-03T16:00:00Z,greater,63499.99,,0.86,0.88,0.12,0.14,0.87,78672.42,47806.2,221287.88999999998,111412.11
kalshi,BTC,above,KXBTCD-26AUG0312,KXBTCD-26AUG0312-T63599.99,"$63,600 or above",2026-08-03T16:00:00Z,greater,63599.99,,0.69,0.71,0.29,0.31,0.72,106597.17,43632.82,217279.18,120416.18000000001
kalshi,BTC,above,KXBTCD-26AUG0312,KXBTCD-26AUG0312-T63699.99,"$63,700 or above",2026-08-03T16:00:00Z,greater,63699.99,,0.44,0.45,0.55,0.56,0.45,162796.79,40099.06,279720.13,213814.74
kalshi,BTC,above,KXBTCD-26AUG0312,KXBTCD-26AUG0312-T63799.99,"$63,800 or above",2026-08-03T16:00:00Z,greater,63799.99,,0.21,0.22,0.78,0.79,0.22,151583.19,66881.4,119779.37,289559.29000000004
kalshi,BTC,above,KXBTCD-26AUG0312,KXBTCD-26AUG0312-T63899.99,"$63,900 or above",2026-08-03T16:00:00Z,greater,63899.99,,0.08,0.09,0.91,0.92,0.09,85473.81,54557.08,104967.09,226001.25999999992
kalshi,BTC,above,KXBTCD-26AUG0312,KXBTCD-26AUG0312-T63999.99,"$64,000 or above",2026-08-03T16:00:00Z,greater,63999.99,,0.03,0.04,0.96,0.97,0.04,70016.21,54723.06,9387.92,290309.31999999995
kalshi,BTC,above,KXBTCD-26AUG0312,KXBTCD-26AUG0312-T64099.99,"$64,100 or above",2026-08-03T16:00:00Z,greater,64099.99,,0.02,0.03,0.97,0.98,0.02,45606.0,36393.03,4001.09,299186.35
kalshi,BTC,above,KXBTCD-26AUG0312,KXBTCD-26AUG0312-T64199.99,"$64,200 or above",2026-08-03T16:00:00Z,greater,64199.99,,0.01,0.02,0.98,0.99,0.02,43564.12,36061.6,2515.0,291064.08
kalshi,BTC,above,KXBTCD-26AUG0312,KXBTCD-26AUG0312-T64299.99,"$64,300 or above",2026-08-03T16:00:00Z,greater,64299.99,,0.01,0.02,0.98,0.99,0.01,31169.42,23016.03,1500.0,198970.71
kalshi,BTC,above,KXBTCD-26AUG0312,KXBTCD-26AUG0312-T64399.99,"$64,400 or above",2026-08-03T16:00:00Z,greater,64399.99,,0.0,0.01,0.99,1.0,0.01,25554.26,21089.09,0,0
kalshi,BTC,above,KXBTCD-26AUG0312,KXBTCD-26AUG0312-T64499.99,"$64,500 or above",2026-08-03T16:00:00Z,greater,64499.99,,0.0,0.01,0.99,1.0,0.01,11642.73,9436.34,0,0
kalshi,BTC,above,KXBTCD-26AUG0312,KXBTCD-26AUG0312-T64599.99,"$64,600 or above",2026-08-03T16:00:00Z,greater,64599.99,,0.0,0.01,0.99,1.0,0.01,9543.75,8020.56,0,0
kalshi,BTC,above,KXBTCD-26AUG0312,KXBTCD-26AUG0312-T64699.99,"$64,700 or above",2026-08-03T16:00:00Z,greater,64699.99,,0.0,0.01,0.99,1.0,0.01,1906.36,1482.14,0,0
kalshi,BTC,above,KXBTCD-26AUG0312,KXBTCD-26AUG0312-T64799.99,"$64,800 or above",2026-08-03T16:00:00Z,greater,64799.99,,0.0,0.01,0.99,1.0,0.03,657.94,657.94,0,0
kalshi,BTC,above,KXBTCD-26AUG0312,KXBTCD-26AUG0312-T64899.99,"$64,900 or above",2026-08-03T16:00:00Z,greater,64899.99,,0.0,0.01,0.99,1.0,0.02,488.85,488.85,0,0
kalshi,BTC,above,KXBTCD-26AUG0312,KXBTCD-26AUG0312-T64999.99,"$65,000 or above",2026-08-03T16:00:00Z,greater,64999.99,,0.0,0.01,0.99,1.0,0.01,93.51,93.51,0,0
kalshi,BTC,above,KXBTCD-26AUG0312,KXBTCD-26AUG0312-T65099.99,"$65,100 or above",2026-08-03T16:00:00Z,greater,65099.99,,0.0,0.01,0.99,1.0,0.0,0.0,0.0,0,0
kalshi,BTC,above,KXBTCD-26AUG0312,KXBTCD-26AUG0312-T65199.99,"$65,200 or above",2026-08-03T16:00:00Z,greater,65199.99,,0.0,0.01,0.99,1.0,0.0,0.0,0.0,0,0
kalshi,BTC,above,KXBTCD-26AUG0312,KXBTCD-26AUG0312-T65299.99,"$65,300 or above",2026-08-03T16:00:00Z,greater,65299.99,,0.0,0.01,0.99,1.0,0.0,0.0,0.0,0,0
kalshi,BTC,above,KXBTCD-26AUG0312,KXBTCD-26AUG0312-T65399.99,"$65,400 or above",2026-08-03T16:00:00Z,greater,65399.99,,0.0,0.01,0.99,1.0,0.0,0.0,0.0,0,0
kalshi,BTC,above,KXBTCD-26AUG0312,KXBTCD-26AUG0312-T65499.99,"$65,500 or above",2026-08-03T16:00:00Z,greater,65499.99,,0.0,0.01,0.99,1.0,0.0,0.0,0.0,0,0
kalshi,BTC,above,KXBTCD-26AUG0312,KXBTCD-26AUG0312-T65599.99,"$65,600 or above",2026-08-03T16:00:00Z,greater,65599.99,,0.0,0.01,0.99,1.0,0.0,0.0,0.0,0,0
kalshi,BTC,above,KXBTCD-26AUG0312,KXBTCD-26AUG0312-T65699.99,"$65,700 or above",2026-08-03T16:00:00Z,greater,65699.99,,0.0,0.01,0.99,1.0,0.0,0.0,0.0,0,0
kalshi,BTC,above,KXBTCD-26AUG0312,KXBTCD-26AUG0312-T65799.99,"$65,800 or above",2026-08-03T16:00:00Z,greater,65799.99,,0.0,0.01,0.99,1.0,0.0,0.0,0.0,0,0
kalshi,BTC,above,KXBTCD-26AUG0312,KXBTCD-26AUG0312-T65899.99,"$65,900 or above",2026-08-03T16:00:00Z,greater,65899.99,,0.0,0.01,0.99,1.0,0.0,0.0,0.0,0,0
kalshi,BTC,above,KXBTCD-26AUG0312,KXBTCD-26AUG0312-T65999.99,"$66,000 or above",2026-08-03T16:00:00Z,greater,65999.99,,0.0,0.01,0.99,1.0,0.0,0.0,0.0,0,0
kalshi,BTC,above,KXBTCD-26AUG0312,KXBTCD-26AUG0312-T66099.99,"$66,100 or above",2026-08-03T16:00:00Z,greater,66099.99,,0.0,0.01,0.99,1.0,0.0,0.0,0.0,0,0
kalshi,BTC,above,KXBTCD-26AUG0312,KXBTCD-26AUG0312-T66199.99,"$66,200 or above",2026-08-03T16:00:00Z,greater,66199.99,,0.0,0.01,0.99,1.0,0.0,0.0,0.0,0,0
kalshi,BTC,above,KXBTCD-26AUG0312,KXBTCD-26AUG0312-T66299.99,"$66,300 or above",2026-08-03T16:00:00Z,greater,66299.99,,0.0,0.01,0.99,1.0,0.0,0.0,0.0,0,0
kalshi,BTC,above,KXBTCD-26AUG0312,KXBTCD-26AUG0312-T66399.99,"$66,400 or above",2026-08-03T16:00:00Z,greater,66399.99,,0.0,0.01,0.99,1.0,0.0,0.0,0.0,0,0
kalshi,BTC,above,KXBTCD-26AUG0312,KXBTCD-26AUG0312-T66499.99,"$66,500 or above",2026-08-03T16:00:00Z,greater,66499.99,,0.0,0.01,0.99,1.0,0.0,0.0,0.0,0,0
kalshi,BTC,above,KXBTCD-26AUG0312,KXBTCD-26AUG0312-T66599.99,"$66,600 or above",2026-08-03T16:00:00Z,greater,66599.99,,0.0,0.01,0.99,1.0,0.0,0.0,0.0,0,0
kalshi,BTC,above,KXBTCD-26AUG0312,KXBTCD-26AUG0312-T66699.99,"$66,700 or above",2026-08-03T16:00:00Z,greater,66699.99,,0.0,0.01,0.99,1.0,0.0,0.0,0.0,0,0
kalshi,BTC,above,KXBTCD-26AUG0312,KXBTCD-26AUG0312-T66799.99,"$66,800 or above",2026-08-03T16:00:00Z,greater,66799.99,,0.0,0.01,0.99,1.0,0.0,0.0,0.0,0,0
kalshi,BTC,above,KXBTCD-26AUG0312,KXBTCD-26AUG0312-T66899.99,"$66,900 or above",2026-08-03T16:00:00Z,greater,66899.99,,0.0,0.01,0.99,1.0,0.0,0.0,0.0,0,0
kalshi,BTC,above,KXBTCD-26AUG0312,KXBTCD-26AUG0312-T66999.99,"$67,000 or above",2026-08-03T16:00:00Z,greater,66999.99,,0.0,0.01,0.99,1.0,0.0,0.0,0.0,0,0
kalshi,BTC,above,KXBTCD-26AUG0312,KXBTCD-26AUG0312-T67099.99,"$67,100 or above",2026-08-03T16:00:00Z,greater,67099.99,,0.0,0.01,0.99,1.0,0.0,0.0,0.0,0,0
kalshi,BTC,above,KXBTCD-26AUG0312,KXBTCD-26AUG0312-T67199.99,"$67,200 or above",2026-08-03T16:00:00Z,greater,67199.99,,0.0,0.01,0.99,1.0,0.0,0.0,0.0,0,0
kalshi,BTC,above,KXBTCD-26AUG0312,KXBTCD-26AUG0312-T67299.99,"$67,300 or above",2026-08-03T16:00:00Z,greater,67299.99,,0.0,0.01,0.99,1.0,0.0,0.0,0.0,0,0
kalshi,BTC,above,KXBTCD-26AUG0312,KXBTCD-26AUG0312-T67399.99,"$67,400 or above",2026-08-03T16:00:00Z,greater,67399.99,,0.0,0.01,0.99,1.0,0.0,0.0,0.0,0,0
kalshi,BTC,above,KXBTCD-26AUG0312,KXBTCD-26AUG0312-T67499.99,"$67,500 or above",2026-08-03T16:00:00Z,greater,67499.99,,0.0,0.01,0.99,1.0,0.0,0.0,0.0,0,0
kalshi,BTC,above,KXBTCD-26AUG0312,KXBTCD-26AUG0312-T67599.99,"$67,600 or above",2026-08-03T16:00:00Z,greater,67599.99,,0.0,0.01,0.99,1.0,0.0,0.0,0.0,0,0
kalshi,BTC,above,KXBTCD-26AUG0312,KXBTCD-26AUG0312-T67699.99,"$67,700 or above",2026-08-03T16:00:00Z,greater,67699.99,,0.0,0.01,0.99,1.0,0.0,0.0,0.0,0,0
kalshi,BTC,above,KXBTCD-26AUG0312,KXBTCD-26AUG0312-T67799.99,"$67,800 or above",2026-08-03T16:00:00Z,greater,67799.99,,0.0,0.01,0.99,1.0,0.0,0.0,0.0,0,0
kalshi,BTC,above,KXBTCD-26AUG0312,KXBTCD-26AUG0312-T67899.99,"$67,900 or above",2026-08-03T16:00:00Z,greater,67899.99,,0.0,0.01,0.99,1.0,0.0,0.0,0.0,0,0
kalshi,BTC,above,KXBTCD-26AUG0312,KXBTCD-26AUG0312-T67999.99,"$68,000 or above",2026-08-03T16:00:00Z,greater,67999.99,,0.0,0.01,0.99,1.0,0.0,0.0,0.0,0,0
kalshi,BTC,above,KXBTCD-26AUG0312,KXBTCD-26AUG0312-T68099.99,"$68,100 or above",2026-08-03T16:00:00Z,greater,68099.99,,0.0,0.01,0.99,1.0,0.0,0.0,0.0,0,0
kalshi,BTC,above,KXBTCD-26AUG0312,KXBTCD-26AUG0312-T68199.99,"$68,200 or above",2026-08-03T16:00:00Z,greater,68199.99,,0.0,0.01,0.99,1.0,0.0,0.0,0.0,0,0
kalshi,BTC,above,KXBTCD-26AUG0312,KXBTCD-26AUG0312-T68299.99,"$68,300 or above",2026-08-03T16:00:00Z,greater,68299.99,,0.0,0.01,0.99,1.0,0.0,0.0,0.0,0,0
kalshi,BTC,above,KXBTCD-26AUG0312,KXBTCD-26AUG0312-T68399.99,"$68,400 or above",2026-08-03T16:00:00Z,greater,68399.99,,0.0,0.01,0.99,1.0,0.0,0.0,0.0,0,0
kalshi,BTC,above,KXBTCD-26AUG0312,KXBTCD-26AUG0312-T68499.99,"$68,500 or above",2026-08-03T16:00:00Z,greater,68499.99,,0.0,0.01,0.99,1.0,0.0,0.0,0.0,0,0
kalshi,BTC,above,KXBTCD-26AUG0312,KXBTCD-26AUG0312-T68599.99,"$68,600 or above",2026-08-03T16:00:00Z,greater,68599.99,,0.0,0.01,0.99,1.0,0.0,0.0,0.0,0,0
kalshi,BTC,above,KXBTCD-26AUG0312,KXBTCD-26AUG0312-T68699.99,"$68,700 or above",2026-08-03T16:00:00Z,greater,68699.99,,0.0,0.01,0.99,1.0,0.0,0.0,0.0,0,0
kalshi,BTC,above,KXBTCD-26AUG0312,KXBTCD-26AUG0312-T68799.99,"$68,800 or above",2026-08-03T16:00:00Z,greater,68799.99,,0.0,0.01,0.99,1.0,0.0,0.0,0.0,0,0
kalshi,BTC,above,KXBTCD-26AUG0312,KXBTCD-26AUG0312-T68899.99,"$68,900 or above",2026-08-03T16:00:00Z,greater,68899.99,,0.0,0.01,0.99,1.0,0.0,0.0,0.0,0,0
kalshi,BTC,above,KXBTCD-26AUG0312,KXBTCD-26AUG0312-T68999.99,"$69,000 or above",2026-08-03T16:00:00Z,greater,68999.99,,0.0,0.01,0.99,1.0,0.0,0.0,0.0,0,0
kalshi,BTC,above,KXBTCD-26AUG0312,KXBTCD-26AUG0312-T69099.99,"$69,100 or above",2026-08-03T16:00:00Z,greater,69099.99,,0.0,0.01,0.99,1.0,0.0,0.0,0.0,0,0
kalshi,BTC,above,KXBTCD-26AUG0312,KXBTCD-26AUG0312-T69199.99,"$69,200 or above",2026-08-03T16:00:00Z,greater,69199.99,,0.0,0.01,0.99,1.0,0.0,0.0,0.0,0,0
kalshi,BTC,above,KXBTCD-26AUG0312,KXBTCD-26AUG0312-T69299.99,"$69,300 or above",2026-08-03T16:00:00Z,greater,69299.99,,0.0,0.01,0.99,1.0,0.0,0.0,0.0,0,0
kalshi,BTC,above,KXBTCD-26AUG0312,KXBTCD-26AUG0312-T69399.99,"$69,400 or above",2026-08-03T16:00:00Z,greater,69399.99,,0.0,0.01,0.99,1.0,0.0,0.0,0.0,0,0
kalshi,BTC,above,KXBTCD-26AUG0312,KXBTCD-26AUG0312-T69499.99,"$69,500 or above",2026-08-03T16:00:00Z,greater,69499.99,,0.0,0.01,0.99,1.0,0.0,0.0,0.0,0,0
kalshi,BTC,above,KXBTCD-26AUG0312,KXBTCD-26AUG0312-T69599.99,"$69,600 or above",2026-08-03T16:00:00Z,greater,69599.99,,0.0,0.01,0.99,1.0,0.0,0.0,0.0,0,0
kalshi,BTC,above,KXBTCD-26AUG0312,KXBTCD-26AUG0312-T69699.99,"$69,700 or above",2026-08-03T16:00:00Z,greater,69699.99,,0.0,0.01,0.99,1.0,0.0,0.0,0.0,0,0
kalshi,BTC,above,KXBTCD-26AUG0312,KXBTCD-26AUG0312-T69799.99,"$69,800 or above",2026-08-03T16:00:00Z,greater,69799.99,,0.0,0.01,0.99,1.0,0.0,0.0,0.0,0,0
kalshi,BTC,above,KXBTCD-26AUG0312,KXBTCD-26AUG0312-T69899.99,"$69,900 or above",2026-08-03T16:00:00Z,greater,69899.99,,0.0,0.01,0.99,1.0,0.0,0.0,0.0,0,0
kalshi,BTC,above,KXBTCD-26AUG0312,KXBTCD-26AUG0312-T69999.99,"$70,000 or above",2026-08-03T16:00:00Z,greater,69999.99,,0.0,0.01,0.99,1.0,0.0,0.0,0.0,0,0
kalshi,BTC,above,KXBTCD-26AUG0312,KXBTCD-26AUG0312-T70099.99,"$70,100 or above",2026-08-03T16:00:00Z,greater,70099.99,,0.0,0.01,0.99,1.0,0.0,0.0,0.0,0,0
kalshi,BTC,above,KXBTCD-26AUG0312,KXBTCD-26AUG0312-T70199.99,"$70,200 or above",2026-08-03T16:00:00Z,greater,70199.99,,0.0,0.01,0.99,1.0,0.0,0.0,0.0,0,0
kalshi,BTC,above,KXBTCD-26AUG0312,KXBTCD-26AUG0312-T70299.99,"$70,300 or above",2026-08-03T16:00:00Z,greater,70299.99,,0.0,0.01,0.99,1.0,0.0,0.0,0.0,0,0
kalshi,BTC,above,KXBTCD-26AUG0312,KXBTCD-26AUG0312-T70399.99,"$70,400 or above",2026-08-03T16:00:00Z,greater,70399.99,,0.0,0.01,0.99,1.0,0.0,0.0,0.0,0,0
kalshi,BTC,above,KXBTCD-26AUG0312,KXBTCD-26AUG0312-T70499.99,"$70,500 or above",2026-08-03T16:00:00Z,greater,70499.99,,0.0,0.01,0.99,1.0,0.0,0.0,0.0,0,0
kalshi,BTC,above,KXBTCD-26AUG0312,KXBTCD-26AUG0312-T70599.99,"$70,600 or above",2026-08-03T16:00:00Z,greater,70599.99,,0.0,0.01,0.99,1.0,0.0,0.0,0.0,0,0
kalshi,BTC,above,KXBTCD-26AUG0312,KXBTCD-26AUG0312-T70699.99,"$70,700 or above",2026-08-03T16:00:00Z,greater,70699.99,,0.0,0.01,0.99,1.0,0.0,0.0,0.0,0,0
kalshi,BTC,above,KXBTCD-26AUG0312,KXBTCD-26AUG0312-T70799.99,"$70,800 or above",2026-08-03T16:00:00Z,greater,70799.99,,0.0,0.01,0.99,1.0,0.0,0.0,0.0,0,0
kalshi,BTC,above,KXBTCD-26AUG0312,KXBTCD-26AUG0312-T70899.99,"$70,900 or above",2026-08-03T16:00:00Z,greater,70899.99,,0.0,0.01,0.99,1.0,0.0,0.0,0.0,0,0
kalshi,BTC,above,KXBTCD-26AUG0312,KXBTCD-26AUG0312-T70999.99,"$71,000 or above",2026-08-03T16:00:00Z,greater,70999.99,,0.0,0.01,0.99,1.0,0.0,0.0,0.0,0,0
kalshi,BTC,above,KXBTCD-26AUG0312,KXBTCD-26AUG0312-T71099.99,"$71,100 or above",2026-08-03T16:00:00Z,greater,71099.99,,0.0,0.01,0.99,1.0,0.0,0.0,0.0,0,0
kalshi,BTC,above,KXBTCD-26AUG0312,KXBTCD-26AUG0312-T71199.99,"$71,200 or above",2026-08-03T16:00:00Z,greater,71199.99,,0.0,0.01,0.99,1.0,0.0,0.0,0.0,0,0
kalshi,BTC,above,KXBTCD-26AUG0312,KXBTCD-26AUG0312-T71299.99,"$71,300 or above",2026-08-03T16:00:00Z,greater,71299.99,,0.0,0.01,0.99,1.0,0.0,0.0,0.0,0,0
kalshi,BTC,above,KXBTCD-26AUG0312,KXBTCD-26AUG0312-T71399.99,"$71,400 or above",2026-08-03T16:00:00Z,greater,71399.99,,0.0,0.01,0.99,1.0,0.0,0.0,0.0,0,0
kalshi,BTC,above,KXBTCD-26AUG0312,KXBTCD-26AUG0312-T71499.99,"$71,500 or above",2026-08-03T16:00:00Z,greater,71499.99,,0.0,0.01,0.99,1.0,0.0,0.0,0.0,0,0
kalshi,BTC,above,KXBTCD-26AUG0312,KXBTCD-26AUG0312-T71599.99,"$71,600 or above",2026-08-03T16:00:00Z,greater,71599.99,,0.0,0.01,0.99,1.0,0.0,0.0,0.0,0,0
kalshi,BTC,above,KXBTCD-26AUG0312,KXBTCD-26AUG0312-T71699.99,"$71,700 or above",2026-08-03T16:00:00Z,greater,71699.99,,0.0,0.01,0.99,1.0,0.0,0.0,0.0,0,0
kalshi,BTC,above,KXBTCD-26AUG0312,KXBTCD-26AUG0312-T71799.99,"$71,800 or above",2026-08-03T16:00:00Z,greater,71799.99,,0.0,0.01,0.99,1.0,0.0,0.0,0.0,0,0
kalshi,BTC,above,KXBTCD-26AUG0312,KXBTCD-26AUG0312-T71899.99,"$71,900 or above",2026-08-03T16:00:00Z,greater,71899.99,,0.0,0.01,0.99,1.0,0.0,0.0,0.0,0,0
kalshi,BTC,above,KXBTCD-26AUG0312,KXBTCD-26AUG0312-T71999.99,"$72,000 or above",2026-08-03T16:00:00Z,greater,71999.99,,0.0,0.01,0.99,1.0,0.0,0.0,0.0,0,0
kalshi,BTC,above,KXBTCD-26AUG0312,KXBTCD-26AUG0312-T72099.99,"$72,100 or above",2026-08-03T16:00:00Z,greater,72099.99,,0.0,0.01,0.99,1.0,0.0,0.0,0.0,0,0
kalshi,BTC,above,KXBTCD-26AUG0312,KXBTCD-26AUG0312-T72199.99,"$72,200 or above",2026-08-03T16:00:00Z,greater,72199.99,,0.0,0.01,0.99,1.0,0.0,0.0,0.0,0,0
kalshi,BTC,above,KXBTCD-26AUG0312,KXBTCD-26AUG0312-T72299.99,"$72,300 or above",2026-08-03T16:00:00Z,greater,72299.99,,0.0,0.01,0.99,1.0,0.0,0.0,0.0,0,0
kalshi,BTC,above,KXBTCD-26AUG0317,KXBTCD-26AUG0317-T52999.99,"$53,000 or above",2026-08-03T21:00:00Z,greater,52999.99,,0.99,1.0,0.0,0.01,0.0,0.0,0.0,0,0
kalshi,BTC,above,KXBTCD-26AUG0317,KXBTCD-26AUG0317-T53249.99,"$53,250 or above",2026-08-03T21:00:00Z,greater,53249.99,,0.99,1.0,0.0,0.01,0.0,0.0,0.0,0,0
kalshi,BTC,above,KXBTCD-26AUG0317,KXBTCD-26AUG0317-T53499.99,"$53,500 or above",2026-08-03T21:00:00Z,greater,53499.99,,0.99,1.0,0.0,0.01,0.0,0.0,0.0,0,0
kalshi,BTC,above,KXBTCD-26AUG0317,KXBTCD-26AUG0317-T53749.99,"$53,750 or above",2026-08-03T21:00:00Z,greater,53749.99,,0.99,1.0,0.0,0.01,0.0,0.0,0.0,0,0
kalshi,BTC,above,KXBTCD-26AUG0317,KXBTCD-26AUG0317-T53999.99,"$54,000 or above",2026-08-03T21:00:00Z,greater,53999.99,,0.99,1.0,0.0,0.01,0.0,0.0,0.0,0,0
kalshi,BTC,above,KXBTCD-26AUG0317,KXBTCD-26AUG0317-T54249.99,"$54,250 or above",2026-08-03T21:00:00Z,greater,54249.99,,0.99,1.0,0.0,0.01,0.0,0.0,0.0,0,0
kalshi,BTC,above,KXBTCD-26AUG0317,KXBTCD-26AUG0317-T54499.99,"$54,500 or above",2026-08-03T21:00:00Z,greater,54499.99,,0.99,1.0,0.0,0.01,0.0,0.0,0.0,0,0
kalshi,BTC,above,KXBTCD-26AUG0317,KXBTCD-26AUG0317-T54749.99,"$54,750 or above",2026-08-03T21:00:00Z,greater,54749.99,,0.99,1.0,0.0,0.01,0.0,0.0,0.0,0,0
kalshi,BTC,above,KXBTCD-26AUG0317,KXBTCD-26AUG0317-T54999.99,"$55,000 or above",2026-08-03T21:00:00Z,greater,54999.99,,0.99,1.0,0.0,0.01,0.0,0.0,0.0,0,0
kalshi,BTC,above,KXBTCD-26AUG0317,KXBTCD-26AUG0317-T55249.99,"$55,250 or above",2026-08-03T21:00:00Z,greater,55249.99,,0.99,1.0,0.0,0.01,0.0,0.0,0.0,0,0
kalshi,BTC,above,KXBTCD-26AUG0317,KXBTCD-26AUG0317-T55499.99,"$55,500 or above",2026-08-03T21:00:00Z,greater,55499.99,,0.99,1.0,0.0,0.01,0.0,0.0,0.0,0,0
kalshi,BTC,above,KXBTCD-26AUG0317,KXBTCD-26AUG0317-T55749.99,"$55,750 or above",2026-08-03T21:00:00Z,greater,55749.99,,0.99,1.0,0.0,0.01,0.0,0.0,0.0,0,0
kalshi,BTC,above,KXBTCD-26AUG0317,KXBTCD-26AUG0317-T55999.99,"$56,000 or above",2026-08-03T21:00:00Z,greater,55999.99,,0.99,1.0,0.0,0.01,0.0,0.0,0.0,0,0
kalshi,BTC,above,KXBTCD-26AUG0317,KXBTCD-26AUG0317-T56249.99,"$56,250 or above",2026-08-03T21:00:00Z,greater,56249.99,,0.99,1.0,0.0,0.01,0.0,0.0,0.0,0,0
kalshi,BTC,above,KXBTCD-26AUG0317,KXBTCD-26AUG0317-T56499.99,"$56,500 or above",2026-08-03T21:00:00Z,greater,56499.99,,0.99,1.0,0.0,0.01,0.0,0.0,0.0,0,0
kalshi,BTC,above,KXBTCD-26AUG0317,KXBTCD-26AUG0317-T56749.99,"$56,750 or above",2026-08-03T21:00:00Z,greater,56749.99,,0.99,1.0,0.0,0.01,0.0,0.0,0.0,0,0
kalshi,BTC,above,KXBTCD-26AUG0317,KXBTCD-26AUG0317-T56999.99,"$57,000 or above",2026-08-03T21:00:00Z,greater,56999.99,,0.99,1.0,0.0,0.01,0.0,0.0,0.0,0,0
kalshi,BTC,above,KXBTCD-26AUG0317,KXBTCD-26AUG0317-T57249.99,"$57,250 or above",2026-08-03T21:00:00Z,greater,57249.99,,0.99,1.0,0.0,0.01,0.0,0.0,0.0,0,0
kalshi,BTC,above,KXBTCD-26AUG0317,KXBTCD-26AUG0317-T57499.99,"$57,500 or above",2026-08-03T21:00:00Z,greater,57499.99,,0.99,1.0,0.0,0.01,0.0,0.0,0.0,0,0
kalshi,BTC,above,KXBTCD-26AUG0317,KXBTCD-26AUG0317-T57749.99,"$57,750 or above",2026-08-03T21:00:00Z,greater,57749.99,,0.99,1.0,0.0,0.01,0.0,0.0,0.0,0,0
kalshi,BTC,above,KXBTCD-26AUG0317,KXBTCD-26AUG0317-T57999.99,"$58,000 or above",2026-08-03T21:00:00Z,greater,57999.99,,0.99,1.0,0.0,0.01,0.0,0.0,0.0,0,0
kalshi,BTC,above,KXBTCD-26AUG0317,KXBTCD-26AUG0317-T58249.99,"$58,250 or above",2026-08-03T21:00:00Z,greater,58249.99,,0.99,1.0,0.0,0.01,0.0,0.0,0.0,0,0
kalshi,BTC,above,KXBTCD-26AUG0317,KXBTCD-26AUG0317-T58499.99,"$58,500 or above",2026-08-03T21:00:00Z,greater,58499.99,,0.99,1.0,0.0,0.01,0.0,0.0,0.0,0,0
kalshi,BTC,above,KXBTCD-26AUG0317,KXBTCD-26AUG0317-T58749.99,"$58,750 or above",2026-08-03T21:00:00Z,greater,58749.99,,0.99,1.0,0.0,0.01,0.0,0.0,0.0,0,0
kalshi,BTC,above,KXBTCD-26AUG0317,KXBTCD-26AUG0317-T58999.99,"$59,000 or above",2026-08-03T21:00:00Z,greater,58999.99,,0.99,1.0,0.0,0.01,0.0,0.0,0.0,0,0
kalshi,BTC,above,KXBTCD-26AUG0317,KXBTCD-26AUG0317-T59249.99,"$59,250 or above",2026-08-03T21:00:00Z,greater,59249.99,,0.99,1.0,0.0,0.01,0.0,0.0,0.0,0,0
kalshi,BTC,above,KXBTCD-26AUG0317,KXBTCD-26AUG0317-T59499.99,"$59,500 or above",2026-08-03T21:00:00Z,greater,59499.99,,0.99,1.0,0.0,0.01,0.99,730.77,730.77,0,0
kalshi,BTC,above,KXBTCD-26AUG0317,KXBTCD-26AUG0317-T59749.99,"$59,750 or above",2026-08-03T21:00:00Z,greater,59749.99,,0.99,1.0,0.0,0.01,0.99,394.0,338.0,0,0
kalshi,BTC,above,KXBTCD-26AUG0317,KXBTCD-26AUG0317-T59999.99,"$60,000 or above",2026-08-03T21:00:00Z,greater,59999.99,,0.98,0.99,0.01,0.02,0.99,2986.4,2940.4,116196.02,1.0
kalshi,BTC,above,KXBTCD-26AUG0317,KXBTCD-26AUG0317-T60249.99,"$60,250 or above",2026-08-03T21:00:00Z,greater,60249.99,,0.98,1.0,0.0,0.02,0.99,1328.0,1285.0,0,0
kalshi,BTC,above,KXBTCD-26AUG0317,KXBTCD-26AUG0317-T60499.99,"$60,500 or above",2026-08-03T21:00:00Z,greater,60499.99,,0.98,1.0,0.0,0.02,0.99,2161.45,917.17,0,0
kalshi,BTC,above,KXBTCD-26AUG0317,KXBTCD-26AUG0317-T60749.99,"$60,750 or above",2026-08-03T21:00:00Z,greater,60749.99,,0.98,1.0,0.0,0.02,0.99,2807.84,2182.48,0,0
kalshi,BTC,above,KXBTCD-26AUG0317,KXBTCD-26AUG0317-T60999.99,"$61,000 or above",2026-08-03T21:00:00Z,greater,60999.99,,0.99,1.0,0.0,0.01,0.99,13253.67,11109.41,0,0
kalshi,BTC,above,KXBTCD-26AUG0317,KXBTCD-26AUG0317-T61249.99,"$61,250 or above",2026-08-03T21:00:00Z,greater,61249.99,,0.99,1.0,0.0,0.01,0.99,19993.15,16199.91,0,0
kalshi,BTC,above,KXBTCD-26AUG0317,KXBTCD-26AUG0317-T61499.99,"$61,500 or above",2026-08-03T21:00:00Z,greater,61499.99,,0.99,1.0,0.0,0.01,0.99,41727.98,29567.39,0,0
kalshi,BTC,above,KXBTCD-26AUG0317,KXBTCD-26AUG0317-T61749.99,"$61,750 or above",2026-08-03T21:00:00Z,greater,61749.99,,0.98,0.99,0.01,0.02,0.99,50463.29,31334.13,231971.91,3.8
kalshi,BTC,above,KXBTCD-26AUG0317,KXBTCD-26AUG0317-T61999.99,"$62,000 or above",2026-08-03T21:00:00Z,greater,61999.99,,0.97,0.98,0.02,0.03,0.97,38263.45,19261.36,231532.13999999998,3502.58
kalshi,BTC,above,KXBTCD-26AUG0317,KXBTCD-26AUG0317-T62249.99,"$62,250 or above",2026-08-03T21:00:00Z,greater,62249.99,,0.97,0.98,0.02,0.03,0.97,91648.93,28505.09,236848.73,2642.05
kalshi,BTC,above,KXBTCD-26AUG0317,KXBTCD-26AUG0317-T62499.99,"$62,500 or above",2026-08-03T21:00:00Z,greater,62499.99,,0.96,0.97,0.03,0.04,0.96,135212.15,45679.39,224545.36,4477.07
kalshi,BTC,above,KXBTCD-26AUG0317,KXBTCD-26AUG0317-T62749.99,"$62,750 or above",2026-08-03T21:00:00Z,greater,62749.99,,0.94,0.95,0.05,0.06,0.94,169277.72,32321.64,230560.05000000002,12947.490000000002
kalshi,BTC,above,KXBTCD-26AUG0317,KXBTCD-26AUG0317-T62999.99,"$63,000 or above",2026-08-03T21:00:00Z,greater,62999.99,,0.87,0.88,0.12,0.13,0.88,185257.51,48421.46,231573.86999999997,39484.229999999996
kalshi,BTC,above,KXBTCD-26AUG0317,KXBTCD-26AUG0317-T63249.99,"$63,250 or above",2026-08-03T21:00:00Z,greater,63249.99,,0.77,0.79,0.21,0.23,0.78,168885.98,40584.58,222647.42,250861.38999999998
kalshi,BTC,above,KXBTCD-26AUG0317,KXBTCD-26AUG0317-T63499.99,"$63,500 or above",2026-08-03T21:00:00Z,greater,63499.99,,0.63,0.64,0.36,0.37,0.63,138372.09,38344.69,232794.27000000002,260233.38
kalshi,BTC,above,KXBTCD-26AUG0317,KXBTCD-26AUG0317-T63749.99,"$63,750 or above",2026-08-03T21:00:00Z,greater,63749.99,,0.43,0.44,0.56,0.57,0.45,128281.67,38180.0,240975.84,221504.97
kalshi,BTC,above,KXBTCD-26AUG0317,KXBTCD-26AUG0317-T63999.99,"$64,000 or above",2026-08-03T21:00:00Z,greater,63999.99,,0.26,0.27,0.73,0.74,0.26,88379.07,33302.73,91194.68000000001,202728.56
kalshi,BTC,above,KXBTCD-26AUG0317,KXBTCD-26AUG0317-T64249.99,"$64,250 or above",2026-08-03T21:00:00Z,greater,64249.99,,0.12,0.14,0.86,0.88,0.14,87364.05,39573.52,209934.99000000002,201809.86000000002
kalshi,BTC,above,KXBTCD-26AUG0317,KXBTCD-26AUG0317-T64499.99,"$64,500 or above",2026-08-03T21:00:00Z,greater,64499.99,,0.06,0.07,0.93,0.94,0.08,38446.72,25449.6,64232.9,117963.51999999999
kalshi,BTC,above,KXBTCD-26AUG0317,KXBTCD-26AUG0317-T64749.99,"$64,750 or above",2026-08-03T21:00:00Z,greater,64749.99,,0.02,0.04,0.96,0.98,0.03,28271.23,19283.25,3309.0,154826.49
kalshi,BTC,above,KXBTCD-26AUG0317,KXBTCD-26AUG0317-T64999.99,"$65,000 or above",2026-08-03T21:00:00Z,greater,64999.99,,0.01,0.02,0.98,0.99,0.02,47746.93,41275.87,1029.0,234099.04
kalshi,BTC,above,KXBTCD-26AUG0317,KXBTCD-26AUG0317-T65249.99,"$65,250 or above",2026-08-03T21:00:00Z,greater,65249.99,,0.0,0.01,0.99,1.0,0.01,14088.0,13267.0,0,0
kalshi,BTC,above,KXBTCD-26AUG0317,KXBTCD-26AUG0317-T65499.99,"$65,500 or above",2026-08-03T21:00:00Z,greater,65499.99,,0.0,0.01,0.99,1.0,0.01,24227.1,17816.62,0,0
kalshi,BTC,above,KXBTCD-26AUG0317,KXBTCD-26AUG0317-T65749.99,"$65,750 or above",2026-08-03T21:00:00Z,greater,65749.99,,0.0,0.01,0.99,1.0,0.02,11885.97,11710.97,0,0
kalshi,BTC,above,KXBTCD-26AUG0317,KXBTCD-26AUG0317-T65999.99,"$66,000 or above",2026-08-03T21:00:00Z,greater,65999.99,,0.0,0.01,0.99,1.0,0.01,1368.57,1013.0,0,0
kalshi,BTC,above,KXBTCD-26AUG0317,KXBTCD-26AUG0317-T66249.99,"$66,250 or above",2026-08-03T21:00:00Z,greater,66249.99,,0.0,0.01,0.99,1.0,0.02,530.0,530.0,0,0
kalshi,BTC,above,KXBTCD-26AUG0317,KXBTCD-26AUG0317-T66499.99,"$66,500 or above",2026-08-03T21:00:00Z,greater,66499.99,,0.0,0.01,0.99,1.0,0.01,467.59,467.59,0,0
kalshi,BTC,above,KXBTCD-26AUG0317,KXBTCD-26AUG0317-T66749.99,"$66,750 or above",2026-08-03T21:00:00Z,greater,66749.99,,0.0,0.01,0.99,1.0,0.0,0.0,0.0,0,0
kalshi,BTC,above,KXBTCD-26AUG0317,KXBTCD-26AUG0317-T66999.99,"$67,000 or above",2026-08-03T21:00:00Z,greater,66999.99,,0.0,0.01,0.99,1.0,0.01,147.13,108.13,0,0
kalshi,BTC,above,KXBTCD-26AUG0317,KXBTCD-26AUG0317-T67249.99,"$67,250 or above",2026-08-03T21:00:00Z,greater,67249.99,,0.0,0.01,0.99,1.0,0.0,0.0,0.0,0,0
kalshi,BTC,above,KXBTCD-26AUG0317,KXBTCD-26AUG0317-T67499.99,"$67,500 or above",2026-08-03T21:00:00Z,greater,67499.99,,0.0,0.01,0.99,1.0,0.0,0.0,0.0,0,0
kalshi,BTC,above,KXBTCD-26AUG0317,KXBTCD-26AUG0317-T67749.99,"$67,750 or above",2026-08-03T21:00:00Z,greater,67749.99,,0.0,0.01,0.99,1.0,0.0,0.0,0.0,0,0
kalshi,BTC,above,KXBTCD-26AUG0317,KXBTCD-26AUG0317-T67999.99,"$68,000 or above",2026-08-03T21:00:00Z,greater,67999.99,,0.0,0.01,0.99,1.0,0.0,0.0,0.0,0,0
kalshi,BTC,above,KXBTCD-26AUG0317,KXBTCD-26AUG0317-T68249.99,"$68,250 or above",2026-08-03T21:00:00Z,greater,68249.99,,0.0,0.01,0.99,1.0,0.0,0.0,0.0,0,0
kalshi,BTC,above,KXBTCD-26AUG0317,KXBTCD-26AUG0317-T68499.99,"$68,500 or above",2026-08-03T21:00:00Z,greater,68499.99,,0.0,0.01,0.99,1.0,0.0,0.0,0.0,0,0
kalshi,BTC,above,KXBTCD-26AUG0317,KXBTCD-26AUG0317-T68749.99,"$68,750 or above",2026-08-03T21:00:00Z,greater,68749.99,,0.0,0.01,0.99,1.0,0.0,0.0,0.0,0,0
kalshi,BTC,above,KXBTCD-26AUG0317,KXBTCD-26AUG0317-T68999.99,"$69,000 or above",2026-08-03T21:00:00Z,greater,68999.99,,0.0,0.01,0.99,1.0,0.0,0.0,0.0,0,0
kalshi,BTC,above,KXBTCD-26AUG0317,KXBTCD-26AUG0317-T69249.99,"$69,250 or above",2026-08-03T21:00:00Z,greater,69249.99,,0.0,0.01,0.99,1.0,0.0,0.0,0.0,0,0
kalshi,BTC,above,KXBTCD-26AUG0317,KXBTCD-26AUG0317-T69499.99,"$69,500 or above",2026-08-03T21:00:00Z,greater,69499.99,,0.0,0.01,0.99,1.0,0.0,0.0,0.0,0,0
kalshi,BTC,above,KXBTCD-26AUG0317,KXBTCD-26AUG0317-T69749.99,"$69,750 or above",2026-08-03T21:00:00Z,greater,69749.99,,0.0,0.01,0.99,1.0,0.0,0.0,0.0,0,0
kalshi,BTC,above,KXBTCD-26AUG0317,KXBTCD-26AUG0317-T69999.99,"$70,000 or above",2026-08-03T21:00:00Z,greater,69999.99,,0.0,0.01,0.99,1.0,0.0,0.0,0.0,0,0
kalshi,BTC,above,KXBTCD-26AUG0317,KXBTCD-26AUG0317-T70249.99,"$70,250 or above",2026-08-03T21:00:00Z,greater,70249.99,,0.0,0.01,0.99,1.0,0.0,0.0,0.0,0,0
kalshi,BTC,above,KXBTCD-26AUG0317,KXBTCD-26AUG0317-T70499.99,"$70,500 or above",2026-08-03T21:00:00Z,greater,70499.99,,0.0,0.01,0.99,1.0,0.0,0.0,0.0,0,0
kalshi,BTC,above,KXBTCD-26AUG0317,KXBTCD-26AUG0317-T70749.99,"$70,750 or above",2026-08-03T21:00:00Z,greater,70749.99,,0.0,0.01,0.99,1.0,0.0,0.0,0.0,0,0
kalshi,BTC,above,KXBTCD-26AUG0317,KXBTCD-26AUG0317-T70999.99,"$71,000 or above",2026-08-03T21:00:00Z,greater,70999.99,,0.0,0.01,0.99,1.0,0.0,0.0,0.0,0,0
kalshi,BTC,above,KXBTCD-26AUG0317,KXBTCD-26AUG0317-T71249.99,"$71,250 or above",2026-08-03T21:00:00Z,greater,71249.99,,0.0,0.01,0.99,1.0,0.0,0.0,0.0,0,0
kalshi,BTC,above,KXBTCD-26AUG0317,KXBTCD-26AUG0317-T71499.99,"$71,500 or above",2026-08-03T21:00:00Z,greater,71499.99,,0.0,0.01,0.99,1.0,0.0,0.0,0.0,0,0
kalshi,BTC,above,KXBTCD-26AUG0317,KXBTCD-26AUG0317-T71749.99,"$71,750 or above",2026-08-03T21:00:00Z,greater,71749.99,,0.0,0.01,0.99,1.0,0.0,0.0,0.0,0,0
kalshi,BTC,above,KXBTCD-26AUG0317,KXBTCD-26AUG0317-T71999.99,"$72,000 or above",2026-08-03T21:00:00Z,greater,71999.99,,0.0,0.01,0.99,1.0,0.0,0.0,0.0,0,0
kalshi,BTC,above,KXBTCD-26AUG0317,KXBTCD-26AUG0317-T72249.99,"$72,250 or above",2026-08-03T21:00:00Z,greater,72249.99,,0.0,0.01,0.99,1.0,0.0,0.0,0.0,0,0
kalshi,BTC,above,KXBTCD-26AUG0317,KXBTCD-26AUG0317-T72499.99,"$72,500 or above",2026-08-03T21:00:00Z,greater,72499.99,,0.0,0.01,0.99,1.0,0.0,0.0,0.0,0,0
kalshi,BTC,above,KXBTCD-26AUG0317,KXBTCD-26AUG0317-T72749.99,"$72,750 or above",2026-08-03T21:00:00Z,greater,72749.99,,0.0,0.01,0.99,1.0,0.0,0.0,0.0,0,0
kalshi,BTC,above,KXBTCD-26AUG0717,KXBTCD-26AUG0717-T50999.99,"$51,000 or above",2026-08-07T21:00:00Z,greater,50999.99,,0.99,1.0,0.0,0.01,0.99,362.46,362.46,0,0
kalshi,BTC,above,KXBTCD-26AUG0717,KXBTCD-26AUG0717-T51499.99,"$51,500 or above",2026-08-07T21:00:00Z,greater,51499.99,,0.99,1.0,0.0,0.01,0.99,235.88,235.88,0,0
kalshi,BTC,above,KXBTCD-26AUG0717,KXBTCD-26AUG0717-T51999.99,"$52,000 or above",2026-08-07T21:00:00Z,greater,51999.99,,0.98,1.0,0.0,0.02,0.99,94.58,94.58,0,0
kalshi,BTC,above,KXBTCD-26AUG0717,KXBTCD-26AUG0717-T52499.99,"$52,500 or above",2026-08-07T21:00:00Z,greater,52499.99,,0.98,0.99,0.01,0.02,0.99,219.58,219.58,100941.0,1.0
kalshi,BTC,above,KXBTCD-26AUG0717,KXBTCD-26AUG0717-T52999.99,"$53,000 or above",2026-08-07T21:00:00Z,greater,52999.99,,0.98,0.99,0.01,0.02,0.98,106.68,106.68,100834.0,1.0
kalshi,BTC,above,KXBTCD-26AUG0717,KXBTCD-26AUG0717-T53499.99,"$53,500 or above",2026-08-07T21:00:00Z,greater,53499.99,,0.98,0.99,0.01,0.02,0.98,46.79,46.79,101021.0,1.0
kalshi,BTC,above,KXBTCD-26AUG0717,KXBTCD-26AUG0717-T53999.99,"$54,000 or above",2026-08-07T21:00:00Z,greater,53999.99,,0.98,0.99,0.01,0.02,0.98,50.72,50.72,101028.0,1.0
kalshi,BTC,above,KXBTCD-26AUG0717,KXBTCD-26AUG0717-T54499.99,"$54,500 or above",2026-08-07T21:00:00Z,greater,54499.99,,0.98,0.99,0.01,0.02,0.97,15.6,15.6,101033.0,1.0
kalshi,BTC,above,KXBTCD-26AUG0717,KXBTCD-26AUG0717-T54999.99,"$55,000 or above",2026-08-07T21:00:00Z,greater,54999.99,,0.97,0.99,0.01,0.03,0.97,15.6,15.6,101051.0,1.0
kalshi,BTC,above,KXBTCD-26AUG0717,KXBTCD-26AUG0717-T55499.99,"$55,500 or above",2026-08-07T21:00:00Z,greater,55499.99,,0.97,1.0,0.0,0.03,0.97,2276.69,2275.69,0,0
kalshi,BTC,above,KXBTCD-26AUG0717,KXBTCD-26AUG0717-T55999.99,"$56,000 or above",2026-08-07T21:00:00Z,greater,55999.99,,0.98,0.99,0.01,0.02,0.98,1025.07,757.74,101085.5,1.0
kalshi,BTC,above,KXBTCD-26AUG0717,KXBTCD-26AUG0717-T56499.99,"$56,500 or above",2026-08-07T21:00:00Z,greater,56499.99,,0.98,0.99,0.01,0.02,0.99,952.66,921.24,103153.70999999999,1.0
kalshi,BTC,above,KXBTCD-26AUG0717,KXBTCD-26AUG0717-T56999.99,"$57,000 or above",2026-08-07T21:00:00Z,greater,56999.99,,0.97,0.98,0.02,0.03,0.97,1550.93,741.25,102729.18,7.0
kalshi,BTC,above,KXBTCD-26AUG0717,KXBTCD-26AUG0717-T57499.99,"$57,500 or above",2026-08-07T21:00:00Z,greater,57499.99,,0.96,0.99,0.01,0.04,0.97,3520.13,2884.49,161513.0,221.0
kalshi,BTC,above,KXBTCD-26AUG0717,KXBTCD-26AUG0717-T57999.99,"$58,000 or above",2026-08-07T21:00:00Z,greater,57999.99,,0.97,0.99,0.01,0.03,0.96,14167.6,3333.6,209757.0,1.0
kalshi,BTC,above,KXBTCD-26AUG0717,KXBTCD-26AUG0717-T58499.99,"$58,500 or above",2026-08-07T21:00:00Z,greater,58499.99,,0.95,0.96,0.04,0.05,0.95,6304.05,3514.36,215661.87,7415.0
kalshi,BTC,above,KXBTCD-26AUG0717,KXBTCD-26AUG0717-T58999.99,"$59,000 or above",2026-08-07T21:00:00Z,greater,58999.99,,0.95,0.96,0.04,0.05,0.95,14319.72,8408.29,211759.0,9022.0
kalshi,BTC,above,KXBTCD-26AUG0717,KXBTCD-26AUG0717-T59499.99,"$59,500 or above",2026-08-07T21:00:00Z,greater,59499.99,,0.93,0.95,0.05,0.07,0.94,11375.22,7020.6,219475.0,11136.32
kalshi,BTC,above,KXBTCD-26AUG0717,KXBTCD-26AUG0717-T59999.99,"$60,000 or above",2026-08-07T21:00:00Z,greater,59999.99,,0.92,0.93,0.07,0.08,0.92,46002.5,39035.51,214229.05,9368.820000000002
kalshi,BTC,above,KXBTCD-26AUG0717,KXBTCD-26AUG0717-T60499.99,"$60,500 or above",2026-08-07T21:00:00Z,greater,60499.99,,0.91,0.92,0.08,0.09,0.91,14134.75,6743.59,217868.56,12723.880000000001
kalshi,BTC,above,KXBTCD-26AUG0717,KXBTCD-26AUG0717-T60999.99,"$61,000 or above",2026-08-07T21:00:00Z,greater,60999.99,,0.88,0.89,0.11,0.12,0.9,34433.78,12853.48,216639.0,12129.5
kalshi,BTC,above,KXBTCD-26AUG0717,KXBTCD-26AUG0717-T61499.99,"$61,500 or above",2026-08-07T21:00:00Z,greater,61499.99,,0.84,0.85,0.15,0.16,0.84,33712.23,17697.02,218123.74999999997,176826.03
kalshi,BTC,above,KXBTCD-26AUG0717,KXBTCD-26AUG0717-T61999.99,"$62,000 or above",2026-08-07T21:00:00Z,greater,61999.99,,0.78,0.79,0.21,0.22,0.78,141132.93,31101.49,217347.46,234495.59999999998
kalshi,BTC,above,KXBTCD-26AUG0717,KXBTCD-26AUG0717-T62499.99,"$62,500 or above",2026-08-07T21:00:00Z,greater,62499.99,,0.72,0.74,0.26,0.28,0.72,116380.91,37771.67,215907.18,240718.00999999995
kalshi,BTC,above,KXBTCD-26AUG0717,KXBTCD-26AUG0717-T62999.99,"$63,000 or above",2026-08-07T21:00:00Z,greater,62999.99,,0.64,0.65,0.35,0.36,0.64,131046.41,38211.17,229933.63,202449.84999999998
kalshi,BTC,above,KXBTCD-26AUG0717,KXBTCD-26AUG0717-T63499.99,"$63,500 or above",2026-08-07T21:00:00Z,greater,63499.99,,0.54,0.56,0.44,0.46,0.54,93163.99,38235.45,213929.10999999996,316531.3499999999
kalshi,BTC,above,KXBTCD-26AUG0717,KXBTCD-26AUG0717-T63999.99,"$64,000 or above",2026-08-07T21:00:00Z,greater,63999.99,,0.45,0.47,0.53,0.55,0.47,87825.14,18006.69,208800.84,284370.93
kalshi,BTC,above,KXBTCD-26AUG0717,KXBTCD-26AUG0717-T64499.99,"$64,500 or above",2026-08-07T21:00:00Z,greater,64499.99,,0.36,0.37,0.63,0.64,0.36,15423.1,8317.81,215595.99,265456.12
kalshi,BTC,above,KXBTCD-26AUG0717,KXBTCD-26AUG0717-T64999.99,"$65,000 or above",2026-08-07T21:00:00Z,greater,64999.99,,0.27,0.29,0.71,0.73,0.28,24021.16,15644.93,217998.96,263909.57
kalshi,BTC,above,KXBTCD-26AUG0717,KXBTCD-26AUG0717-T65499.99,"$65,500 or above",2026-08-07T21:00:00Z,greater,65499.99,,0.19,0.21,0.79,0.81,0.21,8983.47,5333.49,236076.0,248447.22
kalshi,BTC,above,KXBTCD-26AUG0717,KXBTCD-26AUG0717-T65999.99,"$66,000 or above",2026-08-07T21:00:00Z,greater,65999.99,,0.14,0.16,0.84,0.86,0.08,30118.38,22087.48,175262.7,247127.23
kalshi,BTC,above,KXBTCD-26AUG0717,KXBTCD-26AUG0717-T66499.99,"$66,500 or above",2026-08-07T21:00:00Z,greater,66499.99,,0.09,0.11,0.89,0.91,0.06,36169.47,31075.18,109687.0,248633.18
kalshi,BTC,above,KXBTCD-26AUG0717,KXBTCD-26AUG0717-T66999.99,"$67,000 or above",2026-08-07T21:00:00Z,greater,66999.99,,0.06,0.08,0.92,0.94,0.09,29976.78,28522.89,12367.0,244706.34000000003
kalshi,BTC,above,KXBTCD-26AUG0717,KXBTCD-26AUG0717-T67499.99,"$67,500 or above",2026-08-07T21:00:00Z,greater,67499.99,,0.04,0.06,0.94,0.96,0.06,19039.75,18431.03,10518.0,241347.15
kalshi,BTC,above,KXBTCD-26AUG0717,KXBTCD-26AUG0717-T67999.99,"$68,000 or above",2026-08-07T21:00:00Z,greater,67999.99,,0.02,0.04,0.96,0.98,0.05,7310.79,7184.46,8588.0,238820.30000000002
kalshi,BTC,above,KXBTCD-26AUG0717,KXBTCD-26AUG0717-T68499.99,"$68,500 or above",2026-08-07T21:00:00Z,greater,68499.99,,0.0,0.04,0.96,1.0,0.03,7234.63,6816.62,0,0
kalshi,BTC,above,KXBTCD-26AUG0717,KXBTCD-26AUG0717-T68999.99,"$69,000 or above",2026-08-07T21:00:00Z,greater,68999.99,,0.02,0.04,0.96,0.98,0.04,4624.31,4624.31,0.72,237149.91
kalshi,BTC,above,KXBTCD-26AUG0717,KXBTCD-26AUG0717-T69499.99,"$69,500 or above",2026-08-07T21:00:00Z,greater,69499.99,,0.01,0.03,0.97,0.99,0.02,1163.57,1163.57,6.48,231747.99
kalshi,BTC,above,KXBTCD-26AUG0717,KXBTCD-26AUG0717-T69999.99,"$70,000 or above",2026-08-07T21:00:00Z,greater,69999.99,,0.02,0.03,0.97,0.98,0.03,3160.44,3160.44,7.23,231280.65
kalshi,BTC,above,KXBTCD-26AUG0717,KXBTCD-26AUG0717-T70499.99,"$70,500 or above",2026-08-07T21:00:00Z,greater,70499.99,,0.0,0.02,0.98,1.0,0.02,500.19,499.95,0,0
kalshi,BTC,above,KXBTCD-26AUG0717,KXBTCD-26AUG0717-T70999.99,"$71,000 or above",2026-08-07T21:00:00Z,greater,70999.99,,0.01,0.02,0.98,0.99,0.02,387.0,387.0,4.99,251994.0
kalshi,BTC,above,KXBTCD-26AUG0717,KXBTCD-26AUG0717-T71499.99,"$71,500 or above",2026-08-07T21:00:00Z,greater,71499.99,,0.0,0.02,0.98,1.0,0.02,0.24,0.24,0,0
kalshi,BTC,above,KXBTCD-26AUG0717,KXBTCD-26AUG0717-T71999.99,"$72,000 or above",2026-08-07T21:00:00Z,greater,71999.99,,0.0,0.02,0.98,1.0,0.01,256.86,256.86,0,0
kalshi,BTC,above,KXBTCD-26AUG0717,KXBTCD-26AUG0717-T72499.99,"$72,500 or above",2026-08-07T21:00:00Z,greater,72499.99,,0.0,0.01,0.99,1.0,0.01,4.23,4.23,0,0
kalshi,BTC,above,KXBTCD-26AUG0717,KXBTCD-26AUG0717-T72999.99,"$73,000 or above",2026-08-07T21:00:00Z,greater,72999.99,,0.0,0.01,0.99,1.0,0.01,94.0,94.0,0,0
kalshi,BTC,above,KXBTCD-26AUG0717,KXBTCD-26AUG0717-T73499.99,"$73,500 or above",2026-08-07T21:00:00Z,greater,73499.99,,0.0,0.01,0.99,1.0,0.01,711.5,661.51,0,0
kalshi,BTC,above,KXBTCD-26AUG0717,KXBTCD-26AUG0717-T73999.99,"$74,000 or above",2026-08-07T21:00:00Z,greater,73999.99,,0.0,0.01,0.99,1.0,0.0,0.0,0.0,0,0
kalshi,BTC,above,KXBTCD-26AUG0717,KXBTCD-26AUG0717-T74499.99,"$74,500 or above",2026-08-07T21:00:00Z,greater,74499.99,,0.0,0.01,0.99,1.0,0.0,0.0,0.0,0,0
kalshi,BTC,above,KXBTCD-26AUG0717,KXBTCD-26AUG0717-T74999.99,"$75,000 or above",2026-08-07T21:00:00Z,greater,74999.99,,0.0,0.01,0.99,1.0,0.0,0.0,0.0,0,0
kalshi,BTC,above,KXBTCD-26AUG0717,KXBTCD-26AUG0717-T75499.99,"$75,500 or above",2026-08-07T21:00:00Z,greater,75499.99,,0.0,0.01,0.99,1.0,0.01,186.51,186.51,0,0
kalshi,ETH,range,KXETH-26AUG0312,KXETH-26AUG0312-T1105,"$1,104.99 or below",2026-08-03T16:00:00Z,less,,1105.0,0.0,0.01,0.99,1.0,0.0,0.0,0.0,0,0
kalshi,ETH,range,KXETH-26AUG0312,KXETH-26AUG0312-B1107,"$1,105 to 1,109.99",2026-08-03T16:00:00Z,between,1105.0,1109.99,0.0,0.01,0.99,1.0,0.0,0.0,0.0,0,0
kalshi,ETH,range,KXETH-26AUG0312,KXETH-26AUG0312-B1112,"$1,110 to 1,114.99",2026-08-03T16:00:00Z,between,1110.0,1114.99,0.0,0.01,0.99,1.0,0.0,0.0,0.0,0,0
kalshi,ETH,range,KXETH-26AUG0312,KXETH-26AUG0312-B1117,"$1,115 to 1,119.99",2026-08-03T16:00:00Z,between,1115.0,1119.99,0.0,0.01,0.99,1.0,0.0,0.0,0.0,0,0
kalshi,ETH,range,KXETH-26AUG0312,KXETH-26AUG0312-B1122,"$1,120 to 1,124.99",2026-08-03T16:00:00Z,between,1120.0,1124.99,0.0,0.01,0.99,1.0,0.0,0.0,0.0,0,0
kalshi,ETH,range,KXETH-26AUG0312,KXETH-26AUG0312-B1127,"$1,125 to 1,129.99",2026-08-03T16:00:00Z,between,1125.0,1129.99,0.0,0.01,0.99,1.0,0.0,0.0,0.0,0,0
kalshi,ETH,range,KXETH-26AUG0312,KXETH-26AUG0312-B1132,"$1,130 to 1,134.99",2026-08-03T16:00:00Z,between,1130.0,1134.99,0.0,0.01,0.99,1.0,0.0,0.0,0.0,0,0
kalshi,ETH,range,KXETH-26AUG0312,KXETH-26AUG0312-B1137,"$1,135 to 1,139.99",2026-08-03T16:00:00Z,between,1135.0,1139.99,0.0,0.01,0.99,1.0,0.0,0.0,0.0,0,0
kalshi,ETH,range,KXETH-26AUG0312,KXETH-26AUG0312-B1142,"$1,140 to 1,144.99",2026-08-03T16:00:00Z,between,1140.0,1144.99,0.0,0.01,0.99,1.0,0.0,0.0,0.0,0,0
kalshi,ETH,range,KXETH-26AUG0312,KXETH-26AUG0312-B1147,"$1,145 to 1,149.99",2026-08-03T16:00:00Z,between,1145.0,1149.99,0.0,0.01,0.99,1.0,0.0,0.0,0.0,0,0
kalshi,ETH,range,KXETH-26AUG0312,KXETH-26AUG0312-B1152,"$1,150 to 1,154.99",2026-08-03T16:00:00Z,between,1150.0,1154.99,0.0,0.01,0.99,1.0,0.0,0.0,0.0,0,0
kalshi,ETH,range,KXETH-26AUG0312,KXETH-26AUG0312-B1157,"$1,155 to 1,159.99",2026-08-03T16:00:00Z,between,1155.0,1159.99,0.0,0.01,0.99,1.0,0.0,0.0,0.0,0,0
kalshi,ETH,range,KXETH-26AUG0312,KXETH-26AUG0312-B1162,"$1,160 to 1,164.99",2026-08-03T16:00:00Z,between,1160.0,1164.99,0.0,0.01,0.99,1.0,0.0,0.0,0.0,0,0
kalshi,ETH,range,KXETH-26AUG0312,KXETH-26AUG0312-B1167,"$1,165 to 1,169.99",2026-08-03T16:00:00Z,between,1165.0,1169.99,0.0,0.01,0.99,1.0,0.0,0.0,0.0,0,0
kalshi,ETH,range,KXETH-26AUG0312,KXETH-26AUG0312-B1172,"$1,170 to 1,174.99",2026-08-03T16:00:00Z,between,1170.0,1174.99,0.0,0.01,0.99,1.0,0.0,0.0,0.0,0,0
kalshi,ETH,range,KXETH-26AUG0312,KXETH-26AUG0312-B1177,"$1,175 to 1,179.99",2026-08-03T16:00:00Z,between,1175.0,1179.99,0.0,0.01,0.99,1.0,0.0,0.0,0.0,0,0
kalshi,ETH,range,KXETH-26AUG0312,KXETH-26AUG0312-B1182,"$1,180 to 1,184.99",2026-08-03T16:00:00Z,between,1180.0,1184.99,0.0,0.01,0.99,1.0,0.0,0.0,0.0,0,0
kalshi,ETH,range,KXETH-26AUG0312,KXETH-26AUG0312-B1187,"$1,185 to 1,189.99",2026-08-03T16:00:00Z,between,1185.0,1189.99,0.0,0.01,0.99,1.0,0.0,0.0,0.0,0,0
kalshi,ETH,range,KXETH-26AUG0312,KXETH-26AUG0312-B1192,"$1,190 to 1,194.99",2026-08-03T16:00:00Z,between,1190.0,1194.99,0.0,0.01,0.99,1.0,0.0,0.0,0.0,0,0
kalshi,ETH,range,KXETH-26AUG0312,KXETH-26AUG0312-B1197,"$1,195 to 1,199.99",2026-08-03T16:00:00Z,between,1195.0,1199.99,0.0,0.01,0.99,1.0,0.0,0.0,0.0,0,0
kalshi,ETH,range,KXETH-26AUG0312,KXETH-26AUG0312-B1202,"$1,200 to 1,204.99",2026-08-03T16:00:00Z,between,1200.0,1204.99,0.0,0.01,0.99,1.0,0.0,0.0,0.0,0,0
kalshi,ETH,range,KXETH-26AUG0312,KXETH-26AUG0312-B1207,"$1,205 to 1,209.99",2026-08-03T16:00:00Z,between,1205.0,1209.99,0.0,0.01,0.99,1.0,0.0,0.0,0.0,0,0
kalshi,ETH,range,KXETH-26AUG0312,KXETH-26AUG0312-B1212,"$1,210 to 1,214.99",2026-08-03T16:00:00Z,between,1210.0,1214.99,0.0,0.01,0.99,1.0,0.0,0.0,0.0,0,0
kalshi,ETH,range,KXETH-26AUG0312,KXETH-26AUG0312-B1217,"$1,215 to 1,219.99",2026-08-03T16:00:00Z,between,1215.0,1219.99,0.0,0.01,0.99,1.0,0.0,0.0,0.0,0,0
kalshi,ETH,range,KXETH-26AUG0312,KXETH-26AUG0312-B1222,"$1,220 to 1,224.99",2026-08-03T16:00:00Z,between,1220.0,1224.99,0.0,0.01,0.99,1.0,0.0,0.0,0.0,0,0
kalshi,ETH,range,KXETH-26AUG0312,KXETH-26AUG0312-B1227,"$1,225 to 1,229.99",2026-08-03T16:00:00Z,between,1225.0,1229.99,0.0,0.01,0.99,1.0,0.0,0.0,0.0,0,0
kalshi,ETH,range,KXETH-26AUG0312,KXETH-26AUG0312-B1232,"$1,230 to 1,234.99",2026-08-03T16:00:00Z,between,1230.0,1234.99,0.0,0.01,0.99,1.0,0.0,0.0,0.0,0,0
kalshi,ETH,range,KXETH-26AUG0312,KXETH-26AUG0312-B1237,"$1,235 to 1,239.99",2026-08-03T16:00:00Z,between,1235.0,1239.99,0.0,0.01,0.99,1.0,0.0,0.0,0.0,0,0
kalshi,ETH,range,KXETH-26AUG0312,KXETH-26AUG0312-B1242,"$1,240 to 1,244.99",2026-08-03T16:00:00Z,between,1240.0,1244.99,0.0,0.01,0.99,1.0,0.0,0.0,0.0,0,0
kalshi,ETH,range,KXETH-26AUG0312,KXETH-26AUG0312-B1247,"$1,245 to 1,249.99",2026-08-03T16:00:00Z,between,1245.0,1249.99,0.0,0.01,0.99,1.0,0.0,0.0,0.0,0,0
kalshi,ETH,range,KXETH-26AUG0312,KXETH-26AUG0312-B1252,"$1,250 to 1,254.99",2026-08-03T16:00:00Z,between,1250.0,1254.99,0.0,0.01,0.99,1.0,0.0,0.0,0.0,0,0
kalshi,ETH,range,KXETH-26AUG0312,KXETH-26AUG0312-B1257,"$1,255 to 1,259.99",2026-08-03T16:00:00Z,between,1255.0,1259.99,0.0,0.01,0.99,1.0,0.0,0.0,0.0,0,0
kalshi,ETH,range,KXETH-26AUG0312,KXETH-26AUG0312-B1262,"$1,260 to 1,264.99",2026-08-03T16:00:00Z,between,1260.0,1264.99,0.0,0.01,0.99,1.0,0.0,0.0,0.0,0,0
kalshi,ETH,range,KXETH-26AUG0312,KXETH-26AUG0312-B1267,"$1,265 to 1,269.99",2026-08-03T16:00:00Z,between,1265.0,1269.99,0.0,0.01,0.99,1.0,0.0,0.0,0.0,0,0
kalshi,ETH,range,KXETH-26AUG0312,KXETH-26AUG0312-B1272,"$1,270 to 1,274.99",2026-08-03T16:00:00Z,between,1270.0,1274.99,0.0,0.01,0.99,1.0,0.0,0.0,0.0,0,0
kalshi,ETH,range,KXETH-26AUG0312,KXETH-26AUG0312-B1277,"$1,275 to 1,279.99",2026-08-03T16:00:00Z,between,1275.0,1279.99,0.0,0.01,0.99,1.0,0.0,0.0,0.0,0,0
kalshi,ETH,range,KXETH-26AUG0312,KXETH-26AUG0312-B1282,"$1,280 to 1,284.99",2026-08-03T16:00:00Z,between,1280.0,1284.99,0.0,0.01,0.99,1.0,0.0,0.0,0.0,0,0
kalshi,ETH,range,KXETH-26AUG0312,KXETH-26AUG0312-B1287,"$1,285 to 1,289.99",2026-08-03T16:00:00Z,between,1285.0,1289.99,0.0,0.01,0.99,1.0,0.0,0.0,0.0,0,0
kalshi,ETH,range,KXETH-26AUG0312,KXETH-26AUG0312-B1292,"$1,290 to 1,294.99",2026-08-03T16:00:00Z,between,1290.0,1294.99,0.0,0.01,0.99,1.0,0.0,0.0,0.0,0,0
kalshi,ETH,range,KXETH-26AUG0312,KXETH-26AUG0312-B1297,"$1,295 to 1,299.99",2026-08-03T16:00:00Z,between,1295.0,1299.99,0.0,0.01,0.99,1.0,0.0,0.0,0.0,0,0
kalshi,ETH,range,KXETH-26AUG0312,KXETH-26AUG0312-B1302,"$1,300 to 1,304.99",2026-08-03T16:00:00Z,between,1300.0,1304.99,0.0,0.01,0.99,1.0,0.0,0.0,0.0,0,0
kalshi,ETH,range,KXETH-26AUG0312,KXETH-26AUG0312-B1307,"$1,305 to 1,309.99",2026-08-03T16:00:00Z,between,1305.0,1309.99,0.0,0.01,0.99,1.0,0.0,0.0,0.0,0,0
kalshi,ETH,range,KXETH-26AUG0312,KXETH-26AUG0312-B1312,"$1,310 to 1,314.99",2026-08-03T16:00:00Z,between,1310.0,1314.99,0.0,0.01,0.99,1.0,0.0,0.0,0.0,0,0
kalshi,ETH,range,KXETH-26AUG0312,KXETH-26AUG0312-B1317,"$1,315 to 1,319.99",2026-08-03T16:00:00Z,between,1315.0,1319.99,0.0,0.01,0.99,1.0,0.0,0.0,0.0,0,0
kalshi,ETH,range,KXETH-26AUG0312,KXETH-26AUG0312-B1322,"$1,320 to 1,324.99",2026-08-03T16:00:00Z,between,1320.0,1324.99,0.0,0.01,0.99,1.0,0.0,0.0,0.0,0,0
kalshi,ETH,range,KXETH-26AUG0312,KXETH-26AUG0312-B1327,"$1,325 to 1,329.99",2026-08-03T16:00:00Z,between,1325.0,1329.99,0.0,0.01,0.99,1.0,0.0,0.0,0.0,0,0
kalshi,ETH,range,KXETH-26AUG0312,KXETH-26AUG0312-B1332,"$1,330 to 1,334.99",2026-08-03T16:00:00Z,between,1330.0,1334.99,0.0,0.01,0.99,1.0,0.0,0.0,0.0,0,0
kalshi,ETH,range,KXETH-26AUG0312,KXETH-26AUG0312-B1337,"$1,335 to 1,339.99",2026-08-03T16:00:00Z,between,1335.0,1339.99,0.0,0.01,0.99,1.0,0.0,0.0,0.0,0,0
kalshi,ETH,range,KXETH-26AUG0312,KXETH-26AUG0312-B1342,"$1,340 to 1,344.99",2026-08-03T16:00:00Z,between,1340.0,1344.99,0.0,0.01,0.99,1.0,0.0,0.0,0.0,0,0
kalshi,ETH,range,KXETH-26AUG0312,KXETH-26AUG0312-B1347,"$1,345 to 1,349.99",2026-08-03T16:00:00Z,between,1345.0,1349.99,0.0,0.01,0.99,1.0,0.0,0.0,0.0,0,0
kalshi,ETH,range,KXETH-26AUG0312,KXETH-26AUG0312-B1352,"$1,350 to 1,354.99",2026-08-03T16:00:00Z,between,1350.0,1354.99,0.0,0.01,0.99,1.0,0.0,0.0,0.0,0,0
kalshi,ETH,range,KXETH-26AUG0312,KXETH-26AUG0312-B1357,"$1,355 to 1,359.99",2026-08-03T16:00:00Z,between,1355.0,1359.99,0.0,0.01,0.99,1.0,0.0,0.0,0.0,0,0
kalshi,ETH,range,KXETH-26AUG0312,KXETH-26AUG0312-B1362,"$1,360 to 1,364.99",2026-08-03T16:00:00Z,between,1360.0,1364.99,0.0,0.01,0.99,1.0,0.0,0.0,0.0,0,0
kalshi,ETH,range,KXETH-26AUG0312,KXETH-26AUG0312-B1367,"$1,365 to 1,369.99",2026-08-03T16:00:00Z,between,1365.0,1369.99,0.0,0.01,0.99,1.0,0.0,0.0,0.0,0,0
kalshi,ETH,range,KXETH-26AUG0312,KXETH-26AUG0312-B1372,"$1,370 to 1,374.99",2026-08-03T16:00:00Z,between,1370.0,1374.99,0.0,0.01,0.99,1.0,0.0,0.0,0.0,0,0
kalshi,ETH,range,KXETH-26AUG0312,KXETH-26AUG0312-B1377,"$1,375 to 1,379.99",2026-08-03T16:00:00Z,between,1375.0,1379.99,0.0,0.01,0.99,1.0,0.0,0.0,0.0,0,0
kalshi,ETH,range,KXETH-26AUG0312,KXETH-26AUG0312-B1382,"$1,380 to 1,384.99",2026-08-03T16:00:00Z,between,1380.0,1384.99,0.0,0.01,0.99,1.0,0.0,0.0,0.0,0,0
kalshi,ETH,range,KXETH-26AUG0312,KXETH-26AUG0312-B1387,"$1,385 to 1,389.99",2026-08-03T16:00:00Z,between,1385.0,1389.99,0.0,0.01,0.99,1.0,0.0,0.0,0.0,0,0
kalshi,ETH,range,KXETH-26AUG0312,KXETH-26AUG0312-B1392,"$1,390 to 1,394.99",2026-08-03T16:00:00Z,between,1390.0,1394.99,0.0,0.01,0.99,1.0,0.0,0.0,0.0,0,0
kalshi,ETH,range,KXETH-26AUG0312,KXETH-26AUG0312-B1397,"$1,395 to 1,399.99",2026-08-03T16:00:00Z,between,1395.0,1399.99,0.0,0.01,0.99,1.0,0.0,0.0,0.0,0,0
kalshi,ETH,range,KXETH-26AUG0312,KXETH-26AUG0312-B1402,"$1,400 to 1,404.99",2026-08-03T16:00:00Z,between,1400.0,1404.99,0.0,0.01,0.99,1.0,0.0,0.0,0.0,0,0
kalshi,ETH,range,KXETH-26AUG0312,KXETH-26AUG0312-B1407,"$1,405 to 1,409.99",2026-08-03T16:00:00Z,between,1405.0,1409.99,0.0,0.01,0.99,1.0,0.0,0.0,0.0,0,0
kalshi,ETH,range,KXETH-26AUG0312,KXETH-26AUG0312-B1412,"$1,410 to 1,414.99",2026-08-03T16:00:00Z,between,1410.0,1414.99,0.0,0.01,0.99,1.0,0.0,0.0,0.0,0,0
kalshi,ETH,range,KXETH-26AUG0312,KXETH-26AUG0312-B1417,"$1,415 to 1,419.99",2026-08-03T16:00:00Z,between,1415.0,1419.99,0.0,0.01,0.99,1.0,0.0,0.0,0.0,0,0
kalshi,ETH,range,KXETH-26AUG0312,KXETH-26AUG0312-B1422,"$1,420 to 1,424.99",2026-08-03T16:00:00Z,between,1420.0,1424.99,0.0,0.01,0.99,1.0,0.0,0.0,0.0,0,0
kalshi,ETH,range,KXETH-26AUG0312,KXETH-26AUG0312-B1427,"$1,425 to 1,429.99",2026-08-03T16:00:00Z,between,1425.0,1429.99,0.0,0.01,0.99,1.0,0.0,0.0,0.0,0,0
kalshi,ETH,range,KXETH-26AUG0312,KXETH-26AUG0312-B1432,"$1,430 to 1,434.99",2026-08-03T16:00:00Z,between,1430.0,1434.99,0.0,0.01,0.99,1.0,0.0,0.0,0.0,0,0
kalshi,ETH,range,KXETH-26AUG0312,KXETH-26AUG0312-B1437,"$1,435 to 1,439.99",2026-08-03T16:00:00Z,between,1435.0,1439.99,0.0,0.01,0.99,1.0,0.0,0.0,0.0,0,0
kalshi,ETH,range,KXETH-26AUG0312,KXETH-26AUG0312-B1442,"$1,440 to 1,444.99",2026-08-03T16:00:00Z,between,1440.0,1444.99,0.0,0.01,0.99,1.0,0.0,0.0,0.0,0,0
kalshi,ETH,range,KXETH-26AUG0312,KXETH-26AUG0312-B1447,"$1,445 to 1,449.99",2026-08-03T16:00:00Z,between,1445.0,1449.99,0.0,0.01,0.99,1.0,0.0,0.0,0.0,0,0
kalshi,ETH,range,KXETH-26AUG0312,KXETH-26AUG0312-B1452,"$1,450 to 1,454.99",2026-08-03T16:00:00Z,between,1450.0,1454.99,0.0,0.01,0.99,1.0,0.0,0.0,0.0,0,0
kalshi,ETH,range,KXETH-26AUG0312,KXETH-26AUG0312-B1457,"$1,455 to 1,459.99",2026-08-03T16:00:00Z,between,1455.0,1459.99,0.0,0.01,0.99,1.0,0.0,0.0,0.0,0,0
kalshi,ETH,range,KXETH-26AUG0312,KXETH-26AUG0312-B1462,"$1,460 to 1,464.99",2026-08-03T16:00:00Z,between,1460.0,1464.99,0.0,0.01,0.99,1.0,0.0,0.0,0.0,0,0
kalshi,ETH,range,KXETH-26AUG0312,KXETH-26AUG0312-B1467,"$1,465 to 1,469.99",2026-08-03T16:00:00Z,between,1465.0,1469.99,0.0,0.01,0.99,1.0,0.0,0.0,0.0,0,0
kalshi,ETH,range,KXETH-26AUG0312,KXETH-26AUG0312-B1472,"$1,470 to 1,474.99",2026-08-03T16:00:00Z,between,1470.0,1474.99,0.0,0.01,0.99,1.0,0.0,0.0,0.0,0,0
kalshi,ETH,range,KXETH-26AUG0312,KXETH-26AUG0312-B1477,"$1,475 to 1,479.99",2026-08-03T16:00:00Z,between,1475.0,1479.99,0.0,0.01,0.99,1.0,0.0,0.0,0.0,0,0
kalshi,ETH,range,KXETH-26AUG0312,KXETH-26AUG0312-B1482,"$1,480 to 1,484.99",2026-08-03T16:00:00Z,between,1480.0,1484.99,0.0,0.01,0.99,1.0,0.0,0.0,0.0,0,0
kalshi,ETH,range,KXETH-26AUG0312,KXETH-26AUG0312-B1487,"$1,485 to 1,489.99",2026-08-03T16:00:00Z,between,1485.0,1489.99,0.0,0.01,0.99,1.0,0.0,0.0,0.0,0,0
kalshi,ETH,range,KXETH-26AUG0312,KXETH-26AUG0312-B1492,"$1,490 to 1,494.99",2026-08-03T16:00:00Z,between,1490.0,1494.99,0.0,0.01,0.99,1.0,0.0,0.0,0.0,0,0
kalshi,ETH,range,KXETH-26AUG0312,KXETH-26AUG0312-B1497,"$1,495 to 1,499.99",2026-08-03T16:00:00Z,between,1495.0,1499.99,0.0,0.01,0.99,1.0,0.0,0.0,0.0,0,0
kalshi,ETH,range,KXETH-26AUG0312,KXETH-26AUG0312-B1502,"$1,500 to 1,504.99",2026-08-03T16:00:00Z,between,1500.0,1504.99,0.0,0.01,0.99,1.0,0.0,0.0,0.0,0,0
kalshi,ETH,range,KXETH-26AUG0312,KXETH-26AUG0312-B1507,"$1,505 to 1,509.99",2026-08-03T16:00:00Z,between,1505.0,1509.99,0.0,0.01,0.99,1.0,0.0,0.0,0.0,0,0
kalshi,ETH,range,KXETH-26AUG0312,KXETH-26AUG0312-B1512,"$1,510 to 1,514.99",2026-08-03T16:00:00Z,between,1510.0,1514.99,0.0,0.01,0.99,1.0,0.0,0.0,0.0,0,0
kalshi,ETH,range,KXETH-26AUG0312,KXETH-26AUG0312-B1517,"$1,515 to 1,519.99",2026-08-03T16:00:00Z,between,1515.0,1519.99,0.0,0.01,0.99,1.0,0.0,0.0,0.0,0,0
kalshi,ETH,range,KXETH-26AUG0312,KXETH-26AUG0312-B1522,"$1,520 to 1,524.99",2026-08-03T16:00:00Z,between,1520.0,1524.99,0.0,0.01,0.99,1.0,0.0,0.0,0.0,0,0
kalshi,ETH,range,KXETH-26AUG0312,KXETH-26AUG0312-B1527,"$1,525 to 1,529.99",2026-08-03T16:00:00Z,between,1525.0,1529.99,0.0,0.01,0.99,1.0,0.0,0.0,0.0,0,0
kalshi,ETH,range,KXETH-26AUG0312,KXETH-26AUG0312-B1532,"$1,530 to 1,534.99",2026-08-03T16:00:00Z,between,1530.0,1534.99,0.0,0.01,0.99,1.0,0.0,0.0,0.0,0,0
kalshi,ETH,range,KXETH-26AUG0312,KXETH-26AUG0312-B1537,"$1,535 to 1,539.99",2026-08-03T16:00:00Z,between,1535.0,1539.99,0.0,0.01,0.99,1.0,0.0,0.0,0.0,0,0
kalshi,ETH,range,KXETH-26AUG0312,KXETH-26AUG0312-B1542,"$1,540 to 1,544.99",2026-08-03T16:00:00Z,between,1540.0,1544.99,0.0,0.01,0.99,1.0,0.0,0.0,0.0,0,0
kalshi,ETH,range,KXETH-26AUG0312,KXETH-26AUG0312-B1547,"$1,545 to 1,549.99",2026-08-03T16:00:00Z,between,1545.0,1549.99,0.0,0.01,0.99,1.0,0.0,0.0,0.0,0,0
kalshi,ETH,range,KXETH-26AUG0312,KXETH-26AUG0312-B1552,"$1,550 to 1,554.99",2026-08-03T16:00:00Z,between,1550.0,1554.99,0.0,0.01,0.99,1.0,0.0,0.0,0.0,0,0
kalshi,ETH,range,KXETH-26AUG0312,KXETH-26AUG0312-B1557,"$1,555 to 1,559.99",2026-08-03T16:00:00Z,between,1555.0,1559.99,0.0,0.01,0.99,1.0,0.0,0.0,0.0,0,0
kalshi,ETH,range,KXETH-26AUG0312,KXETH-26AUG0312-B1562,"$1,560 to 1,564.99",2026-08-03T16:00:00Z,between,1560.0,1564.99,0.0,0.01,0.99,1.0,0.0,0.0,0.0,0,0
kalshi,ETH,range,KXETH-26AUG0312,KXETH-26AUG0312-B1567,"$1,565 to 1,569.99",2026-08-03T16:00:00Z,between,1565.0,1569.99,0.0,0.01,0.99,1.0,0.0,0.0,0.0,0,0
kalshi,ETH,range,KXETH-26AUG0312,KXETH-26AUG0312-B1572,"$1,570 to 1,574.99",2026-08-03T16:00:00Z,between,1570.0,1574.99,0.0,0.01,0.99,1.0,0.0,0.0,0.0,0,0
kalshi,ETH,range,KXETH-26AUG0312,KXETH-26AUG0312-B1577,"$1,575 to 1,579.99",2026-08-03T16:00:00Z,between,1575.0,1579.99,0.0,0.01,0.99,1.0,0.0,0.0,0.0,0,0
kalshi,ETH,range,KXETH-26AUG0312,KXETH-26AUG0312-B1582,"$1,580 to 1,584.99",2026-08-03T16:00:00Z,between,1580.0,1584.99,0.0,0.01,0.99,1.0,0.0,0.0,0.0,0,0
kalshi,ETH,range,KXETH-26AUG0312,KXETH-26AUG0312-B1587,"$1,585 to 1,589.99",2026-08-03T16:00:00Z,between,1585.0,1589.99,0.0,0.01,0.99,1.0,0.0,0.0,0.0,0,0
kalshi,ETH,range,KXETH-26AUG0312,KXETH-26AUG0312-B1592,"$1,590 to 1,594.99",2026-08-03T16:00:00Z,between,1590.0,1594.99,0.0,0.01,0.99,1.0,0.0,0.0,0.0,0,0
kalshi,ETH,range,KXETH-26AUG0312,KXETH-26AUG0312-B1597,"$1,595 to 1,599.99",2026-08-03T16:00:00Z,between,1595.0,1599.99,0.0,0.01,0.99,1.0,0.0,0.0,0.0,0,0
kalshi,ETH,range,KXETH-26AUG0312,KXETH-26AUG0312-B1602,"$1,600 to 1,604.99",2026-08-03T16:00:00Z,between,1600.0,1604.99,0.0,0.01,0.99,1.0,0.0,0.0,0.0,0,0
kalshi,ETH,range,KXETH-26AUG0312,KXETH-26AUG0312-B1607,"$1,605 to 1,609.99",2026-08-03T16:00:00Z,between,1605.0,1609.99,0.0,0.01,0.99,1.0,0.0,0.0,0.0,0,0
kalshi,ETH,range,KXETH-26AUG0312,KXETH-26AUG0312-B1612,"$1,610 to 1,614.99",2026-08-03T16:00:00Z,between,1610.0,1614.99,0.0,0.01,0.99,1.0,0.0,0.0,0.0,0,0
kalshi,ETH,range,KXETH-26AUG0312,KXETH-26AUG0312-B1617,"$1,615 to 1,619.99",2026-08-03T16:00:00Z,between,1615.0,1619.99,0.0,0.01,0.99,1.0,0.0,0.0,0.0,0,0
kalshi,ETH,range,KXETH-26AUG0312,KXETH-26AUG0312-B1622,"$1,620 to 1,624.99",2026-08-03T16:00:00Z,between,1620.0,1624.99,0.0,0.01,0.99,1.0,0.0,0.0,0.0,0,0
kalshi,ETH,range,KXETH-26AUG0312,KXETH-26AUG0312-B1627,"$1,625 to 1,629.99",2026-08-03T16:00:00Z,between,1625.0,1629.99,0.0,0.01,0.99,1.0,0.0,0.0,0.0,0,0
kalshi,ETH,range,KXETH-26AUG0312,KXETH-26AUG0312-B1632,"$1,630 to 1,634.99",2026-08-03T16:00:00Z,between,1630.0,1634.99,0.0,0.01,0.99,1.0,0.0,0.0,0.0,0,0
kalshi,ETH,range,KXETH-26AUG0312,KXETH-26AUG0312-B1637,"$1,635 to 1,639.99",2026-08-03T16:00:00Z,between,1635.0,1639.99,0.0,0.01,0.99,1.0,0.0,0.0,0.0,0,0
kalshi,ETH,range,KXETH-26AUG0312,KXETH-26AUG0312-B1642,"$1,640 to 1,644.99",2026-08-03T16:00:00Z,between,1640.0,1644.99,0.0,0.01,0.99,1.0,0.0,0.0,0.0,0,0
kalshi,ETH,range,KXETH-26AUG0312,KXETH-26AUG0312-B1647,"$1,645 to 1,649.99",2026-08-03T16:00:00Z,between,1645.0,1649.99,0.0,0.01,0.99,1.0,0.0,0.0,0.0,0,0
kalshi,ETH,range,KXETH-26AUG0312,KXETH-26AUG0312-B1652,"$1,650 to 1,654.99",2026-08-03T16:00:00Z,between,1650.0,1654.99,0.0,0.01,0.99,1.0,0.0,0.0,0.0,0,0
kalshi,ETH,range,KXETH-26AUG0312,KXETH-26AUG0312-B1657,"$1,655 to 1,659.99",2026-08-03T16:00:00Z,between,1655.0,1659.99,0.0,0.01,0.99,1.0,0.0,0.0,0.0,0,0
kalshi,ETH,range,KXETH-26AUG0312,KXETH-26AUG0312-B1662,"$1,660 to 1,664.99",2026-08-03T16:00:00Z,between,1660.0,1664.99,0.0,0.01,0.99,1.0,0.0,0.0,0.0,0,0
kalshi,ETH,range,KXETH-26AUG0312,KXETH-26AUG0312-B1667,"$1,665 to 1,669.99",2026-08-03T16:00:00Z,between,1665.0,1669.99,0.0,0.01,0.99,1.0,0.0,0.0,0.0,0,0
kalshi,ETH,range,KXETH-26AUG0312,KXETH-26AUG0312-B1672,"$1,670 to 1,674.99",2026-08-03T16:00:00Z,between,1670.0,1674.99,0.0,0.01,0.99,1.0,0.0,0.0,0.0,0,0
kalshi,ETH,range,KXETH-26AUG0312,KXETH-26AUG0312-B1677,"$1,675 to 1,679.99",2026-08-03T16:00:00Z,between,1675.0,1679.99,0.0,0.01,0.99,1.0,0.0,0.0,0.0,0,0
kalshi,ETH,range,KXETH-26AUG0312,KXETH-26AUG0312-B1682,"$1,680 to 1,684.99",2026-08-03T16:00:00Z,between,1680.0,1684.99,0.0,0.01,0.99,1.0,0.0,0.0,0.0,0,0
kalshi,ETH,range,KXETH-26AUG0312,KXETH-26AUG0312-B1687,"$1,685 to 1,689.99",2026-08-03T16:00:00Z,between,1685.0,1689.99,0.0,0.01,0.99,1.0,0.0,0.0,0.0,0,0
kalshi,ETH,range,KXETH-26AUG0312,KXETH-26AUG0312-B1692,"$1,690 to 1,694.99",2026-08-03T16:00:00Z,between,1690.0,1694.99,0.0,0.01,0.99,1.0,0.0,0.0,0.0,0,0
kalshi,ETH,range,KXETH-26AUG0312,KXETH-26AUG0312-B1697,"$1,695 to 1,699.99",2026-08-03T16:00:00Z,between,1695.0,1699.99,0.0,0.01,0.99,1.0,0.0,0.0,0.0,0,0
kalshi,ETH,range,KXETH-26AUG0312,KXETH-26AUG0312-B1702,"$1,700 to 1,704.99",2026-08-03T16:00:00Z,between,1700.0,1704.99,0.0,0.01,0.99,1.0,0.0,0.0,0.0,0,0
kalshi,ETH,range,KXETH-26AUG0312,KXETH-26AUG0312-B1707,"$1,705 to 1,709.99",2026-08-03T16:00:00Z,between,1705.0,1709.99,0.0,0.01,0.99,1.0,0.0,0.0,0.0,0,0
kalshi,ETH,range,KXETH-26AUG0312,KXETH-26AUG0312-B1712,"$1,710 to 1,714.99",2026-08-03T16:00:00Z,between,1710.0,1714.99,0.0,0.01,0.99,1.0,0.0,0.0,0.0,0,0
kalshi,ETH,range,KXETH-26AUG0312,KXETH-26AUG0312-B1717,"$1,715 to 1,719.99",2026-08-03T16:00:00Z,between,1715.0,1719.99,0.0,0.01,0.99,1.0,0.0,0.0,0.0,0,0
kalshi,ETH,range,KXETH-26AUG0312,KXETH-26AUG0312-B1722,"$1,720 to 1,724.99",2026-08-03T16:00:00Z,between,1720.0,1724.99,0.0,0.01,0.99,1.0,0.0,0.0,0.0,0,0
kalshi,ETH,range,KXETH-26AUG0312,KXETH-26AUG0312-B1727,"$1,725 to 1,729.99",2026-08-03T16:00:00Z,between,1725.0,1729.99,0.0,0.01,0.99,1.0,0.0,0.0,0.0,0,0
kalshi,ETH,range,KXETH-26AUG0312,KXETH-26AUG0312-B1732,"$1,730 to 1,734.99",2026-08-03T16:00:00Z,between,1730.0,1734.99,0.0,0.01,0.99,1.0,0.0,0.0,0.0,0,0
kalshi,ETH,range,KXETH-26AUG0312,KXETH-26AUG0312-B1737,"$1,735 to 1,739.99",2026-08-03T16:00:00Z,between,1735.0,1739.99,0.0,0.01,0.99,1.0,0.0,0.0,0.0,0,0
kalshi,ETH,range,KXETH-26AUG0312,KXETH-26AUG0312-B1742,"$1,740 to 1,744.99",2026-08-03T16:00:00Z,between,1740.0,1744.99,0.0,0.01,0.99,1.0,0.0,0.0,0.0,0,0
kalshi,ETH,range,KXETH-26AUG0312,KXETH-26AUG0312-B1747,"$1,745 to 1,749.99",2026-08-03T16:00:00Z,between,1745.0,1749.99,0.0,0.01,0.99,1.0,0.0,0.0,0.0,0,0
kalshi,ETH,range,KXETH-26AUG0312,KXETH-26AUG0312-B1752,"$1,750 to 1,754.99",2026-08-03T16:00:00Z,between,1750.0,1754.99,0.0,0.01,0.99,1.0,0.0,0.0,0.0,0,0
kalshi,ETH,range,KXETH-26AUG0312,KXETH-26AUG0312-B1757,"$1,755 to 1,759.99",2026-08-03T16:00:00Z,between,1755.0,1759.99,0.0,0.01,0.99,1.0,0.0,0.0,0.0,0,0
kalshi,ETH,range,KXETH-26AUG0312,KXETH-26AUG0312-B1762,"$1,760 to 1,764.99",2026-08-03T16:00:00Z,between,1760.0,1764.99,0.0,0.01,0.99,1.0,0.0,0.0,0.0,0,0
kalshi,ETH,range,KXETH-26AUG0312,KXETH-26AUG0312-B1767,"$1,765 to 1,769.99",2026-08-03T16:00:00Z,between,1765.0,1769.99,0.0,0.01,0.99,1.0,0.0,0.0,0.0,0,0
kalshi,ETH,range,KXETH-26AUG0312,KXETH-26AUG0312-B1772,"$1,770 to 1,774.99",2026-08-03T16:00:00Z,between,1770.0,1774.99,0.0,0.01,0.99,1.0,0.0,0.0,0.0,0,0
kalshi,ETH,range,KXETH-26AUG0312,KXETH-26AUG0312-B1777,"$1,775 to 1,779.99",2026-08-03T16:00:00Z,between,1775.0,1779.99,0.0,0.01,0.99,1.0,0.0,0.0,0.0,0,0
kalshi,ETH,range,KXETH-26AUG0312,KXETH-26AUG0312-B1782,"$1,780 to 1,784.99",2026-08-03T16:00:00Z,between,1780.0,1784.99,0.0,0.01,0.99,1.0,0.0,0.0,0.0,0,0
kalshi,ETH,range,KXETH-26AUG0312,KXETH-26AUG0312-B1787,"$1,785 to 1,789.99",2026-08-03T16:00:00Z,between,1785.0,1789.99,0.0,0.01,0.99,1.0,0.0,0.0,0.0,0,0
kalshi,ETH,range,KXETH-26AUG0312,KXETH-26AUG0312-B1792,"$1,790 to 1,794.99",2026-08-03T16:00:00Z,between,1790.0,1794.99,0.0,0.01,0.99,1.0,0.0,0.0,0.0,0,0
kalshi,ETH,range,KXETH-26AUG0312,KXETH-26AUG0312-B1797,"$1,795 to 1,799.99",2026-08-03T16:00:00Z,between,1795.0,1799.99,0.0,0.01,0.99,1.0,0.0,0.0,0.0,0,0
kalshi,ETH,range,KXETH-26AUG0312,KXETH-26AUG0312-B1802,"$1,800 to 1,804.99",2026-08-03T16:00:00Z,between,1800.0,1804.99,0.0,0.01,0.99,1.0,0.0,0.0,0.0,0,0
kalshi,ETH,range,KXETH-26AUG0312,KXETH-26AUG0312-B1807,"$1,805 to 1,809.99",2026-08-03T16:00:00Z,between,1805.0,1809.99,0.0,0.01,0.99,1.0,0.0,0.0,0.0,0,0
kalshi,ETH,range,KXETH-26AUG0312,KXETH-26AUG0312-B1812,"$1,810 to 1,814.99",2026-08-03T16:00:00Z,between,1810.0,1814.99,0.0,0.01,0.99,1.0,0.0,0.0,0.0,0,0
kalshi,ETH,range,KXETH-26AUG0312,KXETH-26AUG0312-B1817,"$1,815 to 1,819.99",2026-08-03T16:00:00Z,between,1815.0,1819.99,0.0,0.01,0.99,1.0,0.0,0.0,0.0,0,0
kalshi,ETH,range,KXETH-26AUG0312,KXETH-26AUG0312-B1822,"$1,820 to 1,824.99",2026-08-03T16:00:00Z,between,1820.0,1824.99,0.0,0.01,0.99,1.0,0.0,0.0,0.0,0,0
kalshi,ETH,range,KXETH-26AUG0312,KXETH-26AUG0312-B1827,"$1,825 to 1,829.99",2026-08-03T16:00:00Z,between,1825.0,1829.99,0.0,0.01,0.99,1.0,0.0,0.0,0.0,0,0
kalshi,ETH,range,KXETH-26AUG0312,KXETH-26AUG0312-B1832,"$1,830 to 1,834.99",2026-08-03T16:00:00Z,between,1830.0,1834.99,0.0,0.01,0.99,1.0,0.0,0.0,0.0,0,0
kalshi,ETH,range,KXETH-26AUG0312,KXETH-26AUG0312-B1837,"$1,835 to 1,839.99",2026-08-03T16:00:00Z,between,1835.0,1839.99,0.0,0.18,0.82,1.0,0.0,0.0,0.0,0,0
kalshi,ETH,range,KXETH-26AUG0312,KXETH-26AUG0312-B1842,"$1,840 to 1,844.99",2026-08-03T16:00:00Z,between,1840.0,1844.99,0.0,0.02,0.98,1.0,0.0,0.0,0.0,0,0
kalshi,ETH,range,KXETH-26AUG0312,KXETH-26AUG0312-B1847,"$1,845 to 1,849.99",2026-08-03T16:00:00Z,between,1845.0,1849.99,0.0,0.04,0.96,1.0,0.0,0.0,0.0,0,0
kalshi,ETH,range,KXETH-26AUG0312,KXETH-26AUG0312-B1852,"$1,850 to 1,854.99",2026-08-03T16:00:00Z,between,1850.0,1854.99,0.06,0.11,0.89,0.94,0.08,1.0,1.0,2000.0,2497.0
kalshi,ETH,range,KXETH-26AUG0312,KXETH-26AUG0312-B1857,"$1,855 to 1,859.99",2026-08-03T16:00:00Z,between,1855.0,1859.99,0.24,0.28,0.72,0.76,0.27,357.0,188.0,2231.42,2384.0
kalshi,ETH,range,KXETH-26AUG0312,KXETH-26AUG0312-B1862,"$1,860 to 1,864.99",2026-08-03T16:00:00Z,between,1860.0,1864.99,0.35,0.4,0.6,0.65,0.36,521.12,521.12,2244.19,2436.76
kalshi,ETH,range,KXETH-26AUG0312,KXETH-26AUG0312-B1867,"$1,865 to 1,869.99",2026-08-03T16:00:00Z,between,1865.0,1869.99,0.15,0.18,0.82,0.85,0.16,633.07,207.07,2160.0,2661.0
kalshi,ETH,range,KXETH-26AUG0312,KXETH-26AUG0312-B1872,"$1,870 to 1,874.99",2026-08-03T16:00:00Z,between,1870.0,1874.99,0.04,0.08,0.92,0.96,0.11,427.05,427.0,2160.0,2689.0
kalshi,ETH,range,KXETH-26AUG0312,KXETH-26AUG0312-B1877,"$1,875 to 1,879.99",2026-08-03T16:00:00Z,between,1875.0,1879.99,0.0,0.03,0.97,1.0,0.08,96.0,96.0,0,0
kalshi,ETH,range,KXETH-26AUG0312,KXETH-26AUG0312-B1882,"$1,880 to 1,884.99",2026-08-03T16:00:00Z,between,1880.0,1884.99,0.0,0.04,0.96,1.0,0.03,45.0,45.0,0,0
kalshi,ETH,range,KXETH-26AUG0312,KXETH-26AUG0312-B1887,"$1,885 to 1,889.99",2026-08-03T16:00:00Z,between,1885.0,1889.99,0.0,0.18,0.82,1.0,0.0,0.0,0.0,0,0
kalshi,ETH,range,KXETH-26AUG0312,KXETH-26AUG0312-B1892,"$1,890 to 1,894.99",2026-08-03T16:00:00Z,between,1890.0,1894.99,0.0,0.01,0.99,1.0,0.0,0.0,0.0,0,0
kalshi,ETH,range,KXETH-26AUG0312,KXETH-26AUG0312-B1897,"$1,895 to 1,899.99",2026-08-03T16:00:00Z,between,1895.0,1899.99,0.0,0.01,0.99,1.0,0.0,0.0,0.0,0,0
kalshi,ETH,range,KXETH-26AUG0312,KXETH-26AUG0312-B1902,"$1,900 to 1,904.99",2026-08-03T16:00:00Z,between,1900.0,1904.99,0.0,0.01,0.99,1.0,0.0,0.0,0.0,0,0
kalshi,ETH,range,KXETH-26AUG0312,KXETH-26AUG0312-B1907,"$1,905 to 1,909.99",2026-08-03T16:00:00Z,between,1905.0,1909.99,0.0,0.01,0.99,1.0,0.0,0.0,0.0,0,0
kalshi,ETH,range,KXETH-26AUG0312,KXETH-26AUG0312-B1912,"$1,910 to 1,914.99",2026-08-03T16:00:00Z,between,1910.0,1914.99,0.0,0.01,0.99,1.0,0.0,0.0,0.0,0,0
kalshi,ETH,range,KXETH-26AUG0312,KXETH-26AUG0312-B1917,"$1,915 to 1,919.99",2026-08-03T16:00:00Z,between,1915.0,1919.99,0.0,0.01,0.99,1.0,0.0,0.0,0.0,0,0
kalshi,ETH,range,KXETH-26AUG0312,KXETH-26AUG0312-B1922,"$1,920 to 1,924.99",2026-08-03T16:00:00Z,between,1920.0,1924.99,0.0,0.01,0.99,1.0,0.0,0.0,0.0,0,0
kalshi,ETH,range,KXETH-26AUG0312,KXETH-26AUG0312-B1927,"$1,925 to 1,929.99",2026-08-03T16:00:00Z,between,1925.0,1929.99,0.0,0.01,0.99,1.0,0.0,0.0,0.0,0,0
kalshi,ETH,range,KXETH-26AUG0312,KXETH-26AUG0312-B1932,"$1,930 to 1,934.99",2026-08-03T16:00:00Z,between,1930.0,1934.99,0.0,0.01,0.99,1.0,0.0,0.0,0.0,0,0
kalshi,ETH,range,KXETH-26AUG0312,KXETH-26AUG0312-B1937,"$1,935 to 1,939.99",2026-08-03T16:00:00Z,between,1935.0,1939.99,0.0,0.01,0.99,1.0,0.0,0.0,0.0,0,0
kalshi,ETH,range,KXETH-26AUG0312,KXETH-26AUG0312-B1942,"$1,940 to 1,944.99",2026-08-03T16:00:00Z,between,1940.0,1944.99,0.0,0.01,0.99,1.0,0.0,0.0,0.0,0,0
kalshi,ETH,range,KXETH-26AUG0312,KXETH-26AUG0312-B1947,"$1,945 to 1,949.99",2026-08-03T16:00:00Z,between,1945.0,1949.99,0.0,0.01,0.99,1.0,0.0,0.0,0.0,0,0
kalshi,ETH,range,KXETH-26AUG0312,KXETH-26AUG0312-B1952,"$1,950 to 1,954.99",2026-08-03T16:00:00Z,between,1950.0,1954.99,0.0,0.01,0.99,1.0,0.0,0.0,0.0,0,0
kalshi,ETH,range,KXETH-26AUG0312,KXETH-26AUG0312-B1957,"$1,955 to 1,959.99",2026-08-03T16:00:00Z,between,1955.0,1959.99,0.0,0.01,0.99,1.0,0.0,0.0,0.0,0,0
kalshi,ETH,range,KXETH-26AUG0312,KXETH-26AUG0312-B1962,"$1,960 to 1,964.99",2026-08-03T16:00:00Z,between,1960.0,1964.99,0.0,0.01,0.99,1.0,0.0,0.0,0.0,0,0
kalshi,ETH,range,KXETH-26AUG0312,KXETH-26AUG0312-B1967,"$1,965 to 1,969.99",2026-08-03T16:00:00Z,between,1965.0,1969.99,0.0,0.01,0.99,1.0,0.0,0.0,0.0,0,0
kalshi,ETH,range,KXETH-26AUG0312,KXETH-26AUG0312-B1972,"$1,970 to 1,974.99",2026-08-03T16:00:00Z,between,1970.0,1974.99,0.0,0.01,0.99,1.0,0.0,0.0,0.0,0,0
kalshi,ETH,range,KXETH-26AUG0312,KXETH-26AUG0312-B1977,"$1,975 to 1,979.99",2026-08-03T16:00:00Z,between,1975.0,1979.99,0.0,0.01,0.99,1.0,0.0,0.0,0.0,0,0
kalshi,ETH,range,KXETH-26AUG0312,KXETH-26AUG0312-B1982,"$1,980 to 1,984.99",2026-08-03T16:00:00Z,between,1980.0,1984.99,0.0,0.01,0.99,1.0,0.0,0.0,0.0,0,0
kalshi,ETH,range,KXETH-26AUG0312,KXETH-26AUG0312-B1987,"$1,985 to 1,989.99",2026-08-03T16:00:00Z,between,1985.0,1989.99,0.0,0.01,0.99,1.0,0.0,0.0,0.0,0,0
kalshi,ETH,range,KXETH-26AUG0312,KXETH-26AUG0312-B1992,"$1,990 to 1,994.99",2026-08-03T16:00:00Z,between,1990.0,1994.99,0.0,0.01,0.99,1.0,0.0,0.0,0.0,0,0
kalshi,ETH,range,KXETH-26AUG0312,KXETH-26AUG0312-B1997,"$1,995 to 1,999.99",2026-08-03T16:00:00Z,between,1995.0,1999.99,0.0,0.01,0.99,1.0,0.0,0.0,0.0,0,0
kalshi,ETH,range,KXETH-26AUG0312,KXETH-26AUG0312-B2002,"$2,000 to 2,004.99",2026-08-03T16:00:00Z,between,2000.0,2004.99,0.0,0.01,0.99,1.0,0.0,0.0,0.0,0,0
kalshi,ETH,range,KXETH-26AUG0312,KXETH-26AUG0312-B2007,"$2,005 to 2,009.99",2026-08-03T16:00:00Z,between,2005.0,2009.99,0.0,0.01,0.99,1.0,0.0,0.0,0.0,0,0
kalshi,ETH,range,KXETH-26AUG0312,KXETH-26AUG0312-B2012,"$2,010 to 2,014.99",2026-08-03T16:00:00Z,between,2010.0,2014.99,0.0,0.01,0.99,1.0,0.0,0.0,0.0,0,0
kalshi,ETH,range,KXETH-26AUG0312,KXETH-26AUG0312-B2017,"$2,015 to 2,019.99",2026-08-03T16:00:00Z,between,2015.0,2019.99,0.0,0.01,0.99,1.0,0.0,0.0,0.0,0,0
kalshi,ETH,range,KXETH-26AUG0312,KXETH-26AUG0312-B2022,"$2,020 to 2,024.99",2026-08-03T16:00:00Z,between,2020.0,2024.99,0.0,0.01,0.99,1.0,0.0,0.0,0.0,0,0
kalshi,ETH,range,KXETH-26AUG0312,KXETH-26AUG0312-B2027,"$2,025 to 2,029.99",2026-08-03T16:00:00Z,between,2025.0,2029.99,0.0,0.01,0.99,1.0,0.0,0.0,0.0,0,0
kalshi,ETH,range,KXETH-26AUG0312,KXETH-26AUG0312-B2032,"$2,030 to 2,034.99",2026-08-03T16:00:00Z,between,2030.0,2034.99,0.0,0.01,0.99,1.0,0.0,0.0,0.0,0,0
kalshi,ETH,range,KXETH-26AUG0312,KXETH-26AUG0312-B2037,"$2,035 to 2,039.99",2026-08-03T16:00:00Z,between,2035.0,2039.99,0.0,0.01,0.99,1.0,0.0,0.0,0.0,0,0
kalshi,ETH,range,KXETH-26AUG0312,KXETH-26AUG0312-B2042,"$2,040 to 2,044.99",2026-08-03T16:00:00Z,between,2040.0,2044.99,0.0,0.01,0.99,1.0,0.0,0.0,0.0,0,0
kalshi,ETH,range,KXETH-26AUG0312,KXETH-26AUG0312-B2047,"$2,045 to 2,049.99",2026-08-03T16:00:00Z,between,2045.0,2049.99,0.0,0.01,0.99,1.0,0.0,0.0,0.0,0,0
kalshi,ETH,range,KXETH-26AUG0312,KXETH-26AUG0312-B2052,"$2,050 to 2,054.99",2026-08-03T16:00:00Z,between,2050.0,2054.99,0.0,0.01,0.99,1.0,0.0,0.0,0.0,0,0
kalshi,ETH,range,KXETH-26AUG0312,KXETH-26AUG0312-B2057,"$2,055 to 2,059.99",2026-08-03T16:00:00Z,between,2055.0,2059.99,0.0,0.01,0.99,1.0,0.0,0.0,0.0,0,0
kalshi,ETH,range,KXETH-26AUG0312,KXETH-26AUG0312-B2062,"$2,060 to 2,064.99",2026-08-03T16:00:00Z,between,2060.0,2064.99,0.0,0.01,0.99,1.0,0.0,0.0,0.0,0,0
kalshi,ETH,range,KXETH-26AUG0312,KXETH-26AUG0312-B2067,"$2,065 to 2,069.99",2026-08-03T16:00:00Z,between,2065.0,2069.99,0.0,0.01,0.99,1.0,0.0,0.0,0.0,0,0
kalshi,ETH,range,KXETH-26AUG0312,KXETH-26AUG0312-B2072,"$2,070 to 2,074.99",2026-08-03T16:00:00Z,between,2070.0,2074.99,0.0,0.01,0.99,1.0,0.0,0.0,0.0,0,0
kalshi,ETH,range,KXETH-26AUG0312,KXETH-26AUG0312-B2077,"$2,075 to 2,079.99",2026-08-03T16:00:00Z,between,2075.0,2079.99,0.0,0.01,0.99,1.0,0.0,0.0,0.0,0,0
kalshi,ETH,range,KXETH-26AUG0312,KXETH-26AUG0312-B2082,"$2,080 to 2,084.99",2026-08-03T16:00:00Z,between,2080.0,2084.99,0.0,0.01,0.99,1.0,0.0,0.0,0.0,0,0
kalshi,ETH,range,KXETH-26AUG0312,KXETH-26AUG0312-B2087,"$2,085 to 2,089.99",2026-08-03T16:00:00Z,between,2085.0,2089.99,0.0,0.01,0.99,1.0,0.0,0.0,0.0,0,0
kalshi,ETH,range,KXETH-26AUG0312,KXETH-26AUG0312-B2092,"$2,090 to 2,094.99",2026-08-03T16:00:00Z,between,2090.0,2094.99,0.0,0.01,0.99,1.0,0.0,0.0,0.0,0,0
kalshi,ETH,range,KXETH-26AUG0312,KXETH-26AUG0312-B2097,"$2,095 to 2,099.99",2026-08-03T16:00:00Z,between,2095.0,2099.99,0.0,0.01,0.99,1.0,0.0,0.0,0.0,0,0
kalshi,ETH,range,KXETH-26AUG0312,KXETH-26AUG0312-B2102,"$2,100 to 2,104.99",2026-08-03T16:00:00Z,between,2100.0,2104.99,0.0,0.01,0.99,1.0,0.0,0.0,0.0,0,0
kalshi,ETH,range,KXETH-26AUG0312,KXETH-26AUG0312-B2107,"$2,105 to 2,109.99",2026-08-03T16:00:00Z,between,2105.0,2109.99,0.0,0.01,0.99,1.0,0.0,0.0,0.0,0,0
kalshi,ETH,range,KXETH-26AUG0312,KXETH-26AUG0312-B2112,"$2,110 to 2,114.99",2026-08-03T16:00:00Z,between,2110.0,2114.99,0.0,0.01,0.99,1.0,0.0,0.0,0.0,0,0
kalshi,ETH,range,KXETH-26AUG0312,KXETH-26AUG0312-B2117,"$2,115 to 2,119.99",2026-08-03T16:00:00Z,between,2115.0,2119.99,0.0,0.01,0.99,1.0,0.0,0.0,0.0,0,0
kalshi,ETH,range,KXETH-26AUG0312,KXETH-26AUG0312-B2122,"$2,120 to 2,124.99",2026-08-03T16:00:00Z,between,2120.0,2124.99,0.0,0.01,0.99,1.0,0.0,0.0,0.0,0,0
kalshi,ETH,range,KXETH-26AUG0312,KXETH-26AUG0312-B2127,"$2,125 to 2,129.99",2026-08-03T16:00:00Z,between,2125.0,2129.99,0.0,0.01,0.99,1.0,0.0,0.0,0.0,0,0
kalshi,ETH,range,KXETH-26AUG0312,KXETH-26AUG0312-B2132,"$2,130 to 2,134.99",2026-08-03T16:00:00Z,between,2130.0,2134.99,0.0,0.01,0.99,1.0,0.0,0.0,0.0,0,0
kalshi,ETH,range,KXETH-26AUG0312,KXETH-26AUG0312-B2137,"$2,135 to 2,139.99",2026-08-03T16:00:00Z,between,2135.0,2139.99,0.0,0.01,0.99,1.0,0.0,0.0,0.0,0,0
kalshi,ETH,range,KXETH-26AUG0312,KXETH-26AUG0312-B2142,"$2,140 to 2,144.99",2026-08-03T16:00:00Z,between,2140.0,2144.99,0.0,0.01,0.99,1.0,0.0,0.0,0.0,0,0
kalshi,ETH,range,KXETH-26AUG0312,KXETH-26AUG0312-B2147,"$2,145 to 2,149.99",2026-08-03T16:00:00Z,between,2145.0,2149.99,0.0,0.01,0.99,1.0,0.0,0.0,0.0,0,0
kalshi,ETH,range,KXETH-26AUG0312,KXETH-26AUG0312-B2152,"$2,150 to 2,154.99",2026-08-03T16:00:00Z,between,2150.0,2154.99,0.0,0.01,0.99,1.0,0.0,0.0,0.0,0,0
kalshi,ETH,range,KXETH-26AUG0312,KXETH-26AUG0312-B2157,"$2,155 to 2,159.99",2026-08-03T16:00:00Z,between,2155.0,2159.99,0.0,0.01,0.99,1.0,0.0,0.0,0.0,0,0
kalshi,ETH,range,KXETH-26AUG0312,KXETH-26AUG0312-B2162,"$2,160 to 2,164.99",2026-08-03T16:00:00Z,between,2160.0,2164.99,0.0,0.01,0.99,1.0,0.0,0.0,0.0,0,0
kalshi,ETH,range,KXETH-26AUG0312,KXETH-26AUG0312-B2167,"$2,165 to 2,169.99",2026-08-03T16:00:00Z,between,2165.0,2169.99,0.0,0.01,0.99,1.0,0.0,0.0,0.0,0,0
kalshi,ETH,range,KXETH-26AUG0312,KXETH-26AUG0312-B2172,"$2,170 to 2,174.99",2026-08-03T16:00:00Z,between,2170.0,2174.99,0.0,0.01,0.99,1.0,0.0,0.0,0.0,0,0
kalshi,ETH,range,KXETH-26AUG0312,KXETH-26AUG0312-B2177,"$2,175 to 2,179.99",2026-08-03T16:00:00Z,between,2175.0,2179.99,0.0,0.01,0.99,1.0,0.0,0.0,0.0,0,0
kalshi,ETH,range,KXETH-26AUG0312,KXETH-26AUG0312-B2182,"$2,180 to 2,184.99",2026-08-03T16:00:00Z,between,2180.0,2184.99,0.0,0.01,0.99,1.0,0.0,0.0,0.0,0,0
kalshi,ETH,range,KXETH-26AUG0312,KXETH-26AUG0312-B2187,"$2,185 to 2,189.99",2026-08-03T16:00:00Z,between,2185.0,2189.99,0.0,0.01,0.99,1.0,0.0,0.0,0.0,0,0
kalshi,ETH,range,KXETH-26AUG0312,KXETH-26AUG0312-B2192,"$2,190 to 2,194.99",2026-08-03T16:00:00Z,between,2190.0,2194.99,0.0,0.01,0.99,1.0,0.0,0.0,0.0,0,0
kalshi,ETH,range,KXETH-26AUG0312,KXETH-26AUG0312-B2197,"$2,195 to 2,199.99",2026-08-03T16:00:00Z,between,2195.0,2199.99,0.0,0.01,0.99,1.0,0.0,0.0,0.0,0,0
kalshi,ETH,range,KXETH-26AUG0312,KXETH-26AUG0312-B2202,"$2,200 to 2,204.99",2026-08-03T16:00:00Z,between,2200.0,2204.99,0.0,0.01,0.99,1.0,0.0,0.0,0.0,0,0
kalshi,ETH,range,KXETH-26AUG0312,KXETH-26AUG0312-B2207,"$2,205 to 2,209.99",2026-08-03T16:00:00Z,between,2205.0,2209.99,0.0,0.01,0.99,1.0,0.0,0.0,0.0,0,0
kalshi,ETH,range,KXETH-26AUG0312,KXETH-26AUG0312-B2212,"$2,210 to 2,214.99",2026-08-03T16:00:00Z,between,2210.0,2214.99,0.0,0.01,0.99,1.0,0.0,0.0,0.0,0,0
kalshi,ETH,range,KXETH-26AUG0312,KXETH-26AUG0312-B2217,"$2,215 to 2,219.99",2026-08-03T16:00:00Z,between,2215.0,2219.99,0.0,0.01,0.99,1.0,0.0,0.0,0.0,0,0
kalshi,ETH,range,KXETH-26AUG0312,KXETH-26AUG0312-B2222,"$2,220 to 2,224.99",2026-08-03T16:00:00Z,between,2220.0,2224.99,0.0,0.01,0.99,1.0,0.0,0.0,0.0,0,0
kalshi,ETH,range,KXETH-26AUG0312,KXETH-26AUG0312-B2227,"$2,225 to 2,229.99",2026-08-03T16:00:00Z,between,2225.0,2229.99,0.0,0.01,0.99,1.0,0.0,0.0,0.0,0,0
kalshi,ETH,range,KXETH-26AUG0312,KXETH-26AUG0312-B2232,"$2,230 to 2,234.99",2026-08-03T16:00:00Z,between,2230.0,2234.99,0.0,0.01,0.99,1.0,0.0,0.0,0.0,0,0
kalshi,ETH,range,KXETH-26AUG0312,KXETH-26AUG0312-B2237,"$2,235 to 2,239.99",2026-08-03T16:00:00Z,between,2235.0,2239.99,0.0,0.01,0.99,1.0,0.0,0.0,0.0,0,0
kalshi,ETH,range,KXETH-26AUG0312,KXETH-26AUG0312-B2242,"$2,240 to 2,244.99",2026-08-03T16:00:00Z,between,2240.0,2244.99,0.0,0.01,0.99,1.0,0.0,0.0,0.0,0,0
kalshi,ETH,range,KXETH-26AUG0312,KXETH-26AUG0312-B2247,"$2,245 to 2,249.99",2026-08-03T16:00:00Z,between,2245.0,2249.99,0.0,0.01,0.99,1.0,0.0,0.0,0.0,0,0
kalshi,ETH,range,KXETH-26AUG0312,KXETH-26AUG0312-B2252,"$2,250 to 2,254.99",2026-08-03T16:00:00Z,between,2250.0,2254.99,0.0,0.01,0.99,1.0,0.0,0.0,0.0,0,0
kalshi,ETH,range,KXETH-26AUG0312,KXETH-26AUG0312-B2257,"$2,255 to 2,259.99",2026-08-03T16:00:00Z,between,2255.0,2259.99,0.0,0.01,0.99,1.0,0.0,0.0,0.0,0,0
kalshi,ETH,range,KXETH-26AUG0312,KXETH-26AUG0312-B2262,"$2,260 to 2,264.99",2026-08-03T16:00:00Z,between,2260.0,2264.99,0.0,0.01,0.99,1.0,0.0,0.0,0.0,0,0
kalshi,ETH,range,KXETH-26AUG0312,KXETH-26AUG0312-B2267,"$2,265 to 2,269.99",2026-08-03T16:00:00Z,between,2265.0,2269.99,0.0,0.01,0.99,1.0,0.0,0.0,0.0,0,0
kalshi,ETH,range,KXETH-26AUG0312,KXETH-26AUG0312-B2272,"$2,270 to 2,274.99",2026-08-03T16:00:00Z,between,2270.0,2274.99,0.0,0.01,0.99,1.0,0.0,0.0,0.0,0,0
kalshi,ETH,range,KXETH-26AUG0312,KXETH-26AUG0312-B2277,"$2,275 to 2,279.99",2026-08-03T16:00:00Z,between,2275.0,2279.99,0.0,0.01,0.99,1.0,0.0,0.0,0.0,0,0
kalshi,ETH,range,KXETH-26AUG0312,KXETH-26AUG0312-B2282,"$2,280 to 2,284.99",2026-08-03T16:00:00Z,between,2280.0,2284.99,0.0,0.01,0.99,1.0,0.0,0.0,0.0,0,0
kalshi,ETH,range,KXETH-26AUG0312,KXETH-26AUG0312-B2287,"$2,285 to 2,289.99",2026-08-03T16:00:00Z,between,2285.0,2289.99,0.0,0.01,0.99,1.0,0.0,0.0,0.0,0,0
kalshi,ETH,range,KXETH-26AUG0312,KXETH-26AUG0312-B2292,"$2,290 to 2,294.99",2026-08-03T16:00:00Z,between,2290.0,2294.99,0.0,0.01,0.99,1.0,0.0,0.0,0.0,0,0
kalshi,ETH,range,KXETH-26AUG0312,KXETH-26AUG0312-B2297,"$2,295 to 2,299.99",2026-08-03T16:00:00Z,between,2295.0,2299.99,0.0,0.01,0.99,1.0,0.0,0.0,0.0,0,0
kalshi,ETH,range,KXETH-26AUG0312,KXETH-26AUG0312-B2302,"$2,300 to 2,304.99",2026-08-03T16:00:00Z,between,2300.0,2304.99,0.0,0.01,0.99,1.0,0.0,0.0,0.0,0,0
kalshi,ETH,range,KXETH-26AUG0312,KXETH-26AUG0312-B2307,"$2,305 to 2,309.99",2026-08-03T16:00:00Z,between,2305.0,2309.99,0.0,0.01,0.99,1.0,0.0,0.0,0.0,0,0
kalshi,ETH,range,KXETH-26AUG0312,KXETH-26AUG0312-B2312,"$2,310 to 2,314.99",2026-08-03T16:00:00Z,between,2310.0,2314.99,0.0,0.01,0.99,1.0,0.0,0.0,0.0,0,0
kalshi,ETH,range,KXETH-26AUG0312,KXETH-26AUG0312-B2317,"$2,315 to 2,319.99",2026-08-03T16:00:00Z,between,2315.0,2319.99,0.0,0.01,0.99,1.0,0.0,0.0,0.0,0,0
kalshi,ETH,range,KXETH-26AUG0312,KXETH-26AUG0312-B2322,"$2,320 to 2,324.99",2026-08-03T16:00:00Z,between,2320.0,2324.99,0.0,0.01,0.99,1.0,0.0,0.0,0.0,0,0
kalshi,ETH,range,KXETH-26AUG0312,KXETH-26AUG0312-B2327,"$2,325 to 2,329.99",2026-08-03T16:00:00Z,between,2325.0,2329.99,0.0,0.01,0.99,1.0,0.0,0.0,0.0,0,0
kalshi,ETH,range,KXETH-26AUG0312,KXETH-26AUG0312-B2332,"$2,330 to 2,334.99",2026-08-03T16:00:00Z,between,2330.0,2334.99,0.0,0.01,0.99,1.0,0.0,0.0,0.0,0,0
kalshi,ETH,range,KXETH-26AUG0312,KXETH-26AUG0312-B2337,"$2,335 to 2,339.99",2026-08-03T16:00:00Z,between,2335.0,2339.99,0.0,0.01,0.99,1.0,0.0,0.0,0.0,0,0
kalshi,ETH,range,KXETH-26AUG0312,KXETH-26AUG0312-B2342,"$2,340 to 2,344.99",2026-08-03T16:00:00Z,between,2340.0,2344.99,0.0,0.01,0.99,1.0,0.0,0.0,0.0,0,0
kalshi,ETH,range,KXETH-26AUG0312,KXETH-26AUG0312-B2347,"$2,345 to 2,349.99",2026-08-03T16:00:00Z,between,2345.0,2349.99,0.0,0.01,0.99,1.0,0.0,0.0,0.0,0,0
kalshi,ETH,range,KXETH-26AUG0312,KXETH-26AUG0312-B2352,"$2,350 to 2,354.99",2026-08-03T16:00:00Z,between,2350.0,2354.99,0.0,0.01,0.99,1.0,0.0,0.0,0.0,0,0
kalshi,ETH,range,KXETH-26AUG0312,KXETH-26AUG0312-B2357,"$2,355 to 2,359.99",2026-08-03T16:00:00Z,between,2355.0,2359.99,0.0,0.01,0.99,1.0,0.0,0.0,0.0,0,0
kalshi,ETH,range,KXETH-26AUG0312,KXETH-26AUG0312-B2362,"$2,360 to 2,364.99",2026-08-03T16:00:00Z,between,2360.0,2364.99,0.0,0.01,0.99,1.0,0.0,0.0,0.0,0,0
kalshi,ETH,range,KXETH-26AUG0312,KXETH-26AUG0312-B2367,"$2,365 to 2,369.99",2026-08-03T16:00:00Z,between,2365.0,2369.99,0.0,0.01,0.99,1.0,0.0,0.0,0.0,0,0
kalshi,ETH,range,KXETH-26AUG0312,KXETH-26AUG0312-B2372,"$2,370 to 2,374.99",2026-08-03T16:00:00Z,between,2370.0,2374.99,0.0,0.01,0.99,1.0,0.0,0.0,0.0,0,0
kalshi,ETH,range,KXETH-26AUG0312,KXETH-26AUG0312-B2377,"$2,375 to 2,379.99",2026-08-03T16:00:00Z,between,2375.0,2379.99,0.0,0.01,0.99,1.0,0.0,0.0,0.0,0,0
kalshi,ETH,range,KXETH-26AUG0312,KXETH-26AUG0312-B2382,"$2,380 to 2,384.99",2026-08-03T16:00:00Z,between,2380.0,2384.99,0.0,0.01,0.99,1.0,0.0,0.0,0.0,0,0
kalshi,ETH,range,KXETH-26AUG0312,KXETH-26AUG0312-B2387,"$2,385 to 2,389.99",2026-08-03T16:00:00Z,between,2385.0,2389.99,0.0,0.01,0.99,1.0,0.0,0.0,0.0,0,0
kalshi,ETH,range,KXETH-26AUG0312,KXETH-26AUG0312-B2392,"$2,390 to 2,394.99",2026-08-03T16:00:00Z,between,2390.0,2394.99,0.0,0.01,0.99,1.0,0.0,0.0,0.0,0,0
kalshi,ETH,range,KXETH-26AUG0312,KXETH-26AUG0312-B2397,"$2,395 to 2,399.99",2026-08-03T16:00:00Z,between,2395.0,2399.99,0.0,0.01,0.99,1.0,0.0,0.0,0.0,0,0
kalshi,ETH,range,KXETH-26AUG0312,KXETH-26AUG0312-B2402,"$2,400 to 2,404.99",2026-08-03T16:00:00Z,between,2400.0,2404.99,0.0,0.01,0.99,1.0,0.0,0.0,0.0,0,0
kalshi,ETH,range,KXETH-26AUG0312,KXETH-26AUG0312-B2407,"$2,405 to 2,409.99",2026-08-03T16:00:00Z,between,2405.0,2409.99,0.0,0.01,0.99,1.0,0.0,0.0,0.0,0,0
kalshi,ETH,range,KXETH-26AUG0312,KXETH-26AUG0312-B2412,"$2,410 to 2,414.99",2026-08-03T16:00:00Z,between,2410.0,2414.99,0.0,0.01,0.99,1.0,0.0,0.0,0.0,0,0
kalshi,ETH,range,KXETH-26AUG0312,KXETH-26AUG0312-B2417,"$2,415 to 2,419.99",2026-08-03T16:00:00Z,between,2415.0,2419.99,0.0,0.01,0.99,1.0,0.0,0.0,0.0,0,0
kalshi,ETH,range,KXETH-26AUG0312,KXETH-26AUG0312-B2422,"$2,420 to 2,424.99",2026-08-03T16:00:00Z,between,2420.0,2424.99,0.0,0.01,0.99,1.0,0.0,0.0,0.0,0,0
kalshi,ETH,range,KXETH-26AUG0312,KXETH-26AUG0312-B2427,"$2,425 to 2,429.99",2026-08-03T16:00:00Z,between,2425.0,2429.99,0.0,0.01,0.99,1.0,0.0,0.0,0.0,0,0
kalshi,ETH,range,KXETH-26AUG0312,KXETH-26AUG0312-B2432,"$2,430 to 2,434.99",2026-08-03T16:00:00Z,between,2430.0,2434.99,0.0,0.01,0.99,1.0,0.0,0.0,0.0,0,0
kalshi,ETH,range,KXETH-26AUG0312,KXETH-26AUG0312-B2437,"$2,435 to 2,439.99",2026-08-03T16:00:00Z,between,2435.0,2439.99,0.0,0.01,0.99,1.0,0.0,0.0,0.0,0,0
kalshi,ETH,range,KXETH-26AUG0312,KXETH-26AUG0312-B2442,"$2,440 to 2,444.99",2026-08-03T16:00:00Z,between,2440.0,2444.99,0.0,0.01,0.99,1.0,0.0,0.0,0.0,0,0
kalshi,ETH,range,KXETH-26AUG0312,KXETH-26AUG0312-B2447,"$2,445 to 2,449.99",2026-08-03T16:00:00Z,between,2445.0,2449.99,0.0,0.01,0.99,1.0,0.0,0.0,0.0,0,0
kalshi,ETH,range,KXETH-26AUG0312,KXETH-26AUG0312-B2452,"$2,450 to 2,454.99",2026-08-03T16:00:00Z,between,2450.0,2454.99,0.0,0.01,0.99,1.0,0.0,0.0,0.0,0,0
kalshi,ETH,range,KXETH-26AUG0312,KXETH-26AUG0312-B2457,"$2,455 to 2,459.99",2026-08-03T16:00:00Z,between,2455.0,2459.99,0.0,0.01,0.99,1.0,0.0,0.0,0.0,0,0
kalshi,ETH,range,KXETH-26AUG0312,KXETH-26AUG0312-B2462,"$2,460 to 2,464.99",2026-08-03T16:00:00Z,between,2460.0,2464.99,0.0,0.01,0.99,1.0,0.0,0.0,0.0,0,0
kalshi,ETH,range,KXETH-26AUG0312,KXETH-26AUG0312-B2467,"$2,465 to 2,469.99",2026-08-03T16:00:00Z,between,2465.0,2469.99,0.0,0.01,0.99,1.0,0.0,0.0,0.0,0,0
kalshi,ETH,range,KXETH-26AUG0312,KXETH-26AUG0312-B2472,"$2,470 to 2,474.99",2026-08-03T16:00:00Z,between,2470.0,2474.99,0.0,0.01,0.99,1.0,0.0,0.0,0.0,0,0
kalshi,ETH,range,KXETH-26AUG0312,KXETH-26AUG0312-B2477,"$2,475 to 2,479.99",2026-08-03T16:00:00Z,between,2475.0,2479.99,0.0,0.01,0.99,1.0,0.0,0.0,0.0,0,0
kalshi,ETH,range,KXETH-26AUG0312,KXETH-26AUG0312-B2482,"$2,480 to 2,484.99",2026-08-03T16:00:00Z,between,2480.0,2484.99,0.0,0.01,0.99,1.0,0.0,0.0,0.0,0,0
kalshi,ETH,range,KXETH-26AUG0312,KXETH-26AUG0312-B2487,"$2,485 to 2,489.99",2026-08-03T16:00:00Z,between,2485.0,2489.99,0.0,0.01,0.99,1.0,0.0,0.0,0.0,0,0
kalshi,ETH,range,KXETH-26AUG0312,KXETH-26AUG0312-B2492,"$2,490 to 2,494.99",2026-08-03T16:00:00Z,between,2490.0,2494.99,0.0,0.01,0.99,1.0,0.0,0.0,0.0,0,0
kalshi,ETH,range,KXETH-26AUG0312,KXETH-26AUG0312-B2497,"$2,495 to 2,499.99",2026-08-03T16:00:00Z,between,2495.0,2499.99,0.0,0.01,0.99,1.0,0.0,0.0,0.0,0,0
kalshi,ETH,range,KXETH-26AUG0312,KXETH-26AUG0312-B2502,"$2,500 to 2,504.99",2026-08-03T16:00:00Z,between,2500.0,2504.99,0.0,0.01,0.99,1.0,0.0,0.0,0.0,0,0
kalshi,ETH,range,KXETH-26AUG0312,KXETH-26AUG0312-B2507,"$2,505 to 2,509.99",2026-08-03T16:00:00Z,between,2505.0,2509.99,0.0,0.01,0.99,1.0,0.0,0.0,0.0,0,0
kalshi,ETH,range,KXETH-26AUG0312,KXETH-26AUG0312-B2512,"$2,510 to 2,514.99",2026-08-03T16:00:00Z,between,2510.0,2514.99,0.0,0.01,0.99,1.0,0.0,0.0,0.0,0,0
kalshi,ETH,range,KXETH-26AUG0312,KXETH-26AUG0312-B2517,"$2,515 to 2,519.99",2026-08-03T16:00:00Z,between,2515.0,2519.99,0.0,0.01,0.99,1.0,0.0,0.0,0.0,0,0
kalshi,ETH,range,KXETH-26AUG0312,KXETH-26AUG0312-B2522,"$2,520 to 2,524.99",2026-08-03T16:00:00Z,between,2520.0,2524.99,0.0,0.01,0.99,1.0,0.0,0.0,0.0,0,0
kalshi,ETH,range,KXETH-26AUG0312,KXETH-26AUG0312-B2527,"$2,525 to 2,529.99",2026-08-03T16:00:00Z,between,2525.0,2529.99,0.0,0.01,0.99,1.0,0.0,0.0,0.0,0,0
kalshi,ETH,range,KXETH-26AUG0312,KXETH-26AUG0312-B2532,"$2,530 to 2,534.99",2026-08-03T16:00:00Z,between,2530.0,2534.99,0.0,0.01,0.99,1.0,0.0,0.0,0.0,0,0
kalshi,ETH,range,KXETH-26AUG0312,KXETH-26AUG0312-B2537,"$2,535 to 2,539.99",2026-08-03T16:00:00Z,between,2535.0,2539.99,0.0,0.01,0.99,1.0,0.0,0.0,0.0,0,0
kalshi,ETH,range,KXETH-26AUG0312,KXETH-26AUG0312-B2542,"$2,540 to 2,544.99",2026-08-03T16:00:00Z,between,2540.0,2544.99,0.0,0.01,0.99,1.0,0.0,0.0,0.0,0,0
kalshi,ETH,range,KXETH-26AUG0312,KXETH-26AUG0312-B2547,"$2,545 to 2,549.99",2026-08-03T16:00:00Z,between,2545.0,2549.99,0.0,0.01,0.99,1.0,0.0,0.0,0.0,0,0
kalshi,ETH,range,KXETH-26AUG0312,KXETH-26AUG0312-B2552,"$2,550 to 2,554.99",2026-08-03T16:00:00Z,between,2550.0,2554.99,0.0,0.01,0.99,1.0,0.0,0.0,0.0,0,0
kalshi,ETH,range,KXETH-26AUG0312,KXETH-26AUG0312-B2557,"$2,555 to 2,559.99",2026-08-03T16:00:00Z,between,2555.0,2559.99,0.0,0.01,0.99,1.0,0.0,0.0,0.0,0,0
kalshi,ETH,range,KXETH-26AUG0312,KXETH-26AUG0312-B2562,"$2,560 to 2,564.99",2026-08-03T16:00:00Z,between,2560.0,2564.99,0.0,0.01,0.99,1.0,0.0,0.0,0.0,0,0
kalshi,ETH,range,KXETH-26AUG0312,KXETH-26AUG0312-B2567,"$2,565 to 2,569.99",2026-08-03T16:00:00Z,between,2565.0,2569.99,0.0,0.01,0.99,1.0,0.0,0.0,0.0,0,0
kalshi,ETH,range,KXETH-26AUG0312,KXETH-26AUG0312-B2572,"$2,570 to 2,574.99",2026-08-03T16:00:00Z,between,2570.0,2574.99,0.0,0.01,0.99,1.0,0.0,0.0,0.0,0,0
kalshi,ETH,range,KXETH-26AUG0312,KXETH-26AUG0312-B2577,"$2,575 to 2,579.99",2026-08-03T16:00:00Z,between,2575.0,2579.99,0.0,0.01,0.99,1.0,0.0,0.0,0.0,0,0
kalshi,ETH,range,KXETH-26AUG0312,KXETH-26AUG0312-B2582,"$2,580 to 2,584.99",2026-08-03T16:00:00Z,between,2580.0,2584.99,0.0,0.01,0.99,1.0,0.0,0.0,0.0,0,0
kalshi,ETH,range,KXETH-26AUG0312,KXETH-26AUG0312-B2587,"$2,585 to 2,589.99",2026-08-03T16:00:00Z,between,2585.0,2589.99,0.0,0.01,0.99,1.0,0.0,0.0,0.0,0,0
kalshi,ETH,range,KXETH-26AUG0312,KXETH-26AUG0312-B2592,"$2,590 to 2,594.99",2026-08-03T16:00:00Z,between,2590.0,2594.99,0.0,0.01,0.99,1.0,0.0,0.0,0.0,0,0
kalshi,ETH,range,KXETH-26AUG0312,KXETH-26AUG0312-T2594.99,"$2,595 or above",2026-08-03T16:00:00Z,greater,2594.99,,0.0,0.01,0.99,1.0,0.0,0.0,0.0,0,0
kalshi,ETH,range,KXETH-26AUG0317,KXETH-26AUG0317-T1090,"$1,089.99 or below",2026-08-03T21:00:00Z,less,,1090.0,0.0,0.01,0.99,1.0,0.0,0.0,0.0,0,0
kalshi,ETH,range,KXETH-26AUG0317,KXETH-26AUG0317-B1110,"$1,090 to 1,129.99",2026-08-03T21:00:00Z,between,1090.0,1129.99,0.0,0.01,0.99,1.0,0.0,0.0,0.0,0,0
kalshi,ETH,range,KXETH-26AUG0317,KXETH-26AUG0317-B1150,"$1,130 to 1,169.99",2026-08-03T21:00:00Z,between,1130.0,1169.99,0.0,0.01,0.99,1.0,0.0,0.0,0.0,0,0
kalshi,ETH,range,KXETH-26AUG0317,KXETH-26AUG0317-B1190,"$1,170 to 1,209.99",2026-08-03T21:00:00Z,between,1170.0,1209.99,0.0,0.01,0.99,1.0,0.0,0.0,0.0,0,0
kalshi,ETH,range,KXETH-26AUG0317,KXETH-26AUG0317-B1230,"$1,210 to 1,249.99",2026-08-03T21:00:00Z,between,1210.0,1249.99,0.0,0.01,0.99,1.0,0.0,0.0,0.0,0,0
kalshi,ETH,range,KXETH-26AUG0317,KXETH-26AUG0317-B1270,"$1,250 to 1,289.99",2026-08-03T21:00:00Z,between,1250.0,1289.99,0.0,0.01,0.99,1.0,0.0,0.0,0.0,0,0
kalshi,ETH,range,KXETH-26AUG0317,KXETH-26AUG0317-B1310,"$1,290 to 1,329.99",2026-08-03T21:00:00Z,between,1290.0,1329.99,0.0,0.01,0.99,1.0,0.0,0.0,0.0,0,0
kalshi,ETH,range,KXETH-26AUG0317,KXETH-26AUG0317-B1350,"$1,330 to 1,369.99",2026-08-03T21:00:00Z,between,1330.0,1369.99,0.0,0.01,0.99,1.0,0.0,0.0,0.0,0,0
kalshi,ETH,range,KXETH-26AUG0317,KXETH-26AUG0317-B1390,"$1,370 to 1,409.99",2026-08-03T21:00:00Z,between,1370.0,1409.99,0.0,0.01,0.99,1.0,0.0,0.0,0.0,0,0
kalshi,ETH,range,KXETH-26AUG0317,KXETH-26AUG0317-B1430,"$1,410 to 1,449.99",2026-08-03T21:00:00Z,between,1410.0,1449.99,0.0,0.01,0.99,1.0,0.01,2.0,2.0,0,0
kalshi,ETH,range,KXETH-26AUG0317,KXETH-26AUG0317-B1470,"$1,450 to 1,489.99",2026-08-03T21:00:00Z,between,1450.0,1489.99,0.0,0.01,0.99,1.0,0.0,0.0,0.0,0,0
kalshi,ETH,range,KXETH-26AUG0317,KXETH-26AUG0317-B1510,"$1,490 to 1,529.99",2026-08-03T21:00:00Z,between,1490.0,1529.99,0.0,0.01,0.99,1.0,0.0,0.0,0.0,0,0
kalshi,ETH,range,KXETH-26AUG0317,KXETH-26AUG0317-B1550,"$1,530 to 1,569.99",2026-08-03T21:00:00Z,between,1530.0,1569.99,0.0,0.01,0.99,1.0,0.0,0.0,0.0,0,0
kalshi,ETH,range,KXETH-26AUG0317,KXETH-26AUG0317-B1590,"$1,570 to 1,609.99",2026-08-03T21:00:00Z,between,1570.0,1609.99,0.0,0.01,0.99,1.0,0.0,0.0,0.0,0,0
kalshi,ETH,range,KXETH-26AUG0317,KXETH-26AUG0317-B1630,"$1,610 to 1,649.99",2026-08-03T21:00:00Z,between,1610.0,1649.99,0.0,0.01,0.99,1.0,0.0,0.0,0.0,0,0
kalshi,ETH,range,KXETH-26AUG0317,KXETH-26AUG0317-B1670,"$1,650 to 1,689.99",2026-08-03T21:00:00Z,between,1650.0,1689.99,0.0,0.01,0.99,1.0,0.0,0.0,0.0,0,0
kalshi,ETH,range,KXETH-26AUG0317,KXETH-26AUG0317-B1710,"$1,690 to 1,729.99",2026-08-03T21:00:00Z,between,1690.0,1729.99,0.0,0.01,0.99,1.0,0.0,0.0,0.0,0,0
kalshi,ETH,range,KXETH-26AUG0317,KXETH-26AUG0317-B1750,"$1,730 to 1,769.99",2026-08-03T21:00:00Z,between,1730.0,1769.99,0.0,0.02,0.98,1.0,0.0,0.0,0.0,0,0
kalshi,ETH,range,KXETH-26AUG0317,KXETH-26AUG0317-B1790,"$1,770 to 1,809.99",2026-08-03T21:00:00Z,between,1770.0,1809.99,0.0,0.02,0.98,1.0,0.04,1422.32,778.18,0,0
kalshi,ETH,range,KXETH-26AUG0317,KXETH-26AUG0317-B1830,"$1,810 to 1,849.99",2026-08-03T21:00:00Z,between,1810.0,1849.99,0.26,0.29,0.71,0.74,0.23,6887.54,6430.55,5168.320000000001,11810.730000000001
kalshi,ETH,range,KXETH-26AUG0317,KXETH-26AUG0317-B1870,"$1,850 to 1,889.99",2026-08-03T21:00:00Z,between,1850.0,1889.99,0.63,0.66,0.34,0.37,0.65,7568.54,6959.62,9122.01,18085.2
kalshi,ETH,range,KXETH-26AUG0317,KXETH-26AUG0317-B1910,"$1,890 to 1,929.99",2026-08-03T21:00:00Z,between,1890.0,1929.99,0.06,0.08,0.92,0.94,0.1,5176.4,4960.27,7419.01,13375.640000000001
kalshi,ETH,range,KXETH-26AUG0317,KXETH-26AUG0317-B1950,"$1,930 to 1,969.99",2026-08-03T21:00:00Z,between,1930.0,1969.99,0.0,0.02,0.98,1.0,0.03,512.37,58.01,0,0
kalshi,ETH,range,KXETH-26AUG0317,KXETH-26AUG0317-B1990,"$1,970 to 2,009.99",2026-08-03T21:00:00Z,between,1970.0,2009.99,0.0,0.02,0.98,1.0,0.0,0.0,0.0,0,0
kalshi,ETH,range,KXETH-26AUG0317,KXETH-26AUG0317-B2030,"$2,010 to 2,049.99",2026-08-03T21:00:00Z,between,2010.0,2049.99,0.0,0.01,0.99,1.0,0.0,0.0,0.0,0,0
kalshi,ETH,range,KXETH-26AUG0317,KXETH-26AUG0317-B2070,"$2,050 to 2,089.99",2026-08-03T21:00:00Z,between,2050.0,2089.99,0.0,0.01,0.99,1.0,0.0,0.0,0.0,0,0
kalshi,ETH,range,KXETH-26AUG0317,KXETH-26AUG0317-B2110,"$2,090 to 2,129.99",2026-08-03T21:00:00Z,between,2090.0,2129.99,0.0,0.01,0.99,1.0,0.0,0.0,0.0,0,0
kalshi,ETH,range,KXETH-26AUG0317,KXETH-26AUG0317-B2150,"$2,130 to 2,169.99",2026-08-03T21:00:00Z,between,2130.0,2169.99,0.0,0.01,0.99,1.0,0.0,0.0,0.0,0,0
kalshi,ETH,range,KXETH-26AUG0317,KXETH-26AUG0317-B2190,"$2,170 to 2,209.99",2026-08-03T21:00:00Z,between,2170.0,2209.99,0.0,0.01,0.99,1.0,0.01,3.0,3.0,0,0
kalshi,ETH,range,KXETH-26AUG0317,KXETH-26AUG0317-B2230,"$2,210 to 2,249.99",2026-08-03T21:00:00Z,between,2210.0,2249.99,0.0,0.01,0.99,1.0,0.0,0.0,0.0,0,0
kalshi,ETH,range,KXETH-26AUG0317,KXETH-26AUG0317-B2270,"$2,250 to 2,289.99",2026-08-03T21:00:00Z,between,2250.0,2289.99,0.0,0.01,0.99,1.0,0.0,0.0,0.0,0,0
kalshi,ETH,range,KXETH-26AUG0317,KXETH-26AUG0317-B2310,"$2,290 to 2,329.99",2026-08-03T21:00:00Z,between,2290.0,2329.99,0.0,0.01,0.99,1.0,0.0,0.0,0.0,0,0
kalshi,ETH,range,KXETH-26AUG0317,KXETH-26AUG0317-B2350,"$2,330 to 2,369.99",2026-08-03T21:00:00Z,between,2330.0,2369.99,0.0,0.01,0.99,1.0,0.0,0.0,0.0,0,0
kalshi,ETH,range,KXETH-26AUG0317,KXETH-26AUG0317-B2390,"$2,370 to 2,409.99",2026-08-03T21:00:00Z,between,2370.0,2409.99,0.0,0.01,0.99,1.0,0.0,0.0,0.0,0,0
kalshi,ETH,range,KXETH-26AUG0317,KXETH-26AUG0317-B2430,"$2,410 to 2,449.99",2026-08-03T21:00:00Z,between,2410.0,2449.99,0.0,0.01,0.99,1.0,0.0,0.0,0.0,0,0
kalshi,ETH,range,KXETH-26AUG0317,KXETH-26AUG0317-B2470,"$2,450 to 2,489.99",2026-08-03T21:00:00Z,between,2450.0,2489.99,0.0,0.01,0.99,1.0,0.0,0.0,0.0,0,0
kalshi,ETH,range,KXETH-26AUG0317,KXETH-26AUG0317-B2510,"$2,490 to 2,529.99",2026-08-03T21:00:00Z,between,2490.0,2529.99,0.0,0.01,0.99,1.0,0.0,0.0,0.0,0,0
kalshi,ETH,range,KXETH-26AUG0317,KXETH-26AUG0317-B2550,"$2,530 to 2,569.99",2026-08-03T21:00:00Z,between,2530.0,2569.99,0.0,0.01,0.99,1.0,0.0,0.0,0.0,0,0
kalshi,ETH,range,KXETH-26AUG0317,KXETH-26AUG0317-B2590,"$2,570 to 2,609.99",2026-08-03T21:00:00Z,between,2570.0,2609.99,0.0,0.01,0.99,1.0,0.01,5.0,5.0,0,0
kalshi,ETH,range,KXETH-26AUG0317,KXETH-26AUG0317-T2609.99,"$2,610 or above",2026-08-03T21:00:00Z,greater,2609.99,,0.0,0.01,0.99,1.0,0.0,0.0,0.0,0,0
kalshi,ETH,range,KXETH-26AUG0717,KXETH-26AUG0717-T890,$889.99 or below,2026-08-07T21:00:00Z,less,,890.0,0.0,0.01,0.99,1.0,0.0,0.0,0.0,0,0
kalshi,ETH,range,KXETH-26AUG0717,KXETH-26AUG0717-B910,$890 to 929.99,2026-08-07T21:00:00Z,between,890.0,929.99,0.0,0.01,0.99,1.0,0.0,0.0,0.0,0,0
kalshi,ETH,range,KXETH-26AUG0717,KXETH-26AUG0717-B950,$930 to 969.99,2026-08-07T21:00:00Z,between,930.0,969.99,0.0,0.01,0.99,1.0,0.0,0.0,0.0,0,0
kalshi,ETH,range,KXETH-26AUG0717,KXETH-26AUG0717-B990,"$970 to 1,009.99",2026-08-07T21:00:00Z,between,970.0,1009.99,0.0,0.01,0.99,1.0,0.0,0.0,0.0,0,0
kalshi,ETH,range,KXETH-26AUG0717,KXETH-26AUG0717-B1030,"$1,010 to 1,049.99",2026-08-07T21:00:00Z,between,1010.0,1049.99,0.0,0.01,0.99,1.0,0.0,0.0,0.0,0,0
kalshi,ETH,range,KXETH-26AUG0717,KXETH-26AUG0717-B1070,"$1,050 to 1,089.99",2026-08-07T21:00:00Z,between,1050.0,1089.99,0.0,0.01,0.99,1.0,0.0,0.0,0.0,0,0
kalshi,ETH,range,KXETH-26AUG0717,KXETH-26AUG0717-B1110,"$1,090 to 1,129.99",2026-08-07T21:00:00Z,between,1090.0,1129.99,0.0,0.01,0.99,1.0,0.0,0.0,0.0,0,0
kalshi,ETH,range,KXETH-26AUG0717,KXETH-26AUG0717-B1150,"$1,130 to 1,169.99",2026-08-07T21:00:00Z,between,1130.0,1169.99,0.0,0.01,0.99,1.0,0.0,0.0,0.0,0,0
kalshi,ETH,range,KXETH-26AUG0717,KXETH-26AUG0717-B1190,"$1,170 to 1,209.99",2026-08-07T21:00:00Z,between,1170.0,1209.99,0.0,0.01,0.99,1.0,0.0,0.0,0.0,0,0
kalshi,ETH,range,KXETH-26AUG0717,KXETH-26AUG0717-B1230,"$1,210 to 1,249.99",2026-08-07T21:00:00Z,between,1210.0,1249.99,0.0,0.01,0.99,1.0,0.0,0.0,0.0,0,0
kalshi,ETH,range,KXETH-26AUG0717,KXETH-26AUG0717-B1270,"$1,250 to 1,289.99",2026-08-07T21:00:00Z,between,1250.0,1289.99,0.0,0.01,0.99,1.0,0.0,0.0,0.0,0,0
kalshi,ETH,range,KXETH-26AUG0717,KXETH-26AUG0717-B1310,"$1,290 to 1,329.99",2026-08-07T21:00:00Z,between,1290.0,1329.99,0.0,0.01,0.99,1.0,0.0,0.0,0.0,0,0
kalshi,ETH,range,KXETH-26AUG0717,KXETH-26AUG0717-B1350,"$1,330 to 1,369.99",2026-08-07T21:00:00Z,between,1330.0,1369.99,0.0,0.01,0.99,1.0,0.0,0.0,0.0,0,0
kalshi,ETH,range,KXETH-26AUG0717,KXETH-26AUG0717-B1390,"$1,370 to 1,409.99",2026-08-07T21:00:00Z,between,1370.0,1409.99,0.0,0.01,0.99,1.0,0.0,0.0,0.0,0,0
kalshi,ETH,range,KXETH-26AUG0717,KXETH-26AUG0717-B1430,"$1,410 to 1,449.99",2026-08-07T21:00:00Z,between,1410.0,1449.99,0.0,0.01,0.99,1.0,0.0,0.0,0.0,0,0
kalshi,ETH,range,KXETH-26AUG0717,KXETH-26AUG0717-B1470,"$1,450 to 1,489.99",2026-08-07T21:00:00Z,between,1450.0,1489.99,0.0,0.01,0.99,1.0,0.0,0.0,0.0,0,0
kalshi,ETH,range,KXETH-26AUG0717,KXETH-26AUG0717-B1510,"$1,490 to 1,529.99",2026-08-07T21:00:00Z,between,1490.0,1529.99,0.0,0.01,0.99,1.0,0.01,1.0,1.0,0,0
kalshi,ETH,range,KXETH-26AUG0717,KXETH-26AUG0717-B1550,"$1,530 to 1,569.99",2026-08-07T21:00:00Z,between,1530.0,1569.99,0.0,0.02,0.98,1.0,0.0,0.0,0.0,0,0
kalshi,ETH,range,KXETH-26AUG0717,KXETH-26AUG0717-B1590,"$1,570 to 1,609.99",2026-08-07T21:00:00Z,between,1570.0,1609.99,0.0,0.02,0.98,1.0,0.0,0.0,0.0,0,0
kalshi,ETH,range,KXETH-26AUG0717,KXETH-26AUG0717-B1630,"$1,610 to 1,649.99",2026-08-07T21:00:00Z,between,1610.0,1649.99,0.0,0.02,0.98,1.0,0.0,0.0,0.0,0,0
kalshi,ETH,range,KXETH-26AUG0717,KXETH-26AUG0717-B1670,"$1,650 to 1,689.99",2026-08-07T21:00:00Z,between,1650.0,1689.99,0.01,0.04,0.96,0.99,0.04,362.83,362.83,5000.0,32981.0
kalshi,ETH,range,KXETH-26AUG0717,KXETH-26AUG0717-B1710,"$1,690 to 1,729.99",2026-08-07T21:00:00Z,between,1690.0,1729.99,0.02,0.06,0.94,0.98,0.07,111.0,111.0,5000.0,9949.0
kalshi,ETH,range,KXETH-26AUG0717,KXETH-26AUG0717-B1750,"$1,730 to 1,769.99",2026-08-07T21:00:00Z,between,1730.0,1769.99,0.04,0.08,0.92,0.96,0.12,20.0,0.0,5225.0,9938.0
kalshi,ETH,range,KXETH-26AUG0717,KXETH-26AUG0717-B1790,"$1,770 to 1,809.99",2026-08-07T21:00:00Z,between,1770.0,1809.99,0.09,0.12,0.88,0.91,0.11,173.92,153.92,7651.0,31007.0
kalshi,ETH,range,KXETH-26AUG0717,KXETH-26AUG0717-B1830,"$1,810 to 1,849.99",2026-08-07T21:00:00Z,between,1810.0,1849.99,0.14,0.18,0.82,0.86,0.12,29.53,7.48,5007.0,11172.0
kalshi,ETH,range,KXETH-26AUG0717,KXETH-26AUG0717-B1870,"$1,850 to 1,889.99",2026-08-07T21:00:00Z,between,1850.0,1889.99,0.16,0.21,0.79,0.84,0.14,684.06,431.01,7309.0,33150.22
kalshi,ETH,range,KXETH-26AUG0717,KXETH-26AUG0717-B1910,"$1,890 to 1,929.99",2026-08-07T21:00:00Z,between,1890.0,1929.99,0.12,0.18,0.82,0.88,0.11,155.15,15.08,6976.23,32655.0
kalshi,ETH,range,KXETH-26AUG0717,KXETH-26AUG0717-B1950,"$1,930 to 1,969.99",2026-08-07T21:00:00Z,between,1930.0,1969.99,0.09,0.13,0.87,0.91,0.1,32.02,11.02,5001.0,9953.0
kalshi,ETH,range,KXETH-26AUG0717,KXETH-26AUG0717-B1990,"$1,970 to 2,009.99",2026-08-07T21:00:00Z,between,1970.0,2009.99,0.04,0.28,0.72,0.96,0.1,20.0,0.0,5000.0,9957.0
kalshi,ETH,range,KXETH-26AUG0717,KXETH-26AUG0717-B2030,"$2,010 to 2,049.99",2026-08-07T21:00:00Z,between,2010.0,2049.99,0.01,0.04,0.96,0.99,0.08,20.0,0.0,5215.0,9913.0
kalshi,ETH,range,KXETH-26AUG0717,KXETH-26AUG0717-B2070,"$2,050 to 2,089.99",2026-08-07T21:00:00Z,between,2050.0,2089.99,0.0,0.04,0.96,1.0,0.06,20.0,0.0,0,0
kalshi,ETH,range,KXETH-26AUG0717,KXETH-26AUG0717-B2110,"$2,090 to 2,129.99",2026-08-07T21:00:00Z,between,2090.0,2129.99,0.0,0.02,0.98,1.0,0.0,0.0,0.0,0,0
kalshi,ETH,range,KXETH-26AUG0717,KXETH-26AUG0717-B2150,"$2,130 to 2,169.99",2026-08-07T21:00:00Z,between,2130.0,2169.99,0.0,0.03,0.97,1.0,0.0,0.0,0.0,0,0
kalshi,ETH,range,KXETH-26AUG0717,KXETH-26AUG0717-B2190,"$2,170 to 2,209.99",2026-08-07T21:00:00Z,between,2170.0,2209.99,0.0,0.01,0.99,1.0,0.0,0.0,0.0,0,0
kalshi,ETH,range,KXETH-26AUG0717,KXETH-26AUG0717-B2230,"$2,210 to 2,249.99",2026-08-07T21:00:00Z,between,2210.0,2249.99,0.0,0.01,0.99,1.0,0.0,0.0,0.0,0,0
kalshi,ETH,range,KXETH-26AUG0717,KXETH-26AUG0717-B2270,"$2,250 to 2,289.99",2026-08-07T21:00:00Z,between,2250.0,2289.99,0.0,0.01,0.99,1.0,0.0,0.0,0.0,0,0
kalshi,ETH,range,KXETH-26AUG0717,KXETH-26AUG0717-B2310,"$2,290 to 2,329.99",2026-08-07T21:00:00Z,between,2290.0,2329.99,0.0,0.01,0.99,1.0,0.0,0.0,0.0,0,0
kalshi,ETH,range,KXETH-26AUG0717,KXETH-26AUG0717-B2350,"$2,330 to 2,369.99",2026-08-07T21:00:00Z,between,2330.0,2369.99,0.0,0.01,0.99,1.0,0.0,0.0,0.0,0,0
kalshi,ETH,range,KXETH-26AUG0717,KXETH-26AUG0717-B2390,"$2,370 to 2,409.99",2026-08-07T21:00:00Z,between,2370.0,2409.99,0.0,0.01,0.99,1.0,0.0,0.0,0.0,0,0
kalshi,ETH,range,KXETH-26AUG0717,KXETH-26AUG0717-B2430,"$2,410 to 2,449.99",2026-08-07T21:00:00Z,between,2410.0,2449.99,0.0,0.01,0.99,1.0,0.0,0.0,0.0,0,0
kalshi,ETH,range,KXETH-26AUG0717,KXETH-26AUG0717-B2470,"$2,450 to 2,489.99",2026-08-07T21:00:00Z,between,2450.0,2489.99,0.0,0.01,0.99,1.0,0.0,0.0,0.0,0,0
kalshi,ETH,range,KXETH-26AUG0717,KXETH-26AUG0717-B2510,"$2,490 to 2,529.99",2026-08-07T21:00:00Z,between,2490.0,2529.99,0.0,0.01,0.99,1.0,0.0,0.0,0.0,0,0
kalshi,ETH,range,KXETH-26AUG0717,KXETH-26AUG0717-B2550,"$2,530 to 2,569.99",2026-08-07T21:00:00Z,between,2530.0,2569.99,0.0,0.01,0.99,1.0,0.0,0.0,0.0,0,0
kalshi,ETH,range,KXETH-26AUG0717,KXETH-26AUG0717-B2590,"$2,570 to 2,609.99",2026-08-07T21:00:00Z,between,2570.0,2609.99,0.0,0.01,0.99,1.0,0.0,0.0,0.0,0,0
kalshi,ETH,range,KXETH-26AUG0717,KXETH-26AUG0717-B2630,"$2,610 to 2,649.99",2026-08-07T21:00:00Z,between,2610.0,2649.99,0.0,0.01,0.99,1.0,0.0,0.0,0.0,0,0
kalshi,ETH,range,KXETH-26AUG0717,KXETH-26AUG0717-B2670,"$2,650 to 2,689.99",2026-08-07T21:00:00Z,between,2650.0,2689.99,0.0,0.01,0.99,1.0,0.0,0.0,0.0,0,0
kalshi,ETH,range,KXETH-26AUG0717,KXETH-26AUG0717-B2710,"$2,690 to 2,729.99",2026-08-07T21:00:00Z,between,2690.0,2729.99,0.0,0.01,0.99,1.0,0.0,0.0,0.0,0,0
kalshi,ETH,range,KXETH-26AUG0717,KXETH-26AUG0717-B2750,"$2,730 to 2,769.99",2026-08-07T21:00:00Z,between,2730.0,2769.99,0.0,0.01,0.99,1.0,0.0,0.0,0.0,0,0
kalshi,ETH,range,KXETH-26AUG0717,KXETH-26AUG0717-B2790,"$2,770 to 2,809.99",2026-08-07T21:00:00Z,between,2770.0,2809.99,0.0,0.01,0.99,1.0,0.0,0.0,0.0,0,0
kalshi,ETH,range,KXETH-26AUG0717,KXETH-26AUG0717-T2809.99,"$2,810 or above",2026-08-07T21:00:00Z,greater,2809.99,,0.0,0.01,0.99,1.0,0.0,0.0,0.0,0,0
kalshi,ETH,above,KXETHD-26AUG0312,KXETHD-26AUG0312-T1099.99,"$1,100 or above",2026-08-03T16:00:00Z,greater,1099.99,,0.99,1.0,0.0,0.01,0.0,0.0,0.0,0,0
kalshi,ETH,above,KXETHD-26AUG0312,KXETHD-26AUG0312-T1104.99,"$1,105 or above",2026-08-03T16:00:00Z,greater,1104.99,,0.99,1.0,0.0,0.01,0.0,0.0,0.0,0,0
kalshi,ETH,above,KXETHD-26AUG0312,KXETHD-26AUG0312-T1109.99,"$1,110 or above",2026-08-03T16:00:00Z,greater,1109.99,,0.99,1.0,0.0,0.01,0.0,0.0,0.0,0,0
kalshi,ETH,above,KXETHD-26AUG0312,KXETHD-26AUG0312-T1114.99,"$1,115 or above",2026-08-03T16:00:00Z,greater,1114.99,,0.99,1.0,0.0,0.01,0.0,0.0,0.0,0,0
kalshi,ETH,above,KXETHD-26AUG0312,KXETHD-26AUG0312-T1119.99,"$1,120 or above",2026-08-03T16:00:00Z,greater,1119.99,,0.99,1.0,0.0,0.01,0.0,0.0,0.0,0,0
kalshi,ETH,above,KXETHD-26AUG0312,KXETHD-26AUG0312-T1124.99,"$1,125 or above",2026-08-03T16:00:00Z,greater,1124.99,,0.99,1.0,0.0,0.01,0.0,0.0,0.0,0,0
kalshi,ETH,above,KXETHD-26AUG0312,KXETHD-26AUG0312-T1129.99,"$1,130 or above",2026-08-03T16:00:00Z,greater,1129.99,,0.99,1.0,0.0,0.01,0.0,0.0,0.0,0,0
kalshi,ETH,above,KXETHD-26AUG0312,KXETHD-26AUG0312-T1134.99,"$1,135 or above",2026-08-03T16:00:00Z,greater,1134.99,,0.99,1.0,0.0,0.01,0.0,0.0,0.0,0,0
kalshi,ETH,above,KXETHD-26AUG0312,KXETHD-26AUG0312-T1139.99,"$1,140 or above",2026-08-03T16:00:00Z,greater,1139.99,,0.99,1.0,0.0,0.01,0.0,0.0,0.0,0,0
kalshi,ETH,above,KXETHD-26AUG0312,KXETHD-26AUG0312-T1144.99,"$1,145 or above",2026-08-03T16:00:00Z,greater,1144.99,,0.99,1.0,0.0,0.01,0.0,0.0,0.0,0,0
kalshi,ETH,above,KXETHD-26AUG0312,KXETHD-26AUG0312-T1149.99,"$1,150 or above",2026-08-03T16:00:00Z,greater,1149.99,,0.99,1.0,0.0,0.01,0.0,0.0,0.0,0,0
kalshi,ETH,above,KXETHD-26AUG0312,KXETHD-26AUG0312-T1154.99,"$1,155 or above",2026-08-03T16:00:00Z,greater,1154.99,,0.99,1.0,0.0,0.01,0.0,0.0,0.0,0,0
kalshi,ETH,above,KXETHD-26AUG0312,KXETHD-26AUG0312-T1159.99,"$1,160 or above",2026-08-03T16:00:00Z,greater,1159.99,,0.99,1.0,0.0,0.01,0.0,0.0,0.0,0,0
kalshi,ETH,above,KXETHD-26AUG0312,KXETHD-26AUG0312-T1164.99,"$1,165 or above",2026-08-03T16:00:00Z,greater,1164.99,,0.99,1.0,0.0,0.01,0.0,0.0,0.0,0,0
kalshi,ETH,above,KXETHD-26AUG0312,KXETHD-26AUG0312-T1169.99,"$1,170 or above",2026-08-03T16:00:00Z,greater,1169.99,,0.99,1.0,0.0,0.01,0.0,0.0,0.0,0,0
kalshi,ETH,above,KXETHD-26AUG0312,KXETHD-26AUG0312-T1174.99,"$1,175 or above",2026-08-03T16:00:00Z,greater,1174.99,,0.99,1.0,0.0,0.01,0.0,0.0,0.0,0,0
kalshi,ETH,above,KXETHD-26AUG0312,KXETHD-26AUG0312-T1179.99,"$1,180 or above",2026-08-03T16:00:00Z,greater,1179.99,,0.99,1.0,0.0,0.01,0.0,0.0,0.0,0,0
kalshi,ETH,above,KXETHD-26AUG0312,KXETHD-26AUG0312-T1184.99,"$1,185 or above",2026-08-03T16:00:00Z,greater,1184.99,,0.99,1.0,0.0,0.01,0.0,0.0,0.0,0,0
kalshi,ETH,above,KXETHD-26AUG0312,KXETHD-26AUG0312-T1189.99,"$1,190 or above",2026-08-03T16:00:00Z,greater,1189.99,,0.99,1.0,0.0,0.01,0.0,0.0,0.0,0,0
kalshi,ETH,above,KXETHD-26AUG0312,KXETHD-26AUG0312-T1194.99,"$1,195 or above",2026-08-03T16:00:00Z,greater,1194.99,,0.99,1.0,0.0,0.01,0.0,0.0,0.0,0,0
kalshi,ETH,above,KXETHD-26AUG0312,KXETHD-26AUG0312-T1199.99,"$1,200 or above",2026-08-03T16:00:00Z,greater,1199.99,,0.99,1.0,0.0,0.01,0.0,0.0,0.0,0,0
kalshi,ETH,above,KXETHD-26AUG0312,KXETHD-26AUG0312-T1204.99,"$1,205 or above",2026-08-03T16:00:00Z,greater,1204.99,,0.99,1.0,0.0,0.01,0.0,0.0,0.0,0,0
kalshi,ETH,above,KXETHD-26AUG0312,KXETHD-26AUG0312-T1209.99,"$1,210 or above",2026-08-03T16:00:00Z,greater,1209.99,,0.99,1.0,0.0,0.01,0.0,0.0,0.0,0,0
kalshi,ETH,above,KXETHD-26AUG0312,KXETHD-26AUG0312-T1214.99,"$1,215 or above",2026-08-03T16:00:00Z,greater,1214.99,,0.99,1.0,0.0,0.01,0.0,0.0,0.0,0,0
kalshi,ETH,above,KXETHD-26AUG0312,KXETHD-26AUG0312-T1219.99,"$1,220 or above",2026-08-03T16:00:00Z,greater,1219.99,,0.99,1.0,0.0,0.01,0.0,0.0,0.0,0,0
kalshi,ETH,above,KXETHD-26AUG0312,KXETHD-26AUG0312-T1224.99,"$1,225 or above",2026-08-03T16:00:00Z,greater,1224.99,,0.99,1.0,0.0,0.01,0.0,0.0,0.0,0,0
kalshi,ETH,above,KXETHD-26AUG0312,KXETHD-26AUG0312-T1229.99,"$1,230 or above",2026-08-03T16:00:00Z,greater,1229.99,,0.99,1.0,0.0,0.01,0.0,0.0,0.0,0,0
kalshi,ETH,above,KXETHD-26AUG0312,KXETHD-26AUG0312-T1234.99,"$1,235 or above",2026-08-03T16:00:00Z,greater,1234.99,,0.99,1.0,0.0,0.01,0.0,0.0,0.0,0,0
kalshi,ETH,above,KXETHD-26AUG0312,KXETHD-26AUG0312-T1239.99,"$1,240 or above",2026-08-03T16:00:00Z,greater,1239.99,,0.99,1.0,0.0,0.01,0.0,0.0,0.0,0,0
kalshi,ETH,above,KXETHD-26AUG0312,KXETHD-26AUG0312-T1244.99,"$1,245 or above",2026-08-03T16:00:00Z,greater,1244.99,,0.99,1.0,0.0,0.01,0.0,0.0,0.0,0,0
kalshi,ETH,above,KXETHD-26AUG0312,KXETHD-26AUG0312-T1249.99,"$1,250 or above",2026-08-03T16:00:00Z,greater,1249.99,,0.99,1.0,0.0,0.01,0.0,0.0,0.0,0,0
kalshi,ETH,above,KXETHD-26AUG0312,KXETHD-26AUG0312-T1254.99,"$1,255 or above",2026-08-03T16:00:00Z,greater,1254.99,,0.99,1.0,0.0,0.01,0.0,0.0,0.0,0,0
kalshi,ETH,above,KXETHD-26AUG0312,KXETHD-26AUG0312-T1259.99,"$1,260 or above",2026-08-03T16:00:00Z,greater,1259.99,,0.99,1.0,0.0,0.01,0.0,0.0,0.0,0,0
kalshi,ETH,above,KXETHD-26AUG0312,KXETHD-26AUG0312-T1264.99,"$1,265 or above",2026-08-03T16:00:00Z,greater,1264.99,,0.99,1.0,0.0,0.01,0.0,0.0,0.0,0,0
kalshi,ETH,above,KXETHD-26AUG0312,KXETHD-26AUG0312-T1269.99,"$1,270 or above",2026-08-03T16:00:00Z,greater,1269.99,,0.99,1.0,0.0,0.01,0.0,0.0,0.0,0,0
kalshi,ETH,above,KXETHD-26AUG0312,KXETHD-26AUG0312-T1274.99,"$1,275 or above",2026-08-03T16:00:00Z,greater,1274.99,,0.99,1.0,0.0,0.01,0.0,0.0,0.0,0,0
kalshi,ETH,above,KXETHD-26AUG0312,KXETHD-26AUG0312-T1279.99,"$1,280 or above",2026-08-03T16:00:00Z,greater,1279.99,,0.99,1.0,0.0,0.01,0.0,0.0,0.0,0,0
kalshi,ETH,above,KXETHD-26AUG0312,KXETHD-26AUG0312-T1284.99,"$1,285 or above",2026-08-03T16:00:00Z,greater,1284.99,,0.99,1.0,0.0,0.01,0.0,0.0,0.0,0,0
kalshi,ETH,above,KXETHD-26AUG0312,KXETHD-26AUG0312-T1289.99,"$1,290 or above",2026-08-03T16:00:00Z,greater,1289.99,,0.99,1.0,0.0,0.01,0.0,0.0,0.0,0,0
kalshi,ETH,above,KXETHD-26AUG0312,KXETHD-26AUG0312-T1294.99,"$1,295 or above",2026-08-03T16:00:00Z,greater,1294.99,,0.99,1.0,0.0,0.01,0.0,0.0,0.0,0,0
kalshi,ETH,above,KXETHD-26AUG0312,KXETHD-26AUG0312-T1299.99,"$1,300 or above",2026-08-03T16:00:00Z,greater,1299.99,,0.99,1.0,0.0,0.01,0.0,0.0,0.0,0,0
kalshi,ETH,above,KXETHD-26AUG0312,KXETHD-26AUG0312-T1304.99,"$1,305 or above",2026-08-03T16:00:00Z,greater,1304.99,,0.99,1.0,0.0,0.01,0.0,0.0,0.0,0,0
kalshi,ETH,above,KXETHD-26AUG0312,KXETHD-26AUG0312-T1309.99,"$1,310 or above",2026-08-03T16:00:00Z,greater,1309.99,,0.99,1.0,0.0,0.01,0.0,0.0,0.0,0,0
kalshi,ETH,above,KXETHD-26AUG0312,KXETHD-26AUG0312-T1314.99,"$1,315 or above",2026-08-03T16:00:00Z,greater,1314.99,,0.99,1.0,0.0,0.01,0.0,0.0,0.0,0,0
kalshi,ETH,above,KXETHD-26AUG0312,KXETHD-26AUG0312-T1319.99,"$1,320 or above",2026-08-03T16:00:00Z,greater,1319.99,,0.99,1.0,0.0,0.01,0.0,0.0,0.0,0,0
kalshi,ETH,above,KXETHD-26AUG0312,KXETHD-26AUG0312-T1324.99,"$1,325 or above",2026-08-03T16:00:00Z,greater,1324.99,,0.99,1.0,0.0,0.01,0.0,0.0,0.0,0,0
kalshi,ETH,above,KXETHD-26AUG0312,KXETHD-26AUG0312-T1329.99,"$1,330 or above",2026-08-03T16:00:00Z,greater,1329.99,,0.99,1.0,0.0,0.01,0.0,0.0,0.0,0,0
kalshi,ETH,above,KXETHD-26AUG0312,KXETHD-26AUG0312-T1334.99,"$1,335 or above",2026-08-03T16:00:00Z,greater,1334.99,,0.99,1.0,0.0,0.01,0.0,0.0,0.0,0,0
kalshi,ETH,above,KXETHD-26AUG0312,KXETHD-26AUG0312-T1339.99,"$1,340 or above",2026-08-03T16:00:00Z,greater,1339.99,,0.99,1.0,0.0,0.01,0.0,0.0,0.0,0,0
kalshi,ETH,above,KXETHD-26AUG0312,KXETHD-26AUG0312-T1344.99,"$1,345 or above",2026-08-03T16:00:00Z,greater,1344.99,,0.99,1.0,0.0,0.01,0.0,0.0,0.0,0,0
kalshi,ETH,above,KXETHD-26AUG0312,KXETHD-26AUG0312-T1349.99,"$1,350 or above",2026-08-03T16:00:00Z,greater,1349.99,,0.99,1.0,0.0,0.01,0.0,0.0,0.0,0,0
kalshi,ETH,above,KXETHD-26AUG0312,KXETHD-26AUG0312-T1354.99,"$1,355 or above",2026-08-03T16:00:00Z,greater,1354.99,,0.99,1.0,0.0,0.01,0.0,0.0,0.0,0,0
kalshi,ETH,above,KXETHD-26AUG0312,KXETHD-26AUG0312-T1359.99,"$1,360 or above",2026-08-03T16:00:00Z,greater,1359.99,,0.99,1.0,0.0,0.01,0.0,0.0,0.0,0,0
kalshi,ETH,above,KXETHD-26AUG0312,KXETHD-26AUG0312-T1364.99,"$1,365 or above",2026-08-03T16:00:00Z,greater,1364.99,,0.99,1.0,0.0,0.01,0.0,0.0,0.0,0,0
kalshi,ETH,above,KXETHD-26AUG0312,KXETHD-26AUG0312-T1369.99,"$1,370 or above",2026-08-03T16:00:00Z,greater,1369.99,,0.99,1.0,0.0,0.01,0.0,0.0,0.0,0,0
kalshi,ETH,above,KXETHD-26AUG0312,KXETHD-26AUG0312-T1374.99,"$1,375 or above",2026-08-03T16:00:00Z,greater,1374.99,,0.99,1.0,0.0,0.01,0.0,0.0,0.0,0,0
kalshi,ETH,above,KXETHD-26AUG0312,KXETHD-26AUG0312-T1379.99,"$1,380 or above",2026-08-03T16:00:00Z,greater,1379.99,,0.99,1.0,0.0,0.01,0.0,0.0,0.0,0,0
kalshi,ETH,above,KXETHD-26AUG0312,KXETHD-26AUG0312-T1384.99,"$1,385 or above",2026-08-03T16:00:00Z,greater,1384.99,,0.99,1.0,0.0,0.01,0.0,0.0,0.0,0,0
kalshi,ETH,above,KXETHD-26AUG0312,KXETHD-26AUG0312-T1389.99,"$1,390 or above",2026-08-03T16:00:00Z,greater,1389.99,,0.99,1.0,0.0,0.01,0.0,0.0,0.0,0,0
kalshi,ETH,above,KXETHD-26AUG0312,KXETHD-26AUG0312-T1394.99,"$1,395 or above",2026-08-03T16:00:00Z,greater,1394.99,,0.99,1.0,0.0,0.01,0.0,0.0,0.0,0,0
kalshi,ETH,above,KXETHD-26AUG0312,KXETHD-26AUG0312-T1399.99,"$1,400 or above",2026-08-03T16:00:00Z,greater,1399.99,,0.99,1.0,0.0,0.01,0.0,0.0,0.0,0,0
kalshi,ETH,above,KXETHD-26AUG0312,KXETHD-26AUG0312-T1404.99,"$1,405 or above",2026-08-03T16:00:00Z,greater,1404.99,,0.99,1.0,0.0,0.01,0.0,0.0,0.0,0,0
kalshi,ETH,above,KXETHD-26AUG0312,KXETHD-26AUG0312-T1409.99,"$1,410 or above",2026-08-03T16:00:00Z,greater,1409.99,,0.99,1.0,0.0,0.01,0.0,0.0,0.0,0,0
kalshi,ETH,above,KXETHD-26AUG0312,KXETHD-26AUG0312-T1414.99,"$1,415 or above",2026-08-03T16:00:00Z,greater,1414.99,,0.99,1.0,0.0,0.01,0.0,0.0,0.0,0,0
kalshi,ETH,above,KXETHD-26AUG0312,KXETHD-26AUG0312-T1419.99,"$1,420 or above",2026-08-03T16:00:00Z,greater,1419.99,,0.99,1.0,0.0,0.01,0.0,0.0,0.0,0,0
kalshi,ETH,above,KXETHD-26AUG0312,KXETHD-26AUG0312-T1424.99,"$1,425 or above",2026-08-03T16:00:00Z,greater,1424.99,,0.99,1.0,0.0,0.01,0.0,0.0,0.0,0,0
kalshi,ETH,above,KXETHD-26AUG0312,KXETHD-26AUG0312-T1429.99,"$1,430 or above",2026-08-03T16:00:00Z,greater,1429.99,,0.99,1.0,0.0,0.01,0.0,0.0,0.0,0,0
kalshi,ETH,above,KXETHD-26AUG0312,KXETHD-26AUG0312-T1434.99,"$1,435 or above",2026-08-03T16:00:00Z,greater,1434.99,,0.99,1.0,0.0,0.01,0.0,0.0,0.0,0,0
kalshi,ETH,above,KXETHD-26AUG0312,KXETHD-26AUG0312-T1439.99,"$1,440 or above",2026-08-03T16:00:00Z,greater,1439.99,,0.99,1.0,0.0,0.01,0.0,0.0,0.0,0,0
kalshi,ETH,above,KXETHD-26AUG0312,KXETHD-26AUG0312-T1444.99,"$1,445 or above",2026-08-03T16:00:00Z,greater,1444.99,,0.99,1.0,0.0,0.01,0.0,0.0,0.0,0,0
kalshi,ETH,above,KXETHD-26AUG0312,KXETHD-26AUG0312-T1449.99,"$1,450 or above",2026-08-03T16:00:00Z,greater,1449.99,,0.99,1.0,0.0,0.01,0.0,0.0,0.0,0,0
kalshi,ETH,above,KXETHD-26AUG0312,KXETHD-26AUG0312-T1454.99,"$1,455 or above",2026-08-03T16:00:00Z,greater,1454.99,,0.99,1.0,0.0,0.01,0.0,0.0,0.0,0,0
kalshi,ETH,above,KXETHD-26AUG0312,KXETHD-26AUG0312-T1459.99,"$1,460 or above",2026-08-03T16:00:00Z,greater,1459.99,,0.99,1.0,0.0,0.01,0.0,0.0,0.0,0,0
kalshi,ETH,above,KXETHD-26AUG0312,KXETHD-26AUG0312-T1464.99,"$1,465 or above",2026-08-03T16:00:00Z,greater,1464.99,,0.99,1.0,0.0,0.01,0.0,0.0,0.0,0,0
kalshi,ETH,above,KXETHD-26AUG0312,KXETHD-26AUG0312-T1469.99,"$1,470 or above",2026-08-03T16:00:00Z,greater,1469.99,,0.99,1.0,0.0,0.01,0.0,0.0,0.0,0,0
kalshi,ETH,above,KXETHD-26AUG0312,KXETHD-26AUG0312-T1474.99,"$1,475 or above",2026-08-03T16:00:00Z,greater,1474.99,,0.99,1.0,0.0,0.01,0.0,0.0,0.0,0,0
kalshi,ETH,above,KXETHD-26AUG0312,KXETHD-26AUG0312-T1479.99,"$1,480 or above",2026-08-03T16:00:00Z,greater,1479.99,,0.99,1.0,0.0,0.01,0.0,0.0,0.0,0,0
kalshi,ETH,above,KXETHD-26AUG0312,KXETHD-26AUG0312-T1484.99,"$1,485 or above",2026-08-03T16:00:00Z,greater,1484.99,,0.99,1.0,0.0,0.01,0.0,0.0,0.0,0,0
kalshi,ETH,above,KXETHD-26AUG0312,KXETHD-26AUG0312-T1489.99,"$1,490 or above",2026-08-03T16:00:00Z,greater,1489.99,,0.99,1.0,0.0,0.01,0.0,0.0,0.0,0,0
kalshi,ETH,above,KXETHD-26AUG0312,KXETHD-26AUG0312-T1494.99,"$1,495 or above",2026-08-03T16:00:00Z,greater,1494.99,,0.99,1.0,0.0,0.01,0.0,0.0,0.0,0,0
kalshi,ETH,above,KXETHD-26AUG0312,KXETHD-26AUG0312-T1499.99,"$1,500 or above",2026-08-03T16:00:00Z,greater,1499.99,,0.99,1.0,0.0,0.01,0.0,0.0,0.0,0,0
kalshi,ETH,above,KXETHD-26AUG0312,KXETHD-26AUG0312-T1504.99,"$1,505 or above",2026-08-03T16:00:00Z,greater,1504.99,,0.99,1.0,0.0,0.01,0.0,0.0,0.0,0,0
kalshi,ETH,above,KXETHD-26AUG0312,KXETHD-26AUG0312-T1509.99,"$1,510 or above",2026-08-03T16:00:00Z,greater,1509.99,,0.99,1.0,0.0,0.01,0.0,0.0,0.0,0,0
kalshi,ETH,above,KXETHD-26AUG0312,KXETHD-26AUG0312-T1514.99,"$1,515 or above",2026-08-03T16:00:00Z,greater,1514.99,,0.99,1.0,0.0,0.01,0.0,0.0,0.0,0,0
kalshi,ETH,above,KXETHD-26AUG0312,KXETHD-26AUG0312-T1519.99,"$1,520 or above",2026-08-03T16:00:00Z,greater,1519.99,,0.99,1.0,0.0,0.01,0.0,0.0,0.0,0,0
kalshi,ETH,above,KXETHD-26AUG0312,KXETHD-26AUG0312-T1524.99,"$1,525 or above",2026-08-03T16:00:00Z,greater,1524.99,,0.99,1.0,0.0,0.01,0.0,0.0,0.0,0,0
kalshi,ETH,above,KXETHD-26AUG0312,KXETHD-26AUG0312-T1529.99,"$1,530 or above",2026-08-03T16:00:00Z,greater,1529.99,,0.99,1.0,0.0,0.01,0.0,0.0,0.0,0,0
kalshi,ETH,above,KXETHD-26AUG0312,KXETHD-26AUG0312-T1534.99,"$1,535 or above",2026-08-03T16:00:00Z,greater,1534.99,,0.99,1.0,0.0,0.01,0.0,0.0,0.0,0,0
kalshi,ETH,above,KXETHD-26AUG0312,KXETHD-26AUG0312-T1539.99,"$1,540 or above",2026-08-03T16:00:00Z,greater,1539.99,,0.99,1.0,0.0,0.01,0.0,0.0,0.0,0,0
kalshi,ETH,above,KXETHD-26AUG0312,KXETHD-26AUG0312-T1544.99,"$1,545 or above",2026-08-03T16:00:00Z,greater,1544.99,,0.99,1.0,0.0,0.01,0.0,0.0,0.0,0,0
kalshi,ETH,above,KXETHD-26AUG0312,KXETHD-26AUG0312-T1549.99,"$1,550 or above",2026-08-03T16:00:00Z,greater,1549.99,,0.99,1.0,0.0,0.01,0.0,0.0,0.0,0,0
kalshi,ETH,above,KXETHD-26AUG0312,KXETHD-26AUG0312-T1554.99,"$1,555 or above",2026-08-03T16:00:00Z,greater,1554.99,,0.99,1.0,0.0,0.01,0.0,0.0,0.0,0,0
kalshi,ETH,above,KXETHD-26AUG0312,KXETHD-26AUG0312-T1559.99,"$1,560 or above",2026-08-03T16:00:00Z,greater,1559.99,,0.99,1.0,0.0,0.01,0.0,0.0,0.0,0,0
kalshi,ETH,above,KXETHD-26AUG0312,KXETHD-26AUG0312-T1564.99,"$1,565 or above",2026-08-03T16:00:00Z,greater,1564.99,,0.99,1.0,0.0,0.01,0.0,0.0,0.0,0,0
kalshi,ETH,above,KXETHD-26AUG0312,KXETHD-26AUG0312-T1569.99,"$1,570 or above",2026-08-03T16:00:00Z,greater,1569.99,,0.99,1.0,0.0,0.01,0.0,0.0,0.0,0,0
kalshi,ETH,above,KXETHD-26AUG0312,KXETHD-26AUG0312-T1574.99,"$1,575 or above",2026-08-03T16:00:00Z,greater,1574.99,,0.99,1.0,0.0,0.01,0.0,0.0,0.0,0,0
kalshi,ETH,above,KXETHD-26AUG0312,KXETHD-26AUG0312-T1579.99,"$1,580 or above",2026-08-03T16:00:00Z,greater,1579.99,,0.99,1.0,0.0,0.01,0.0,0.0,0.0,0,0
kalshi,ETH,above,KXETHD-26AUG0312,KXETHD-26AUG0312-T1584.99,"$1,585 or above",2026-08-03T16:00:00Z,greater,1584.99,,0.99,1.0,0.0,0.01,0.0,0.0,0.0,0,0
kalshi,ETH,above,KXETHD-26AUG0312,KXETHD-26AUG0312-T1589.99,"$1,590 or above",2026-08-03T16:00:00Z,greater,1589.99,,0.99,1.0,0.0,0.01,0.0,0.0,0.0,0,0
kalshi,ETH,above,KXETHD-26AUG0312,KXETHD-26AUG0312-T1594.99,"$1,595 or above",2026-08-03T16:00:00Z,greater,1594.99,,0.99,1.0,0.0,0.01,0.0,0.0,0.0,0,0
kalshi,ETH,above,KXETHD-26AUG0312,KXETHD-26AUG0312-T1599.99,"$1,600 or above",2026-08-03T16:00:00Z,greater,1599.99,,0.99,1.0,0.0,0.01,0.0,0.0,0.0,0,0
kalshi,ETH,above,KXETHD-26AUG0312,KXETHD-26AUG0312-T1604.99,"$1,605 or above",2026-08-03T16:00:00Z,greater,1604.99,,0.99,1.0,0.0,0.01,0.0,0.0,0.0,0,0
kalshi,ETH,above,KXETHD-26AUG0312,KXETHD-26AUG0312-T1609.99,"$1,610 or above",2026-08-03T16:00:00Z,greater,1609.99,,0.99,1.0,0.0,0.01,0.0,0.0,0.0,0,0
kalshi,ETH,above,KXETHD-26AUG0312,KXETHD-26AUG0312-T1614.99,"$1,615 or above",2026-08-03T16:00:00Z,greater,1614.99,,0.99,1.0,0.0,0.01,0.0,0.0,0.0,0,0
kalshi,ETH,above,KXETHD-26AUG0312,KXETHD-26AUG0312-T1619.99,"$1,620 or above",2026-08-03T16:00:00Z,greater,1619.99,,0.99,1.0,0.0,0.01,0.0,0.0,0.0,0,0
kalshi,ETH,above,KXETHD-26AUG0312,KXETHD-26AUG0312-T1624.99,"$1,625 or above",2026-08-03T16:00:00Z,greater,1624.99,,0.99,1.0,0.0,0.01,0.0,0.0,0.0,0,0
kalshi,ETH,above,KXETHD-26AUG0312,KXETHD-26AUG0312-T1629.99,"$1,630 or above",2026-08-03T16:00:00Z,greater,1629.99,,0.99,1.0,0.0,0.01,0.0,0.0,0.0,0,0
kalshi,ETH,above,KXETHD-26AUG0312,KXETHD-26AUG0312-T1634.99,"$1,635 or above",2026-08-03T16:00:00Z,greater,1634.99,,0.99,1.0,0.0,0.01,0.0,0.0,0.0,0,0
kalshi,ETH,above,KXETHD-26AUG0312,KXETHD-26AUG0312-T1639.99,"$1,640 or above",2026-08-03T16:00:00Z,greater,1639.99,,0.99,1.0,0.0,0.01,0.0,0.0,0.0,0,0
kalshi,ETH,above,KXETHD-26AUG0312,KXETHD-26AUG0312-T1644.99,"$1,645 or above",2026-08-03T16:00:00Z,greater,1644.99,,0.99,1.0,0.0,0.01,0.0,0.0,0.0,0,0
kalshi,ETH,above,KXETHD-26AUG0312,KXETHD-26AUG0312-T1649.99,"$1,650 or above",2026-08-03T16:00:00Z,greater,1649.99,,0.99,1.0,0.0,0.01,0.0,0.0,0.0,0,0
kalshi,ETH,above,KXETHD-26AUG0312,KXETHD-26AUG0312-T1654.99,"$1,655 or above",2026-08-03T16:00:00Z,greater,1654.99,,0.99,1.0,0.0,0.01,0.0,0.0,0.0,0,0
kalshi,ETH,above,KXETHD-26AUG0312,KXETHD-26AUG0312-T1659.99,"$1,660 or above",2026-08-03T16:00:00Z,greater,1659.99,,0.99,1.0,0.0,0.01,0.0,0.0,0.0,0,0
kalshi,ETH,above,KXETHD-26AUG0312,KXETHD-26AUG0312-T1664.99,"$1,665 or above",2026-08-03T16:00:00Z,greater,1664.99,,0.99,1.0,0.0,0.01,0.0,0.0,0.0,0,0
kalshi,ETH,above,KXETHD-26AUG0312,KXETHD-26AUG0312-T1669.99,"$1,670 or above",2026-08-03T16:00:00Z,greater,1669.99,,0.99,1.0,0.0,0.01,0.0,0.0,0.0,0,0
kalshi,ETH,above,KXETHD-26AUG0312,KXETHD-26AUG0312-T1674.99,"$1,675 or above",2026-08-03T16:00:00Z,greater,1674.99,,0.99,1.0,0.0,0.01,0.0,0.0,0.0,0,0
kalshi,ETH,above,KXETHD-26AUG0312,KXETHD-26AUG0312-T1679.99,"$1,680 or above",2026-08-03T16:00:00Z,greater,1679.99,,0.99,1.0,0.0,0.01,0.0,0.0,0.0,0,0
kalshi,ETH,above,KXETHD-26AUG0312,KXETHD-26AUG0312-T1684.99,"$1,685 or above",2026-08-03T16:00:00Z,greater,1684.99,,0.99,1.0,0.0,0.01,0.0,0.0,0.0,0,0
kalshi,ETH,above,KXETHD-26AUG0312,KXETHD-26AUG0312-T1689.99,"$1,690 or above",2026-08-03T16:00:00Z,greater,1689.99,,0.99,1.0,0.0,0.01,0.0,0.0,0.0,0,0
kalshi,ETH,above,KXETHD-26AUG0312,KXETHD-26AUG0312-T1694.99,"$1,695 or above",2026-08-03T16:00:00Z,greater,1694.99,,0.99,1.0,0.0,0.01,0.0,0.0,0.0,0,0
kalshi,ETH,above,KXETHD-26AUG0312,KXETHD-26AUG0312-T1699.99,"$1,700 or above",2026-08-03T16:00:00Z,greater,1699.99,,0.99,1.0,0.0,0.01,0.0,0.0,0.0,0,0
kalshi,ETH,above,KXETHD-26AUG0312,KXETHD-26AUG0312-T1704.99,"$1,705 or above",2026-08-03T16:00:00Z,greater,1704.99,,0.99,1.0,0.0,0.01,0.0,0.0,0.0,0,0
kalshi,ETH,above,KXETHD-26AUG0312,KXETHD-26AUG0312-T1709.99,"$1,710 or above",2026-08-03T16:00:00Z,greater,1709.99,,0.99,1.0,0.0,0.01,0.0,0.0,0.0,0,0
kalshi,ETH,above,KXETHD-26AUG0312,KXETHD-26AUG0312-T1714.99,"$1,715 or above",2026-08-03T16:00:00Z,greater,1714.99,,0.99,1.0,0.0,0.01,0.0,0.0,0.0,0,0
kalshi,ETH,above,KXETHD-26AUG0312,KXETHD-26AUG0312-T1719.99,"$1,720 or above",2026-08-03T16:00:00Z,greater,1719.99,,0.99,1.0,0.0,0.01,0.0,0.0,0.0,0,0
kalshi,ETH,above,KXETHD-26AUG0312,KXETHD-26AUG0312-T1724.99,"$1,725 or above",2026-08-03T16:00:00Z,greater,1724.99,,0.99,1.0,0.0,0.01,0.0,0.0,0.0,0,0
kalshi,ETH,above,KXETHD-26AUG0312,KXETHD-26AUG0312-T1729.99,"$1,730 or above",2026-08-03T16:00:00Z,greater,1729.99,,0.99,1.0,0.0,0.01,0.0,0.0,0.0,0,0
kalshi,ETH,above,KXETHD-26AUG0312,KXETHD-26AUG0312-T1734.99,"$1,735 or above",2026-08-03T16:00:00Z,greater,1734.99,,0.99,1.0,0.0,0.01,0.0,0.0,0.0,0,0
kalshi,ETH,above,KXETHD-26AUG0312,KXETHD-26AUG0312-T1739.99,"$1,740 or above",2026-08-03T16:00:00Z,greater,1739.99,,0.99,1.0,0.0,0.01,0.0,0.0,0.0,0,0
kalshi,ETH,above,KXETHD-26AUG0312,KXETHD-26AUG0312-T1744.99,"$1,745 or above",2026-08-03T16:00:00Z,greater,1744.99,,0.99,1.0,0.0,0.01,0.0,0.0,0.0,0,0
kalshi,ETH,above,KXETHD-26AUG0312,KXETHD-26AUG0312-T1749.99,"$1,750 or above",2026-08-03T16:00:00Z,greater,1749.99,,0.99,1.0,0.0,0.01,0.0,0.0,0.0,0,0
kalshi,ETH,above,KXETHD-26AUG0312,KXETHD-26AUG0312-T1754.99,"$1,755 or above",2026-08-03T16:00:00Z,greater,1754.99,,0.99,1.0,0.0,0.01,0.0,0.0,0.0,0,0
kalshi,ETH,above,KXETHD-26AUG0312,KXETHD-26AUG0312-T1759.99,"$1,760 or above",2026-08-03T16:00:00Z,greater,1759.99,,0.99,1.0,0.0,0.01,0.0,0.0,0.0,0,0
kalshi,ETH,above,KXETHD-26AUG0312,KXETHD-26AUG0312-T1764.99,"$1,765 or above",2026-08-03T16:00:00Z,greater,1764.99,,0.99,1.0,0.0,0.01,0.0,0.0,0.0,0,0
kalshi,ETH,above,KXETHD-26AUG0312,KXETHD-26AUG0312-T1769.99,"$1,770 or above",2026-08-03T16:00:00Z,greater,1769.99,,0.99,1.0,0.0,0.01,0.0,0.0,0.0,0,0
kalshi,ETH,above,KXETHD-26AUG0312,KXETHD-26AUG0312-T1774.99,"$1,775 or above",2026-08-03T16:00:00Z,greater,1774.99,,0.99,1.0,0.0,0.01,0.0,0.0,0.0,0,0
kalshi,ETH,above,KXETHD-26AUG0312,KXETHD-26AUG0312-T1779.99,"$1,780 or above",2026-08-03T16:00:00Z,greater,1779.99,,0.99,1.0,0.0,0.01,0.0,0.0,0.0,0,0
kalshi,ETH,above,KXETHD-26AUG0312,KXETHD-26AUG0312-T1784.99,"$1,785 or above",2026-08-03T16:00:00Z,greater,1784.99,,0.99,1.0,0.0,0.01,0.0,0.0,0.0,0,0
kalshi,ETH,above,KXETHD-26AUG0312,KXETHD-26AUG0312-T1789.99,"$1,790 or above",2026-08-03T16:00:00Z,greater,1789.99,,0.99,1.0,0.0,0.01,0.0,0.0,0.0,0,0
kalshi,ETH,above,KXETHD-26AUG0312,KXETHD-26AUG0312-T1794.99,"$1,795 or above",2026-08-03T16:00:00Z,greater,1794.99,,0.99,1.0,0.0,0.01,0.0,0.0,0.0,0,0
kalshi,ETH,above,KXETHD-26AUG0312,KXETHD-26AUG0312-T1799.99,"$1,800 or above",2026-08-03T16:00:00Z,greater,1799.99,,0.99,1.0,0.0,0.01,0.0,0.0,0.0,0,0
kalshi,ETH,above,KXETHD-26AUG0312,KXETHD-26AUG0312-T1804.99,"$1,805 or above",2026-08-03T16:00:00Z,greater,1804.99,,0.99,1.0,0.0,0.01,0.0,0.0,0.0,0,0
kalshi,ETH,above,KXETHD-26AUG0312,KXETHD-26AUG0312-T1809.99,"$1,810 or above",2026-08-03T16:00:00Z,greater,1809.99,,0.95,1.0,0.0,0.05,0.0,0.0,0.0,0,0
kalshi,ETH,above,KXETHD-26AUG0312,KXETHD-26AUG0312-T1814.99,"$1,815 or above",2026-08-03T16:00:00Z,greater,1814.99,,0.96,1.0,0.0,0.04,0.0,0.0,0.0,0,0
kalshi,ETH,above,KXETHD-26AUG0312,KXETHD-26AUG0312-T1819.99,"$1,820 or above",2026-08-03T16:00:00Z,greater,1819.99,,0.96,1.0,0.0,0.04,0.0,0.0,0.0,0,0
kalshi,ETH,above,KXETHD-26AUG0312,KXETHD-26AUG0312-T1824.99,"$1,825 or above",2026-08-03T16:00:00Z,greater,1824.99,,0.96,1.0,0.0,0.04,0.0,0.0,0.0,0,0
kalshi,ETH,above,KXETHD-26AUG0312,KXETHD-26AUG0312-T1829.99,"$1,830 or above",2026-08-03T16:00:00Z,greater,1829.99,,0.98,1.0,0.0,0.02,0.0,0.0,0.0,0,0
kalshi,ETH,above,KXETHD-26AUG0312,KXETHD-26AUG0312-T1834.99,"$1,835 or above",2026-08-03T16:00:00Z,greater,1834.99,,0.98,1.0,0.0,0.02,0.0,0.0,0.0,0,0
kalshi,ETH,above,KXETHD-26AUG0312,KXETHD-26AUG0312-T1839.99,"$1,840 or above",2026-08-03T16:00:00Z,greater,1839.99,,0.99,1.0,0.0,0.01,0.99,503.9,503.9,0,0
kalshi,ETH,above,KXETHD-26AUG0312,KXETHD-26AUG0312-T1844.99,"$1,845 or above",2026-08-03T16:00:00Z,greater,1844.99,,0.98,0.99,0.01,0.02,0.98,1352.34,1351.34,134410.0,73.0
kalshi,ETH,above,KXETHD-26AUG0312,KXETHD-26AUG0312-T1849.99,"$1,850 or above",2026-08-03T16:00:00Z,greater,1849.99,,0.98,0.99,0.01,0.02,0.98,2015.79,1896.79,160906.0,58.0
kalshi,ETH,above,KXETHD-26AUG0312,KXETHD-26AUG0312-T1854.99,"$1,855 or above",2026-08-03T16:00:00Z,greater,1854.99,,0.87,0.91,0.09,0.13,0.87,3163.2,2616.2,97908.0,4964.68
kalshi,ETH,above,KXETHD-26AUG0312,KXETHD-26AUG0312-T1859.99,"$1,860 or above",2026-08-03T16:00:00Z,greater,1859.99,,0.6,0.63,0.37,0.4,0.57,15217.62,9554.3,135131.13,177584.76
kalshi,ETH,above,KXETHD-26AUG0312,KXETHD-26AUG0312-T1864.99,"$1,865 or above",2026-08-03T16:00:00Z,greater,1864.99,,0.27,0.29,0.71,0.73,0.28,22459.19,5176.83,73567.0,138243.47
kalshi,ETH,above,KXETHD-26AUG0312,KXETHD-26AUG0312-T1869.99,"$1,870 or above",2026-08-03T16:00:00Z,greater,1869.99,,0.06,0.08,0.92,0.94,0.07,3572.54,3309.75,5148.0,137858.66999999998
kalshi,ETH,above,KXETHD-26AUG0312,KXETHD-26AUG0312-T1874.99,"$1,875 or above",2026-08-03T16:00:00Z,greater,1874.99,,0.01,0.02,0.98,0.99,0.03,3894.62,2540.86,541.0,83712.29999999999
kalshi,ETH,above,KXETHD-26AUG0312,KXETHD-26AUG0312-T1879.99,"$1,880 or above",2026-08-03T16:00:00Z,greater,1879.99,,0.0,0.01,0.99,1.0,0.01,2174.22,1382.58,0,0
kalshi,ETH,above,KXETHD-26AUG0312,KXETHD-26AUG0312-T1884.99,"$1,885 or above",2026-08-03T16:00:00Z,greater,1884.99,,0.0,0.01,0.99,1.0,0.02,2331.42,1923.42,0,0
kalshi,ETH,above,KXETHD-26AUG0312,KXETHD-26AUG0312-T1889.99,"$1,890 or above",2026-08-03T16:00:00Z,greater,1889.99,,0.0,0.01,0.99,1.0,0.03,1037.0,825.0,0,0
kalshi,ETH,above,KXETHD-26AUG0312,KXETHD-26AUG0312-T1894.99,"$1,895 or above",2026-08-03T16:00:00Z,greater,1894.99,,0.0,0.01,0.99,1.0,0.01,554.59,554.59,0,0
kalshi,ETH,above,KXETHD-26AUG0312,KXETHD-26AUG0312-T1899.99,"$1,900 or above",2026-08-03T16:00:00Z,greater,1899.99,,0.0,0.02,0.98,1.0,0.0,0.0,0.0,0,0
kalshi,ETH,above,KXETHD-26AUG0312,KXETHD-26AUG0312-T1904.99,"$1,905 or above",2026-08-03T16:00:00Z,greater,1904.99,,0.0,0.02,0.98,1.0,0.03,70.0,70.0,0,0
kalshi,ETH,above,KXETHD-26AUG0312,KXETHD-26AUG0312-T1909.99,"$1,910 or above",2026-08-03T16:00:00Z,greater,1909.99,,0.0,0.01,0.99,1.0,0.0,0.0,0.0,0,0
kalshi,ETH,above,KXETHD-26AUG0312,KXETHD-26AUG0312-T1914.99,"$1,915 or above",2026-08-03T16:00:00Z,greater,1914.99,,0.0,0.01,0.99,1.0,0.0,0.0,0.0,0,0
kalshi,ETH,above,KXETHD-26AUG0312,KXETHD-26AUG0312-T1919.99,"$1,920 or above",2026-08-03T16:00:00Z,greater,1919.99,,0.0,0.01,0.99,1.0,0.0,0.0,0.0,0,0
kalshi,ETH,above,KXETHD-26AUG0312,KXETHD-26AUG0312-T1924.99,"$1,925 or above",2026-08-03T16:00:00Z,greater,1924.99,,0.0,0.01,0.99,1.0,0.0,0.0,0.0,0,0
kalshi,ETH,above,KXETHD-26AUG0312,KXETHD-26AUG0312-T1929.99,"$1,930 or above",2026-08-03T16:00:00Z,greater,1929.99,,0.0,0.01,0.99,1.0,0.0,0.0,0.0,0,0
kalshi,ETH,above,KXETHD-26AUG0312,KXETHD-26AUG0312-T1934.99,"$1,935 or above",2026-08-03T16:00:00Z,greater,1934.99,,0.0,0.01,0.99,1.0,0.0,0.0,0.0,0,0
kalshi,ETH,above,KXETHD-26AUG0312,KXETHD-26AUG0312-T1939.99,"$1,940 or above",2026-08-03T16:00:00Z,greater,1939.99,,0.0,0.01,0.99,1.0,0.0,0.0,0.0,0,0
kalshi,ETH,above,KXETHD-26AUG0312,KXETHD-26AUG0312-T1944.99,"$1,945 or above",2026-08-03T16:00:00Z,greater,1944.99,,0.0,0.01,0.99,1.0,0.0,0.0,0.0,0,0
kalshi,ETH,above,KXETHD-26AUG0312,KXETHD-26AUG0312-T1949.99,"$1,950 or above",2026-08-03T16:00:00Z,greater,1949.99,,0.0,0.01,0.99,1.0,0.0,0.0,0.0,0,0
kalshi,ETH,above,KXETHD-26AUG0312,KXETHD-26AUG0312-T1954.99,"$1,955 or above",2026-08-03T16:00:00Z,greater,1954.99,,0.0,0.01,0.99,1.0,0.0,0.0,0.0,0,0
kalshi,ETH,above,KXETHD-26AUG0312,KXETHD-26AUG0312-T1959.99,"$1,960 or above",2026-08-03T16:00:00Z,greater,1959.99,,0.0,0.01,0.99,1.0,0.0,0.0,0.0,0,0
kalshi,ETH,above,KXETHD-26AUG0312,KXETHD-26AUG0312-T1964.99,"$1,965 or above",2026-08-03T16:00:00Z,greater,1964.99,,0.0,0.01,0.99,1.0,0.0,0.0,0.0,0,0
kalshi,ETH,above,KXETHD-26AUG0312,KXETHD-26AUG0312-T1969.99,"$1,970 or above",2026-08-03T16:00:00Z,greater,1969.99,,0.0,0.01,0.99,1.0,0.0,0.0,0.0,0,0
kalshi,ETH,above,KXETHD-26AUG0312,KXETHD-26AUG0312-T1974.99,"$1,975 or above",2026-08-03T16:00:00Z,greater,1974.99,,0.0,0.01,0.99,1.0,0.0,0.0,0.0,0,0
kalshi,ETH,above,KXETHD-26AUG0312,KXETHD-26AUG0312-T1979.99,"$1,980 or above",2026-08-03T16:00:00Z,greater,1979.99,,0.0,0.01,0.99,1.0,0.0,0.0,0.0,0,0
kalshi,ETH,above,KXETHD-26AUG0312,KXETHD-26AUG0312-T1984.99,"$1,985 or above",2026-08-03T16:00:00Z,greater,1984.99,,0.0,0.01,0.99,1.0,0.0,0.0,0.0,0,0
kalshi,ETH,above,KXETHD-26AUG0312,KXETHD-26AUG0312-T1989.99,"$1,990 or above",2026-08-03T16:00:00Z,greater,1989.99,,0.0,0.01,0.99,1.0,0.0,0.0,0.0,0,0
kalshi,ETH,above,KXETHD-26AUG0312,KXETHD-26AUG0312-T1994.99,"$1,995 or above",2026-08-03T16:00:00Z,greater,1994.99,,0.0,0.01,0.99,1.0,0.0,0.0,0.0,0,0
kalshi,ETH,above,KXETHD-26AUG0312,KXETHD-26AUG0312-T1999.99,"$2,000 or above",2026-08-03T16:00:00Z,greater,1999.99,,0.0,0.01,0.99,1.0,0.0,0.0,0.0,0,0
kalshi,ETH,above,KXETHD-26AUG0312,KXETHD-26AUG0312-T2004.99,"$2,005 or above",2026-08-03T16:00:00Z,greater,2004.99,,0.0,0.01,0.99,1.0,0.0,0.0,0.0,0,0
kalshi,ETH,above,KXETHD-26AUG0312,KXETHD-26AUG0312-T2009.99,"$2,010 or above",2026-08-03T16:00:00Z,greater,2009.99,,0.0,0.01,0.99,1.0,0.0,0.0,0.0,0,0
kalshi,ETH,above,KXETHD-26AUG0312,KXETHD-26AUG0312-T2014.99,"$2,015 or above",2026-08-03T16:00:00Z,greater,2014.99,,0.0,0.01,0.99,1.0,0.0,0.0,0.0,0,0
kalshi,ETH,above,KXETHD-26AUG0312,KXETHD-26AUG0312-T2019.99,"$2,020 or above",2026-08-03T16:00:00Z,greater,2019.99,,0.0,0.01,0.99,1.0,0.0,0.0,0.0,0,0
kalshi,ETH,above,KXETHD-26AUG0312,KXETHD-26AUG0312-T2024.99,"$2,025 or above",2026-08-03T16:00:00Z,greater,2024.99,,0.0,0.01,0.99,1.0,0.0,0.0,0.0,0,0
kalshi,ETH,above,KXETHD-26AUG0312,KXETHD-26AUG0312-T2029.99,"$2,030 or above",2026-08-03T16:00:00Z,greater,2029.99,,0.0,0.01,0.99,1.0,0.0,0.0,0.0,0,0
kalshi,ETH,above,KXETHD-26AUG0312,KXETHD-26AUG0312-T2034.99,"$2,035 or above",2026-08-03T16:00:00Z,greater,2034.99,,0.0,0.01,0.99,1.0,0.0,0.0,0.0,0,0
kalshi,ETH,above,KXETHD-26AUG0312,KXETHD-26AUG0312-T2039.99,"$2,040 or above",2026-08-03T16:00:00Z,greater,2039.99,,0.0,0.01,0.99,1.0,0.0,0.0,0.0,0,0
kalshi,ETH,above,KXETHD-26AUG0312,KXETHD-26AUG0312-T2044.99,"$2,045 or above",2026-08-03T16:00:00Z,greater,2044.99,,0.0,0.01,0.99,1.0,0.0,0.0,0.0,0,0
kalshi,ETH,above,KXETHD-26AUG0312,KXETHD-26AUG0312-T2049.99,"$2,050 or above",2026-08-03T16:00:00Z,greater,2049.99,,0.0,0.01,0.99,1.0,0.0,0.0,0.0,0,0
kalshi,ETH,above,KXETHD-26AUG0312,KXETHD-26AUG0312-T2054.99,"$2,055 or above",2026-08-03T16:00:00Z,greater,2054.99,,0.0,0.01,0.99,1.0,0.0,0.0,0.0,0,0
kalshi,ETH,above,KXETHD-26AUG0312,KXETHD-26AUG0312-T2059.99,"$2,060 or above",2026-08-03T16:00:00Z,greater,2059.99,,0.0,0.01,0.99,1.0,0.0,0.0,0.0,0,0
kalshi,ETH,above,KXETHD-26AUG0312,KXETHD-26AUG0312-T2064.99,"$2,065 or above",2026-08-03T16:00:00Z,greater,2064.99,,0.0,0.01,0.99,1.0,0.0,0.0,0.0,0,0
kalshi,ETH,above,KXETHD-26AUG0312,KXETHD-26AUG0312-T2069.99,"$2,070 or above",2026-08-03T16:00:00Z,greater,2069.99,,0.0,0.01,0.99,1.0,0.0,0.0,0.0,0,0
kalshi,ETH,above,KXETHD-26AUG0312,KXETHD-26AUG0312-T2074.99,"$2,075 or above",2026-08-03T16:00:00Z,greater,2074.99,,0.0,0.01,0.99,1.0,0.0,0.0,0.0,0,0
kalshi,ETH,above,KXETHD-26AUG0312,KXETHD-26AUG0312-T2079.99,"$2,080 or above",2026-08-03T16:00:00Z,greater,2079.99,,0.0,0.01,0.99,1.0,0.0,0.0,0.0,0,0
kalshi,ETH,above,KXETHD-26AUG0312,KXETHD-26AUG0312-T2084.99,"$2,085 or above",2026-08-03T16:00:00Z,greater,2084.99,,0.0,0.01,0.99,1.0,0.0,0.0,0.0,0,0
kalshi,ETH,above,KXETHD-26AUG0312,KXETHD-26AUG0312-T2089.99,"$2,090 or above",2026-08-03T16:00:00Z,greater,2089.99,,0.0,0.01,0.99,1.0,0.0,0.0,0.0,0,0
kalshi,ETH,above,KXETHD-26AUG0312,KXETHD-26AUG0312-T2094.99,"$2,095 or above",2026-08-03T16:00:00Z,greater,2094.99,,0.0,0.01,0.99,1.0,0.0,0.0,0.0,0,0
kalshi,ETH,above,KXETHD-26AUG0312,KXETHD-26AUG0312-T2099.99,"$2,100 or above",2026-08-03T16:00:00Z,greater,2099.99,,0.0,0.01,0.99,1.0,0.0,0.0,0.0,0,0
kalshi,ETH,above,KXETHD-26AUG0312,KXETHD-26AUG0312-T2104.99,"$2,105 or above",2026-08-03T16:00:00Z,greater,2104.99,,0.0,0.01,0.99,1.0,0.0,0.0,0.0,0,0
kalshi,ETH,above,KXETHD-26AUG0312,KXETHD-26AUG0312-T2109.99,"$2,110 or above",2026-08-03T16:00:00Z,greater,2109.99,,0.0,0.01,0.99,1.0,0.0,0.0,0.0,0,0
kalshi,ETH,above,KXETHD-26AUG0312,KXETHD-26AUG0312-T2114.99,"$2,115 or above",2026-08-03T16:00:00Z,greater,2114.99,,0.0,0.01,0.99,1.0,0.0,0.0,0.0,0,0
kalshi,ETH,above,KXETHD-26AUG0312,KXETHD-26AUG0312-T2119.99,"$2,120 or above",2026-08-03T16:00:00Z,greater,2119.99,,0.0,0.01,0.99,1.0,0.0,0.0,0.0,0,0
kalshi,ETH,above,KXETHD-26AUG0312,KXETHD-26AUG0312-T2124.99,"$2,125 or above",2026-08-03T16:00:00Z,greater,2124.99,,0.0,0.01,0.99,1.0,0.0,0.0,0.0,0,0
kalshi,ETH,above,KXETHD-26AUG0312,KXETHD-26AUG0312-T2129.99,"$2,130 or above",2026-08-03T16:00:00Z,greater,2129.99,,0.0,0.01,0.99,1.0,0.0,0.0,0.0,0,0
kalshi,ETH,above,KXETHD-26AUG0312,KXETHD-26AUG0312-T2134.99,"$2,135 or above",2026-08-03T16:00:00Z,greater,2134.99,,0.0,0.01,0.99,1.0,0.0,0.0,0.0,0,0
kalshi,ETH,above,KXETHD-26AUG0312,KXETHD-26AUG0312-T2139.99,"$2,140 or above",2026-08-03T16:00:00Z,greater,2139.99,,0.0,0.01,0.99,1.0,0.0,0.0,0.0,0,0
kalshi,ETH,above,KXETHD-26AUG0312,KXETHD-26AUG0312-T2144.99,"$2,145 or above",2026-08-03T16:00:00Z,greater,2144.99,,0.0,0.01,0.99,1.0,0.0,0.0,0.0,0,0
kalshi,ETH,above,KXETHD-26AUG0312,KXETHD-26AUG0312-T2149.99,"$2,150 or above",2026-08-03T16:00:00Z,greater,2149.99,,0.0,0.01,0.99,1.0,0.0,0.0,0.0,0,0
kalshi,ETH,above,KXETHD-26AUG0312,KXETHD-26AUG0312-T2154.99,"$2,155 or above",2026-08-03T16:00:00Z,greater,2154.99,,0.0,0.01,0.99,1.0,0.0,0.0,0.0,0,0
kalshi,ETH,above,KXETHD-26AUG0312,KXETHD-26AUG0312-T2159.99,"$2,160 or above",2026-08-03T16:00:00Z,greater,2159.99,,0.0,0.01,0.99,1.0,0.0,0.0,0.0,0,0
kalshi,ETH,above,KXETHD-26AUG0312,KXETHD-26AUG0312-T2164.99,"$2,165 or above",2026-08-03T16:00:00Z,greater,2164.99,,0.0,0.01,0.99,1.0,0.0,0.0,0.0,0,0
kalshi,ETH,above,KXETHD-26AUG0312,KXETHD-26AUG0312-T2169.99,"$2,170 or above",2026-08-03T16:00:00Z,greater,2169.99,,0.0,0.01,0.99,1.0,0.0,0.0,0.0,0,0
kalshi,ETH,above,KXETHD-26AUG0312,KXETHD-26AUG0312-T2174.99,"$2,175 or above",2026-08-03T16:00:00Z,greater,2174.99,,0.0,0.01,0.99,1.0,0.0,0.0,0.0,0,0
kalshi,ETH,above,KXETHD-26AUG0312,KXETHD-26AUG0312-T2179.99,"$2,180 or above",2026-08-03T16:00:00Z,greater,2179.99,,0.0,0.01,0.99,1.0,0.0,0.0,0.0,0,0
kalshi,ETH,above,KXETHD-26AUG0312,KXETHD-26AUG0312-T2184.99,"$2,185 or above",2026-08-03T16:00:00Z,greater,2184.99,,0.0,0.01,0.99,1.0,0.0,0.0,0.0,0,0
kalshi,ETH,above,KXETHD-26AUG0312,KXETHD-26AUG0312-T2189.99,"$2,190 or above",2026-08-03T16:00:00Z,greater,2189.99,,0.0,0.01,0.99,1.0,0.0,0.0,0.0,0,0
kalshi,ETH,above,KXETHD-26AUG0312,KXETHD-26AUG0312-T2194.99,"$2,195 or above",2026-08-03T16:00:00Z,greater,2194.99,,0.0,0.01,0.99,1.0,0.0,0.0,0.0,0,0
kalshi,ETH,above,KXETHD-26AUG0312,KXETHD-26AUG0312-T2199.99,"$2,200 or above",2026-08-03T16:00:00Z,greater,2199.99,,0.0,0.01,0.99,1.0,0.0,0.0,0.0,0,0
kalshi,ETH,above,KXETHD-26AUG0312,KXETHD-26AUG0312-T2204.99,"$2,205 or above",2026-08-03T16:00:00Z,greater,2204.99,,0.0,0.01,0.99,1.0,0.0,0.0,0.0,0,0
kalshi,ETH,above,KXETHD-26AUG0312,KXETHD-26AUG0312-T2209.99,"$2,210 or above",2026-08-03T16:00:00Z,greater,2209.99,,0.0,0.01,0.99,1.0,0.0,0.0,0.0,0,0
kalshi,ETH,above,KXETHD-26AUG0312,KXETHD-26AUG0312-T2214.99,"$2,215 or above",2026-08-03T16:00:00Z,greater,2214.99,,0.0,0.01,0.99,1.0,0.0,0.0,0.0,0,0
kalshi,ETH,above,KXETHD-26AUG0312,KXETHD-26AUG0312-T2219.99,"$2,220 or above",2026-08-03T16:00:00Z,greater,2219.99,,0.0,0.01,0.99,1.0,0.0,0.0,0.0,0,0
kalshi,ETH,above,KXETHD-26AUG0312,KXETHD-26AUG0312-T2224.99,"$2,225 or above",2026-08-03T16:00:00Z,greater,2224.99,,0.0,0.01,0.99,1.0,0.0,0.0,0.0,0,0
kalshi,ETH,above,KXETHD-26AUG0312,KXETHD-26AUG0312-T2229.99,"$2,230 or above",2026-08-03T16:00:00Z,greater,2229.99,,0.0,0.01,0.99,1.0,0.0,0.0,0.0,0,0
kalshi,ETH,above,KXETHD-26AUG0312,KXETHD-26AUG0312-T2234.99,"$2,235 or above",2026-08-03T16:00:00Z,greater,2234.99,,0.0,0.01,0.99,1.0,0.0,0.0,0.0,0,0
kalshi,ETH,above,KXETHD-26AUG0312,KXETHD-26AUG0312-T2239.99,"$2,240 or above",2026-08-03T16:00:00Z,greater,2239.99,,0.0,0.01,0.99,1.0,0.0,0.0,0.0,0,0
kalshi,ETH,above,KXETHD-26AUG0312,KXETHD-26AUG0312-T2244.99,"$2,245 or above",2026-08-03T16:00:00Z,greater,2244.99,,0.0,0.01,0.99,1.0,0.0,0.0,0.0,0,0
kalshi,ETH,above,KXETHD-26AUG0312,KXETHD-26AUG0312-T2249.99,"$2,250 or above",2026-08-03T16:00:00Z,greater,2249.99,,0.0,0.01,0.99,1.0,0.0,0.0,0.0,0,0
kalshi,ETH,above,KXETHD-26AUG0312,KXETHD-26AUG0312-T2254.99,"$2,255 or above",2026-08-03T16:00:00Z,greater,2254.99,,0.0,0.01,0.99,1.0,0.0,0.0,0.0,0,0
kalshi,ETH,above,KXETHD-26AUG0312,KXETHD-26AUG0312-T2259.99,"$2,260 or above",2026-08-03T16:00:00Z,greater,2259.99,,0.0,0.01,0.99,1.0,0.0,0.0,0.0,0,0
kalshi,ETH,above,KXETHD-26AUG0312,KXETHD-26AUG0312-T2264.99,"$2,265 or above",2026-08-03T16:00:00Z,greater,2264.99,,0.0,0.01,0.99,1.0,0.0,0.0,0.0,0,0
kalshi,ETH,above,KXETHD-26AUG0312,KXETHD-26AUG0312-T2269.99,"$2,270 or above",2026-08-03T16:00:00Z,greater,2269.99,,0.0,0.01,0.99,1.0,0.0,0.0,0.0,0,0
kalshi,ETH,above,KXETHD-26AUG0312,KXETHD-26AUG0312-T2274.99,"$2,275 or above",2026-08-03T16:00:00Z,greater,2274.99,,0.0,0.01,0.99,1.0,0.0,0.0,0.0,0,0
kalshi,ETH,above,KXETHD-26AUG0312,KXETHD-26AUG0312-T2279.99,"$2,280 or above",2026-08-03T16:00:00Z,greater,2279.99,,0.0,0.01,0.99,1.0,0.0,0.0,0.0,0,0
kalshi,ETH,above,KXETHD-26AUG0312,KXETHD-26AUG0312-T2284.99,"$2,285 or above",2026-08-03T16:00:00Z,greater,2284.99,,0.0,0.01,0.99,1.0,0.0,0.0,0.0,0,0
kalshi,ETH,above,KXETHD-26AUG0312,KXETHD-26AUG0312-T2289.99,"$2,290 or above",2026-08-03T16:00:00Z,greater,2289.99,,0.0,0.01,0.99,1.0,0.0,0.0,0.0,0,0
kalshi,ETH,above,KXETHD-26AUG0312,KXETHD-26AUG0312-T2294.99,"$2,295 or above",2026-08-03T16:00:00Z,greater,2294.99,,0.0,0.01,0.99,1.0,0.0,0.0,0.0,0,0
kalshi,ETH,above,KXETHD-26AUG0312,KXETHD-26AUG0312-T2299.99,"$2,300 or above",2026-08-03T16:00:00Z,greater,2299.99,,0.0,0.01,0.99,1.0,0.0,0.0,0.0,0,0
kalshi,ETH,above,KXETHD-26AUG0312,KXETHD-26AUG0312-T2304.99,"$2,305 or above",2026-08-03T16:00:00Z,greater,2304.99,,0.0,0.01,0.99,1.0,0.0,0.0,0.0,0,0
kalshi,ETH,above,KXETHD-26AUG0312,KXETHD-26AUG0312-T2309.99,"$2,310 or above",2026-08-03T16:00:00Z,greater,2309.99,,0.0,0.01,0.99,1.0,0.0,0.0,0.0,0,0
kalshi,ETH,above,KXETHD-26AUG0312,KXETHD-26AUG0312-T2314.99,"$2,315 or above",2026-08-03T16:00:00Z,greater,2314.99,,0.0,0.01,0.99,1.0,0.0,0.0,0.0,0,0
kalshi,ETH,above,KXETHD-26AUG0312,KXETHD-26AUG0312-T2319.99,"$2,320 or above",2026-08-03T16:00:00Z,greater,2319.99,,0.0,0.01,0.99,1.0,0.0,0.0,0.0,0,0
kalshi,ETH,above,KXETHD-26AUG0312,KXETHD-26AUG0312-T2324.99,"$2,325 or above",2026-08-03T16:00:00Z,greater,2324.99,,0.0,0.01,0.99,1.0,0.0,0.0,0.0,0,0
kalshi,ETH,above,KXETHD-26AUG0312,KXETHD-26AUG0312-T2329.99,"$2,330 or above",2026-08-03T16:00:00Z,greater,2329.99,,0.0,0.01,0.99,1.0,0.0,0.0,0.0,0,0
kalshi,ETH,above,KXETHD-26AUG0312,KXETHD-26AUG0312-T2334.99,"$2,335 or above",2026-08-03T16:00:00Z,greater,2334.99,,0.0,0.01,0.99,1.0,0.0,0.0,0.0,0,0
kalshi,ETH,above,KXETHD-26AUG0312,KXETHD-26AUG0312-T2339.99,"$2,340 or above",2026-08-03T16:00:00Z,greater,2339.99,,0.0,0.01,0.99,1.0,0.0,0.0,0.0,0,0
kalshi,ETH,above,KXETHD-26AUG0312,KXETHD-26AUG0312-T2344.99,"$2,345 or above",2026-08-03T16:00:00Z,greater,2344.99,,0.0,0.01,0.99,1.0,0.0,0.0,0.0,0,0
kalshi,ETH,above,KXETHD-26AUG0312,KXETHD-26AUG0312-T2349.99,"$2,350 or above",2026-08-03T16:00:00Z,greater,2349.99,,0.0,0.01,0.99,1.0,0.0,0.0,0.0,0,0
kalshi,ETH,above,KXETHD-26AUG0312,KXETHD-26AUG0312-T2354.99,"$2,355 or above",2026-08-03T16:00:00Z,greater,2354.99,,0.0,0.01,0.99,1.0,0.0,0.0,0.0,0,0
kalshi,ETH,above,KXETHD-26AUG0312,KXETHD-26AUG0312-T2359.99,"$2,360 or above",2026-08-03T16:00:00Z,greater,2359.99,,0.0,0.01,0.99,1.0,0.0,0.0,0.0,0,0
kalshi,ETH,above,KXETHD-26AUG0312,KXETHD-26AUG0312-T2364.99,"$2,365 or above",2026-08-03T16:00:00Z,greater,2364.99,,0.0,0.01,0.99,1.0,0.0,0.0,0.0,0,0
kalshi,ETH,above,KXETHD-26AUG0312,KXETHD-26AUG0312-T2369.99,"$2,370 or above",2026-08-03T16:00:00Z,greater,2369.99,,0.0,0.01,0.99,1.0,0.0,0.0,0.0,0,0
kalshi,ETH,above,KXETHD-26AUG0312,KXETHD-26AUG0312-T2374.99,"$2,375 or above",2026-08-03T16:00:00Z,greater,2374.99,,0.0,0.01,0.99,1.0,0.0,0.0,0.0,0,0
kalshi,ETH,above,KXETHD-26AUG0312,KXETHD-26AUG0312-T2379.99,"$2,380 or above",2026-08-03T16:00:00Z,greater,2379.99,,0.0,0.01,0.99,1.0,0.0,0.0,0.0,0,0
kalshi,ETH,above,KXETHD-26AUG0312,KXETHD-26AUG0312-T2384.99,"$2,385 or above",2026-08-03T16:00:00Z,greater,2384.99,,0.0,0.01,0.99,1.0,0.0,0.0,0.0,0,0
kalshi,ETH,above,KXETHD-26AUG0312,KXETHD-26AUG0312-T2389.99,"$2,390 or above",2026-08-03T16:00:00Z,greater,2389.99,,0.0,0.01,0.99,1.0,0.0,0.0,0.0,0,0
kalshi,ETH,above,KXETHD-26AUG0312,KXETHD-26AUG0312-T2394.99,"$2,395 or above",2026-08-03T16:00:00Z,greater,2394.99,,0.0,0.01,0.99,1.0,0.0,0.0,0.0,0,0
kalshi,ETH,above,KXETHD-26AUG0312,KXETHD-26AUG0312-T2399.99,"$2,400 or above",2026-08-03T16:00:00Z,greater,2399.99,,0.0,0.01,0.99,1.0,0.0,0.0,0.0,0,0
kalshi,ETH,above,KXETHD-26AUG0312,KXETHD-26AUG0312-T2404.99,"$2,405 or above",2026-08-03T16:00:00Z,greater,2404.99,,0.0,0.01,0.99,1.0,0.0,0.0,0.0,0,0
kalshi,ETH,above,KXETHD-26AUG0312,KXETHD-26AUG0312-T2409.99,"$2,410 or above",2026-08-03T16:00:00Z,greater,2409.99,,0.0,0.01,0.99,1.0,0.0,0.0,0.0,0,0
kalshi,ETH,above,KXETHD-26AUG0312,KXETHD-26AUG0312-T2414.99,"$2,415 or above",2026-08-03T16:00:00Z,greater,2414.99,,0.0,0.01,0.99,1.0,0.0,0.0,0.0,0,0
kalshi,ETH,above,KXETHD-26AUG0312,KXETHD-26AUG0312-T2419.99,"$2,420 or above",2026-08-03T16:00:00Z,greater,2419.99,,0.0,0.01,0.99,1.0,0.0,0.0,0.0,0,0
kalshi,ETH,above,KXETHD-26AUG0312,KXETHD-26AUG0312-T2424.99,"$2,425 or above",2026-08-03T16:00:00Z,greater,2424.99,,0.0,0.01,0.99,1.0,0.0,0.0,0.0,0,0
kalshi,ETH,above,KXETHD-26AUG0312,KXETHD-26AUG0312-T2429.99,"$2,430 or above",2026-08-03T16:00:00Z,greater,2429.99,,0.0,0.01,0.99,1.0,0.0,0.0,0.0,0,0
kalshi,ETH,above,KXETHD-26AUG0312,KXETHD-26AUG0312-T2434.99,"$2,435 or above",2026-08-03T16:00:00Z,greater,2434.99,,0.0,0.01,0.99,1.0,0.0,0.0,0.0,0,0
kalshi,ETH,above,KXETHD-26AUG0312,KXETHD-26AUG0312-T2439.99,"$2,440 or above",2026-08-03T16:00:00Z,greater,2439.99,,0.0,0.01,0.99,1.0,0.0,0.0,0.0,0,0
kalshi,ETH,above,KXETHD-26AUG0312,KXETHD-26AUG0312-T2444.99,"$2,445 or above",2026-08-03T16:00:00Z,greater,2444.99,,0.0,0.01,0.99,1.0,0.0,0.0,0.0,0,0
kalshi,ETH,above,KXETHD-26AUG0312,KXETHD-26AUG0312-T2449.99,"$2,450 or above",2026-08-03T16:00:00Z,greater,2449.99,,0.0,0.01,0.99,1.0,0.0,0.0,0.0,0,0
kalshi,ETH,above,KXETHD-26AUG0312,KXETHD-26AUG0312-T2454.99,"$2,455 or above",2026-08-03T16:00:00Z,greater,2454.99,,0.0,0.01,0.99,1.0,0.0,0.0,0.0,0,0
kalshi,ETH,above,KXETHD-26AUG0312,KXETHD-26AUG0312-T2459.99,"$2,460 or above",2026-08-03T16:00:00Z,greater,2459.99,,0.0,0.01,0.99,1.0,0.0,0.0,0.0,0,0
kalshi,ETH,above,KXETHD-26AUG0312,KXETHD-26AUG0312-T2464.99,"$2,465 or above",2026-08-03T16:00:00Z,greater,2464.99,,0.0,0.01,0.99,1.0,0.0,0.0,0.0,0,0
kalshi,ETH,above,KXETHD-26AUG0312,KXETHD-26AUG0312-T2469.99,"$2,470 or above",2026-08-03T16:00:00Z,greater,2469.99,,0.0,0.01,0.99,1.0,0.0,0.0,0.0,0,0
kalshi,ETH,above,KXETHD-26AUG0312,KXETHD-26AUG0312-T2474.99,"$2,475 or above",2026-08-03T16:00:00Z,greater,2474.99,,0.0,0.01,0.99,1.0,0.0,0.0,0.0,0,0
kalshi,ETH,above,KXETHD-26AUG0312,KXETHD-26AUG0312-T2479.99,"$2,480 or above",2026-08-03T16:00:00Z,greater,2479.99,,0.0,0.01,0.99,1.0,0.0,0.0,0.0,0,0
kalshi,ETH,above,KXETHD-26AUG0312,KXETHD-26AUG0312-T2484.99,"$2,485 or above",2026-08-03T16:00:00Z,greater,2484.99,,0.0,0.01,0.99,1.0,0.0,0.0,0.0,0,0
kalshi,ETH,above,KXETHD-26AUG0312,KXETHD-26AUG0312-T2489.99,"$2,490 or above",2026-08-03T16:00:00Z,greater,2489.99,,0.0,0.01,0.99,1.0,0.0,0.0,0.0,0,0
kalshi,ETH,above,KXETHD-26AUG0312,KXETHD-26AUG0312-T2494.99,"$2,495 or above",2026-08-03T16:00:00Z,greater,2494.99,,0.0,0.01,0.99,1.0,0.0,0.0,0.0,0,0
kalshi,ETH,above,KXETHD-26AUG0312,KXETHD-26AUG0312-T2499.99,"$2,500 or above",2026-08-03T16:00:00Z,greater,2499.99,,0.0,0.01,0.99,1.0,0.0,0.0,0.0,0,0
kalshi,ETH,above,KXETHD-26AUG0312,KXETHD-26AUG0312-T2504.99,"$2,505 or above",2026-08-03T16:00:00Z,greater,2504.99,,0.0,0.01,0.99,1.0,0.0,0.0,0.0,0,0
kalshi,ETH,above,KXETHD-26AUG0312,KXETHD-26AUG0312-T2509.99,"$2,510 or above",2026-08-03T16:00:00Z,greater,2509.99,,0.0,0.01,0.99,1.0,0.0,0.0,0.0,0,0
kalshi,ETH,above,KXETHD-26AUG0312,KXETHD-26AUG0312-T2514.99,"$2,515 or above",2026-08-03T16:00:00Z,greater,2514.99,,0.0,0.01,0.99,1.0,0.0,0.0,0.0,0,0
kalshi,ETH,above,KXETHD-26AUG0312,KXETHD-26AUG0312-T2519.99,"$2,520 or above",2026-08-03T16:00:00Z,greater,2519.99,,0.0,0.01,0.99,1.0,0.0,0.0,0.0,0,0
kalshi,ETH,above,KXETHD-26AUG0312,KXETHD-26AUG0312-T2524.99,"$2,525 or above",2026-08-03T16:00:00Z,greater,2524.99,,0.0,0.01,0.99,1.0,0.0,0.0,0.0,0,0
kalshi,ETH,above,KXETHD-26AUG0312,KXETHD-26AUG0312-T2529.99,"$2,530 or above",2026-08-03T16:00:00Z,greater,2529.99,,0.0,0.01,0.99,1.0,0.0,0.0,0.0,0,0
kalshi,ETH,above,KXETHD-26AUG0312,KXETHD-26AUG0312-T2534.99,"$2,535 or above",2026-08-03T16:00:00Z,greater,2534.99,,0.0,0.01,0.99,1.0,0.0,0.0,0.0,0,0
kalshi,ETH,above,KXETHD-26AUG0312,KXETHD-26AUG0312-T2539.99,"$2,540 or above",2026-08-03T16:00:00Z,greater,2539.99,,0.0,0.01,0.99,1.0,0.0,0.0,0.0,0,0
kalshi,ETH,above,KXETHD-26AUG0312,KXETHD-26AUG0312-T2544.99,"$2,545 or above",2026-08-03T16:00:00Z,greater,2544.99,,0.0,0.01,0.99,1.0,0.0,0.0,0.0,0,0
kalshi,ETH,above,KXETHD-26AUG0312,KXETHD-26AUG0312-T2549.99,"$2,550 or above",2026-08-03T16:00:00Z,greater,2549.99,,0.0,0.01,0.99,1.0,0.0,0.0,0.0,0,0
kalshi,ETH,above,KXETHD-26AUG0312,KXETHD-26AUG0312-T2554.99,"$2,555 or above",2026-08-03T16:00:00Z,greater,2554.99,,0.0,0.01,0.99,1.0,0.0,0.0,0.0,0,0
kalshi,ETH,above,KXETHD-26AUG0312,KXETHD-26AUG0312-T2559.99,"$2,560 or above",2026-08-03T16:00:00Z,greater,2559.99,,0.0,0.01,0.99,1.0,0.0,0.0,0.0,0,0
kalshi,ETH,above,KXETHD-26AUG0312,KXETHD-26AUG0312-T2564.99,"$2,565 or above",2026-08-03T16:00:00Z,greater,2564.99,,0.0,0.01,0.99,1.0,0.0,0.0,0.0,0,0
kalshi,ETH,above,KXETHD-26AUG0312,KXETHD-26AUG0312-T2569.99,"$2,570 or above",2026-08-03T16:00:00Z,greater,2569.99,,0.0,0.01,0.99,1.0,0.0,0.0,0.0,0,0
kalshi,ETH,above,KXETHD-26AUG0312,KXETHD-26AUG0312-T2574.99,"$2,575 or above",2026-08-03T16:00:00Z,greater,2574.99,,0.0,0.01,0.99,1.0,0.0,0.0,0.0,0,0
kalshi,ETH,above,KXETHD-26AUG0312,KXETHD-26AUG0312-T2579.99,"$2,580 or above",2026-08-03T16:00:00Z,greater,2579.99,,0.0,0.01,0.99,1.0,0.0,0.0,0.0,0,0
kalshi,ETH,above,KXETHD-26AUG0312,KXETHD-26AUG0312-T2584.99,"$2,585 or above",2026-08-03T16:00:00Z,greater,2584.99,,0.0,0.01,0.99,1.0,0.0,0.0,0.0,0,0
kalshi,ETH,above,KXETHD-26AUG0312,KXETHD-26AUG0312-T2589.99,"$2,590 or above",2026-08-03T16:00:00Z,greater,2589.99,,0.0,0.01,0.99,1.0,0.0,0.0,0.0,0,0
kalshi,ETH,above,KXETHD-26AUG0312,KXETHD-26AUG0312-T2594.99,"$2,595 or above",2026-08-03T16:00:00Z,greater,2594.99,,0.0,0.01,0.99,1.0,0.0,0.0,0.0,0,0
kalshi,ETH,above,KXETHD-26AUG0317,KXETHD-26AUG0317-T1049.99,"$1,050 or above",2026-08-03T21:00:00Z,greater,1049.99,,0.99,1.0,0.0,0.01,0.99,1500.3,1500.3,0,0
kalshi,ETH,above,KXETHD-26AUG0317,KXETHD-26AUG0317-T1089.99,"$1,090 or above",2026-08-03T21:00:00Z,greater,1089.99,,0.99,1.0,0.0,0.01,0.0,0.0,0.0,0,0
kalshi,ETH,above,KXETHD-26AUG0317,KXETHD-26AUG0317-T1129.99,"$1,130 or above",2026-08-03T21:00:00Z,greater,1129.99,,0.99,1.0,0.0,0.01,0.0,0.0,0.0,0,0
kalshi,ETH,above,KXETHD-26AUG0317,KXETHD-26AUG0317-T1169.99,"$1,170 or above",2026-08-03T21:00:00Z,greater,1169.99,,0.99,1.0,0.0,0.01,0.0,0.0,0.0,0,0
kalshi,ETH,above,KXETHD-26AUG0317,KXETHD-26AUG0317-T1209.99,"$1,210 or above",2026-08-03T21:00:00Z,greater,1209.99,,0.99,1.0,0.0,0.01,0.0,0.0,0.0,0,0
kalshi,ETH,above,KXETHD-26AUG0317,KXETHD-26AUG0317-T1249.99,"$1,250 or above",2026-08-03T21:00:00Z,greater,1249.99,,0.99,1.0,0.0,0.01,0.0,0.0,0.0,0,0
kalshi,ETH,above,KXETHD-26AUG0317,KXETHD-26AUG0317-T1289.99,"$1,290 or above",2026-08-03T21:00:00Z,greater,1289.99,,0.99,1.0,0.0,0.01,0.0,0.0,0.0,0,0
kalshi,ETH,above,KXETHD-26AUG0317,KXETHD-26AUG0317-T1329.99,"$1,330 or above",2026-08-03T21:00:00Z,greater,1329.99,,0.99,1.0,0.0,0.01,0.0,0.0,0.0,0,0
kalshi,ETH,above,KXETHD-26AUG0317,KXETHD-26AUG0317-T1369.99,"$1,370 or above",2026-08-03T21:00:00Z,greater,1369.99,,0.99,1.0,0.0,0.01,0.0,0.0,0.0,0,0
kalshi,ETH,above,KXETHD-26AUG0317,KXETHD-26AUG0317-T1409.99,"$1,410 or above",2026-08-03T21:00:00Z,greater,1409.99,,0.99,1.0,0.0,0.01,0.0,0.0,0.0,0,0
kalshi,ETH,above,KXETHD-26AUG0317,KXETHD-26AUG0317-T1449.99,"$1,450 or above",2026-08-03T21:00:00Z,greater,1449.99,,0.99,1.0,0.0,0.01,0.0,0.0,0.0,0,0
kalshi,ETH,above,KXETHD-26AUG0317,KXETHD-26AUG0317-T1489.99,"$1,490 or above",2026-08-03T21:00:00Z,greater,1489.99,,0.99,1.0,0.0,0.01,0.0,0.0,0.0,0,0
kalshi,ETH,above,KXETHD-26AUG0317,KXETHD-26AUG0317-T1529.99,"$1,530 or above",2026-08-03T21:00:00Z,greater,1529.99,,0.99,1.0,0.0,0.01,0.0,0.0,0.0,0,0
kalshi,ETH,above,KXETHD-26AUG0317,KXETHD-26AUG0317-T1569.99,"$1,570 or above",2026-08-03T21:00:00Z,greater,1569.99,,0.99,1.0,0.0,0.01,0.0,0.0,0.0,0,0
kalshi,ETH,above,KXETHD-26AUG0317,KXETHD-26AUG0317-T1609.99,"$1,610 or above",2026-08-03T21:00:00Z,greater,1609.99,,0.99,1.0,0.0,0.01,0.0,0.0,0.0,0,0
kalshi,ETH,above,KXETHD-26AUG0317,KXETHD-26AUG0317-T1649.99,"$1,650 or above",2026-08-03T21:00:00Z,greater,1649.99,,0.99,1.0,0.0,0.01,0.0,0.0,0.0,0,0
kalshi,ETH,above,KXETHD-26AUG0317,KXETHD-26AUG0317-T1689.99,"$1,690 or above",2026-08-03T21:00:00Z,greater,1689.99,,0.99,1.0,0.0,0.01,0.0,0.0,0.0,0,0
kalshi,ETH,above,KXETHD-26AUG0317,KXETHD-26AUG0317-T1729.99,"$1,730 or above",2026-08-03T21:00:00Z,greater,1729.99,,0.99,1.0,0.0,0.01,0.99,1019.01,1018.01,0,0
kalshi,ETH,above,KXETHD-26AUG0317,KXETHD-26AUG0317-T1769.99,"$1,770 or above",2026-08-03T21:00:00Z,greater,1769.99,,0.98,1.0,0.0,0.02,0.99,2418.29,1517.8,0,0
kalshi,ETH,above,KXETHD-26AUG0317,KXETHD-26AUG0317-T1809.99,"$1,810 or above",2026-08-03T21:00:00Z,greater,1809.99,,0.98,0.99,0.01,0.02,0.98,11883.48,7035.99,222946.46,454.99
kalshi,ETH,above,KXETHD-26AUG0317,KXETHD-26AUG0317-T1849.99,"$1,850 or above",2026-08-03T21:00:00Z,greater,1849.99,,0.71,0.72,0.28,0.29,0.72,10969.17,5204.85,221265.87000000002,232592.44
kalshi,ETH,above,KXETHD-26AUG0317,KXETHD-26AUG0317-T1889.99,"$1,890 or above",2026-08-03T21:00:00Z,greater,1889.99,,0.08,0.09,0.91,0.92,0.11,19746.82,14164.86,110875.38,226490.45
kalshi,ETH,above,KXETHD-26AUG0317,KXETHD-26AUG0317-T1929.99,"$1,930 or above",2026-08-03T21:00:00Z,greater,1929.99,,0.01,0.02,0.98,0.99,0.01,9641.75,7349.83,0,211760.19999999998
kalshi,ETH,above,KXETHD-26AUG0317,KXETHD-26AUG0317-T1969.99,"$1,970 or above",2026-08-03T21:00:00Z,greater,1969.99,,0.0,0.02,0.98,1.0,0.01,1806.46,1273.44,0,0
kalshi,ETH,above,KXETHD-26AUG0317,KXETHD-26AUG0317-T2009.99,"$2,010 or above",2026-08-03T21:00:00Z,greater,2009.99,,0.0,0.01,0.99,1.0,0.01,500.0,500.0,0,0
kalshi,ETH,above,KXETHD-26AUG0317,KXETHD-26AUG0317-T2049.99,"$2,050 or above",2026-08-03T21:00:00Z,greater,2049.99,,0.0,0.01,0.99,1.0,0.01,1400.0,1400.0,0,0
kalshi,ETH,above,KXETHD-26AUG0317,KXETHD-26AUG0317-T2089.99,"$2,090 or above",2026-08-03T21:00:00Z,greater,2089.99,,0.0,0.01,0.99,1.0,0.0,0.0,0.0,0,0
kalshi,ETH,above,KXETHD-26AUG0317,KXETHD-26AUG0317-T2129.99,"$2,130 or above",2026-08-03T21:00:00Z,greater,2129.99,,0.0,0.01,0.99,1.0,0.01,6.0,6.0,0,0
kalshi,ETH,above,KXETHD-26AUG0317,KXETHD-26AUG0317-T2169.99,"$2,170 or above",2026-08-03T21:00:00Z,greater,2169.99,,0.0,0.01,0.99,1.0,0.0,0.0,0.0,0,0
kalshi,ETH,above,KXETHD-26AUG0317,KXETHD-26AUG0317-T2209.99,"$2,210 or above",2026-08-03T21:00:00Z,greater,2209.99,,0.0,0.01,0.99,1.0,0.0,0.0,0.0,0,0
kalshi,ETH,above,KXETHD-26AUG0317,KXETHD-26AUG0317-T2249.99,"$2,250 or above",2026-08-03T21:00:00Z,greater,2249.99,,0.0,0.01,0.99,1.0,0.0,0.0,0.0,0,0
kalshi,ETH,above,KXETHD-26AUG0317,KXETHD-26AUG0317-T2289.99,"$2,290 or above",2026-08-03T21:00:00Z,greater,2289.99,,0.0,0.01,0.99,1.0,0.0,0.0,0.0,0,0
kalshi,ETH,above,KXETHD-26AUG0317,KXETHD-26AUG0317-T2329.99,"$2,330 or above",2026-08-03T21:00:00Z,greater,2329.99,,0.0,0.01,0.99,1.0,0.0,0.0,0.0,0,0
kalshi,ETH,above,KXETHD-26AUG0317,KXETHD-26AUG0317-T2369.99,"$2,370 or above",2026-08-03T21:00:00Z,greater,2369.99,,0.0,0.01,0.99,1.0,0.0,0.0,0.0,0,0
kalshi,ETH,above,KXETHD-26AUG0317,KXETHD-26AUG0317-T2409.99,"$2,410 or above",2026-08-03T21:00:00Z,greater,2409.99,,0.0,0.01,0.99,1.0,0.0,0.0,0.0,0,0
kalshi,ETH,above,KXETHD-26AUG0317,KXETHD-26AUG0317-T2449.99,"$2,450 or above",2026-08-03T21:00:00Z,greater,2449.99,,0.0,0.01,0.99,1.0,0.0,0.0,0.0,0,0
kalshi,ETH,above,KXETHD-26AUG0317,KXETHD-26AUG0317-T2489.99,"$2,490 or above",2026-08-03T21:00:00Z,greater,2489.99,,0.0,0.01,0.99,1.0,0.0,0.0,0.0,0,0
kalshi,ETH,above,KXETHD-26AUG0317,KXETHD-26AUG0317-T2529.99,"$2,530 or above",2026-08-03T21:00:00Z,greater,2529.99,,0.0,0.01,0.99,1.0,0.0,0.0,0.0,0,0
kalshi,ETH,above,KXETHD-26AUG0317,KXETHD-26AUG0317-T2569.99,"$2,570 or above",2026-08-03T21:00:00Z,greater,2569.99,,0.0,0.01,0.99,1.0,0.0,0.0,0.0,0,0
kalshi,ETH,above,KXETHD-26AUG0317,KXETHD-26AUG0317-T2609.99,"$2,610 or above",2026-08-03T21:00:00Z,greater,2609.99,,0.0,0.01,0.99,1.0,0.0,0.0,0.0,0,0
kalshi,ETH,above,KXETHD-26AUG0717,KXETHD-26AUG0717-T849.99,$850 or above,2026-08-07T21:00:00Z,greater,849.99,,0.99,1.0,0.0,0.01,0.99,202.0,202.0,0,0
kalshi,ETH,above,KXETHD-26AUG0717,KXETHD-26AUG0717-T889.99,$890 or above,2026-08-07T21:00:00Z,greater,889.99,,0.99,1.0,0.0,0.01,0.99,202.0,202.0,0,0
kalshi,ETH,above,KXETHD-26AUG0717,KXETHD-26AUG0717-T929.99,$930 or above,2026-08-07T21:00:00Z,greater,929.99,,0.99,1.0,0.0,0.01,0.99,202.0,202.0,0,0
kalshi,ETH,above,KXETHD-26AUG0717,KXETHD-26AUG0717-T969.99,$970 or above,2026-08-07T21:00:00Z,greater,969.99,,0.99,1.0,0.0,0.01,0.99,202.0,202.0,0,0
kalshi,ETH,above,KXETHD-26AUG0717,KXETHD-26AUG0717-T1009.99,"$1,010 or above",2026-08-07T21:00:00Z,greater,1009.99,,0.99,1.0,0.0,0.01,0.99,202.0,202.0,0,0
kalshi,ETH,above,KXETHD-26AUG0717,KXETHD-26AUG0717-T1049.99,"$1,050 or above",2026-08-07T21:00:00Z,greater,1049.99,,0.99,1.0,0.0,0.01,0.99,202.0,202.0,0,0
kalshi,ETH,above,KXETHD-26AUG0717,KXETHD-26AUG0717-T1089.99,"$1,090 or above",2026-08-07T21:00:00Z,greater,1089.99,,0.99,1.0,0.0,0.01,0.99,202.0,202.0,0,0
kalshi,ETH,above,KXETHD-26AUG0717,KXETHD-26AUG0717-T1129.99,"$1,130 or above",2026-08-07T21:00:00Z,greater,1129.99,,0.99,1.0,0.0,0.01,0.99,203.0,203.0,0,0
kalshi,ETH,above,KXETHD-26AUG0717,KXETHD-26AUG0717-T1169.99,"$1,170 or above",2026-08-07T21:00:00Z,greater,1169.99,,0.99,1.0,0.0,0.01,0.99,203.0,203.0,0,0
kalshi,ETH,above,KXETHD-26AUG0717,KXETHD-26AUG0717-T1209.99,"$1,210 or above",2026-08-07T21:00:00Z,greater,1209.99,,0.99,1.0,0.0,0.01,0.0,0.0,0.0,0,0
kalshi,ETH,above,KXETHD-26AUG0717,KXETHD-26AUG0717-T1249.99,"$1,250 or above",2026-08-07T21:00:00Z,greater,1249.99,,0.99,1.0,0.0,0.01,0.0,0.0,0.0,0,0
kalshi,ETH,above,KXETHD-26AUG0717,KXETHD-26AUG0717-T1289.99,"$1,290 or above",2026-08-07T21:00:00Z,greater,1289.99,,0.99,1.0,0.0,0.01,0.0,0.0,0.0,0,0
kalshi,ETH,above,KXETHD-26AUG0717,KXETHD-26AUG0717-T1329.99,"$1,330 or above",2026-08-07T21:00:00Z,greater,1329.99,,0.99,1.0,0.0,0.01,0.0,0.0,0.0,0,0
kalshi,ETH,above,KXETHD-26AUG0717,KXETHD-26AUG0717-T1369.99,"$1,370 or above",2026-08-07T21:00:00Z,greater,1369.99,,0.99,1.0,0.0,0.01,0.0,0.0,0.0,0,0
kalshi,ETH,above,KXETHD-26AUG0717,KXETHD-26AUG0717-T1409.99,"$1,410 or above",2026-08-07T21:00:00Z,greater,1409.99,,0.99,1.0,0.0,0.01,0.0,0.0,0.0,0,0
kalshi,ETH,above,KXETHD-26AUG0717,KXETHD-26AUG0717-T1449.99,"$1,450 or above",2026-08-07T21:00:00Z,greater,1449.99,,0.99,1.0,0.0,0.01,0.0,0.0,0.0,0,0
kalshi,ETH,above,KXETHD-26AUG0717,KXETHD-26AUG0717-T1489.99,"$1,490 or above",2026-08-07T21:00:00Z,greater,1489.99,,0.99,1.0,0.0,0.01,0.0,0.0,0.0,0,0
kalshi,ETH,above,KXETHD-26AUG0717,KXETHD-26AUG0717-T1529.99,"$1,530 or above",2026-08-07T21:00:00Z,greater,1529.99,,0.99,1.0,0.0,0.01,0.99,204.85,204.85,0,0
kalshi,ETH,above,KXETHD-26AUG0717,KXETHD-26AUG0717-T1569.99,"$1,570 or above",2026-08-07T21:00:00Z,greater,1569.99,,0.98,1.0,0.0,0.02,0.99,747.28,746.28,0,0
kalshi,ETH,above,KXETHD-26AUG0717,KXETHD-26AUG0717-T1609.99,"$1,610 or above",2026-08-07T21:00:00Z,greater,1609.99,,0.97,1.0,0.0,0.03,0.99,528.02,407.6,0,0
kalshi,ETH,above,KXETHD-26AUG0717,KXETHD-26AUG0717-T1649.99,"$1,650 or above",2026-08-07T21:00:00Z,greater,1649.99,,0.95,0.96,0.04,0.05,0.97,192.65,94.49,102762.0,5011.0
kalshi,ETH,above,KXETHD-26AUG0717,KXETHD-26AUG0717-T1689.99,"$1,690 or above",2026-08-07T21:00:00Z,greater,1689.99,,0.92,0.94,0.06,0.08,0.96,183.14,142.62,102713.0,5330.0
kalshi,ETH,above,KXETHD-26AUG0717,KXETHD-26AUG0717-T1729.99,"$1,730 or above",2026-08-07T21:00:00Z,greater,1729.99,,0.9,0.91,0.09,0.1,0.9,520.95,475.54,218064.0,5579.0
kalshi,ETH,above,KXETHD-26AUG0717,KXETHD-26AUG0717-T1769.99,"$1,770 or above",2026-08-07T21:00:00Z,greater,1769.99,,0.83,0.84,0.16,0.17,0.84,404.33,391.4,216527.0,114797.0
kalshi,ETH,above,KXETHD-26AUG0717,KXETHD-26AUG0717-T1809.99,"$1,810 or above",2026-08-07T21:00:00Z,greater,1809.99,,0.7,0.72,0.28,0.3,0.71,1754.21,1129.93,226474.0,227978.0
kalshi,ETH,above,KXETHD-26AUG0717,KXETHD-26AUG0717-T1849.99,"$1,850 or above",2026-08-07T21:00:00Z,greater,1849.99,,0.55,0.57,0.43,0.45,0.56,10572.29,2597.03,225850.15,283702.66
kalshi,ETH,above,KXETHD-26AUG0717,KXETHD-26AUG0717-T1889.99,"$1,890 or above",2026-08-07T21:00:00Z,greater,1889.99,,0.38,0.4,0.6,0.62,0.38,6657.71,2111.79,207755.29,260151.82
kalshi,ETH,above,KXETHD-26AUG0717,KXETHD-26AUG0717-T1929.99,"$1,930 or above",2026-08-07T21:00:00Z,greater,1929.99,,0.24,0.25,0.75,0.76,0.25,3066.41,1713.45,256438.0,245949.22999999998
kalshi,ETH,above,KXETHD-26AUG0717,KXETHD-26AUG0717-T1969.99,"$1,970 or above",2026-08-07T21:00:00Z,greater,1969.99,,0.12,0.14,0.86,0.88,0.19,1315.6,1143.6,16027.0,245897.14
kalshi,ETH,above,KXETHD-26AUG0717,KXETHD-26AUG0717-T2009.99,"$2,010 or above",2026-08-07T21:00:00Z,greater,2009.99,,0.04,0.09,0.91,0.96,0.09,1857.21,1304.91,6500.0,232754.54
kalshi,ETH,above,KXETHD-26AUG0717,KXETHD-26AUG0717-T2049.99,"$2,050 or above",2026-08-07T21:00:00Z,greater,2049.99,,0.03,0.04,0.96,0.97,0.07,162.05,162.05,5003.0,229774.0
kalshi,ETH,above,KXETHD-26AUG0717,KXETHD-26AUG0717-T2089.99,"$2,090 or above",2026-08-07T21:00:00Z,greater,2089.99,,0.0,0.04,0.96,1.0,0.03,1019.87,894.85,0,0
kalshi,ETH,above,KXETHD-26AUG0717,KXETHD-26AUG0717-T2129.99,"$2,130 or above",2026-08-07T21:00:00Z,greater,2129.99,,0.0,0.02,0.98,1.0,0.03,1101.62,1101.62,0,0
kalshi,ETH,above,KXETHD-26AUG0717,KXETHD-26AUG0717-T2169.99,"$2,170 or above",2026-08-07T21:00:00Z,greater,2169.99,,0.0,0.02,0.98,1.0,0.02,612.9,612.9,0,0
kalshi,ETH,above,KXETHD-26AUG0717,KXETHD-26AUG0717-T2209.99,"$2,210 or above",2026-08-07T21:00:00Z,greater,2209.99,,0.0,0.02,0.98,1.0,0.02,233.95,233.95,0,0
kalshi,ETH,above,KXETHD-26AUG0717,KXETHD-26AUG0717-T2249.99,"$2,250 or above",2026-08-07T21:00:00Z,greater,2249.99,,0.0,0.01,0.99,1.0,0.0,0.0,0.0,0,0
kalshi,ETH,above,KXETHD-26AUG0717,KXETHD-26AUG0717-T2289.99,"$2,290 or above",2026-08-07T21:00:00Z,greater,2289.99,,0.0,0.01,0.99,1.0,0.0,0.0,0.0,0,0
kalshi,ETH,above,KXETHD-26AUG0717,KXETHD-26AUG0717-T2329.99,"$2,330 or above",2026-08-07T21:00:00Z,greater,2329.99,,0.0,0.01,0.99,1.0,0.01,93.51,93.51,0,0
kalshi,ETH,above,KXETHD-26AUG0717,KXETHD-26AUG0717-T2369.99,"$2,370 or above",2026-08-07T21:00:00Z,greater,2369.99,,0.0,0.01,0.99,1.0,0.0,0.0,0.0,0,0
kalshi,ETH,above,KXETHD-26AUG0717,KXETHD-26AUG0717-T2409.99,"$2,410 or above",2026-08-07T21:00:00Z,greater,2409.99,,0.0,0.01,0.99,1.0,0.0,0.0,0.0,0,0
kalshi,ETH,above,KXETHD-26AUG0717,KXETHD-26AUG0717-T2449.99,"$2,450 or above",2026-08-07T21:00:00Z,greater,2449.99,,0.0,0.01,0.99,1.0,0.0,0.0,0.0,0,0
kalshi,ETH,above,KXETHD-26AUG0717,KXETHD-26AUG0717-T2489.99,"$2,490 or above",2026-08-07T21:00:00Z,greater,2489.99,,0.0,0.01,0.99,1.0,0.0,0.0,0.0,0,0
kalshi,ETH,above,KXETHD-26AUG0717,KXETHD-26AUG0717-T2529.99,"$2,530 or above",2026-08-07T21:00:00Z,greater,2529.99,,0.0,0.01,0.99,1.0,0.0,0.0,0.0,0,0
kalshi,ETH,above,KXETHD-26AUG0717,KXETHD-26AUG0717-T2569.99,"$2,570 or above",2026-08-07T21:00:00Z,greater,2569.99,,0.0,0.01,0.99,1.0,0.0,0.0,0.0,0,0
kalshi,ETH,above,KXETHD-26AUG0717,KXETHD-26AUG0717-T2609.99,"$2,610 or above",2026-08-07T21:00:00Z,greater,2609.99,,0.0,0.01,0.99,1.0,0.0,0.0,0.0,0,0
kalshi,ETH,above,KXETHD-26AUG0717,KXETHD-26AUG0717-T2649.99,"$2,650 or above",2026-08-07T21:00:00Z,greater,2649.99,,0.0,0.01,0.99,1.0,0.0,0.0,0.0,0,0
kalshi,ETH,above,KXETHD-26AUG0717,KXETHD-26AUG0717-T2689.99,"$2,690 or above",2026-08-07T21:00:00Z,greater,2689.99,,0.0,0.01,0.99,1.0,0.0,0.0,0.0,0,0
kalshi,ETH,above,KXETHD-26AUG0717,KXETHD-26AUG0717-T2729.99,"$2,730 or above",2026-08-07T21:00:00Z,greater,2729.99,,0.0,0.01,0.99,1.0,0.0,0.0,0.0,0,0
kalshi,ETH,above,KXETHD-26AUG0717,KXETHD-26AUG0717-T2769.99,"$2,770 or above",2026-08-07T21:00:00Z,greater,2769.99,,0.0,0.01,0.99,1.0,0.0,0.0,0.0,0,0
kalshi,ETH,above,KXETHD-26AUG0717,KXETHD-26AUG0717-T2809.99,"$2,810 or above",2026-08-07T21:00:00Z,greater,2809.99,,0.0,0.01,0.99,1.0,0.0,0.0,0.0,0,0
